row_id,cluster,PC1,PC2
0,1,0.5089316452322008,-1.3102836885211655
1,6,-2.388674035005989,-1.164866082653708
2,8,1.1259677545828362,0.5237502341095357
3,19,0.6528982600761077,-1.3033507092048335
4,11,2.237242572375024,0.5429858043077607
5,5,0.20665534757511195,-0.19861095780018995
6,14,0.31672309464153664,0.9056585711001804
7,19,0.4241066898481013,-0.03055073072190535
8,9,-0.7000418426982276,-0.28535683313263
9,17,1.7828434441063756,-1.0440537358965045
10,2,-1.5682255344814362,0.08400624984703375
11,16,-1.0572747943999115,0.3680649971925165
12,10,-1.326411605838437,1.3239175479279937
13,4,-0.514851114719033,-0.308738959327626
14,10,-0.8661049177278919,1.4814669181403124
15,14,0.045764548696266005,-1.1241946067277457
16,8,-0.30004345277797284,0.6293656715805626
17,11,0.7358492889962865,0.9023191199882241
18,10,-0.8121024414545402,1.1493897689607708
19,15,0.45421348220866004,-0.17769208639073492
20,10,-0.2881138370011739,1.1211852922716863
21,11,1.103346520356002,0.19643267749436616
22,2,-0.1561266808520157,-0.8543396305236317
23,14,0.8780109638688272,-0.35601997718697265
24,10,-0.6063799337600965,1.3693040464685284
25,18,-0.7294176560093145,1.9345229723325825
26,13,-0.8435766985936353,-1.9018432905004565
27,17,-0.056092559853389415,-0.8903527967586844
28,5,0.7956421352309871,0.9616067880197453
29,15,0.1902063179608597,0.17854399660063808
30,5,0.7726659721265328,0.7948214298405564
31,4,-0.47967987110059157,0.5584527183313611
32,2,0.28720979151635706,0.2033448890277627
33,10,-1.1304581090536474,1.8569784576380752
34,1,-0.08215956902944559,-1.2875869339029655
35,10,0.18985896078016198,0.459601918807775
36,11,2.2823144056366327,0.009853772744011311
37,5,0.31123701453529046,-0.058735301663221696
38,19,1.3419819478569164,0.9863015881186027
39,1,0.9072308015679418,-1.5846939052927833
40,5,-0.014709136233071048,0.7533710246697303
41,19,2.2039086184827705,1.6310801427914667
42,11,1.7402428469079587,1.196444420802389
43,15,-0.10986414936788959,-1.0286278164973925
44,5,0.5742940335223682,0.5821354021556954
45,9,-1.431205619666645,0.2694659640326395
46,13,-0.36312853024145997,-1.8094567067074268
47,17,-0.3886791329413359,-1.301029748404805
48,10,0.48714273042608586,1.9065501463022054
49,15,-0.26983517020067493,-0.5025821856563327
50,18,-0.6551376492303093,1.1566022887399383
51,1,1.4833232833966603,-0.36704513448135284
52,1,1.3480674276167133,-0.4895491879326898
53,3,-0.2988881538400857,-0.3646435252689315
54,3,0.13414722458412684,-0.4700526001400651
55,14,-0.4839612827179254,-0.2073615875605683
56,1,1.254168735684733,-1.3576727616419748
57,11,1.2102248818408865,0.35195355997764877
58,9,-0.1656129961771181,-0.5971313868912695
59,12,1.2477085128971686,-0.3542002295922
60,17,-0.41781619262657477,-0.5884317861642245
61,0,-2.0378242943069163,1.2859438680946627
62,9,-0.35887545720529995,-1.4359131114188846
63,18,-0.5501948886301542,1.2472485284577148
64,2,-1.4604497267896128,-0.2702166626011064
65,2,0.28427609044194435,0.22989790485551997
66,17,1.4363092124804746,-1.0572422704698532
67,12,-0.14728027947624442,-1.372256441314344
68,12,1.3162105714290597,-1.4861470837730837
69,3,0.04582429841292679,-1.0168156851868293
70,14,1.3783890303874122,-0.9604923422169536
71,4,-0.7178347508869904,0.47829959241806597
72,16,-0.7620080658598308,-2.5454919675171883
73,11,0.9887630431037495,2.8596091295942574
74,2,-1.1546681342454528,0.619466555529002
75,0,-2.649919430265028,-0.5676451344988661
76,18,-1.0404156421594672,1.3705722640003877
77,12,0.8854816375762478,-1.0312839638335782
78,5,1.0241380942037537,1.7091575616800467
79,19,-0.7350793062021367,2.1864191658119196
80,11,2.766428878791884,1.2922475781794585
81,13,-0.45737426877225434,-2.2993567525782805
82,18,-0.42800623613408745,1.4717280482962496
83,17,-0.0416020314395342,-1.6413179562111018
84,17,1.4990613124927734,-0.5224273547777807
85,5,-0.3546864463884681,1.20954015537307
86,2,-0.11825457860115941,-0.13311218512793715
87,13,-0.16493068823440551,-1.6001106675470647
88,15,-0.37781351211634795,-0.0560008617339833
89,10,-0.8279216701394091,1.773064609775305
90,9,-1.3081298805767942,-0.39887216637512657
91,17,0.21492243905391029,-0.6773257866239144
92,3,0.5799486902672312,0.17685710694828732
93,0,-1.633689598166956,1.3773612597551668
94,5,-0.7655313294682566,0.12490503907873746
95,6,-0.9531310143787992,-1.1384418712356825
96,12,0.3391917753333343,-0.7673960372594435
97,16,-0.15876231934802068,-0.49092499293310854
98,3,-0.8049173724947448,-0.11886289583457404
99,11,1.5839091570143076,0.562034881834094
100,5,0.5548562438726647,0.06716728415147519
101,15,1.3945255072656668,0.25964084454953834
102,13,0.6225496948230568,-2.2352092567545463
103,11,0.6264719757857804,2.565676373929372
104,13,-1.4292723911993224,-1.6530739631136993
105,13,-2.004834911835869,-1.1954902824212286
106,19,0.808377914162343,-0.4066761547853593
107,3,0.971497453215354,0.9048468670980827
108,13,-0.8246262908422654,-1.6091159457348003
109,15,1.2890673567740196,-0.7390019408483239
110,17,0.4044658870039955,-0.5934341801430909
111,8,1.9869777830000492,1.6468279334751494
112,1,0.3411938984926567,-1.5219514840255668
113,2,-0.3586265951883399,-0.25387646771309175
114,2,-0.7496366101645534,0.32214347243317787
115,17,1.4250712613611716,-0.4055184615023121
116,11,2.749593000318713,0.09562744597614223
117,7,0.5027540640492163,0.8399057807246996
118,14,-0.07292397983606684,0.44693487444203583
119,16,-0.5481954483500354,-1.398493681243375
120,18,-0.8747243013133197,1.9296499763978652
121,9,-1.4861647310808894,-1.1968742256887113
122,4,-2.2757985015061895,-0.6051699901828926
123,3,0.7505353622840147,0.5555019963661807
124,5,0.587444082746442,0.4530962885630562
125,5,1.3797321847591177,0.7639080423647241
126,13,-0.8634687840434159,-1.1806209824119143
127,15,0.04922189327145293,-0.13835844894175373
128,18,-0.25739914422910376,2.611152192725596
129,7,1.7810917478560886,1.3572768209172925
130,1,0.8980896037555732,-2.277301073521188
131,2,0.06395704772570895,1.1266846488319715
132,13,-0.2757868981241812,-1.3850515726146975
133,18,-0.18458751114683172,1.3467985508094131
134,18,-0.17397297663774425,1.3840285340217995
135,0,-1.6800106688985637,0.058878344673150715
136,12,1.5507527735948101,-0.570997234448921
137,11,0.9191133229193318,1.9381759876671931
138,12,0.9201907593392349,-0.6381624408280303
139,5,0.7820779945932965,1.424882530292122
140,7,0.9997716426684133,1.048212181334671
141,10,-0.28408078463118963,0.6558521774180653
142,16,-0.8112900047117134,-0.5683347512820811
143,5,-0.20228218113259297,-0.06995557958530446
144,11,1.1231525729250966,1.9998685081917948
145,10,0.5284998569926661,1.373925968853683
146,10,-0.5455937179310736,0.39538986718207325
147,18,-0.6910907254792849,1.1702129858793553
148,13,-0.9455689266450807,-1.204510876781984
149,2,-0.8027137466775772,-0.3891570962795289
150,11,0.9803793833718926,1.2526297882733302
151,2,-1.4255930561186128,-0.12261279820699664
152,16,-1.2678162827060067,-1.0206885037065756
153,5,0.13401175780416105,1.1017082296591583
154,9,-1.302461130437951,-0.6433557718098861
155,17,0.24952308089443284,-0.29967180966979484
156,17,0.5957640888040899,-0.11729393045335294
157,3,0.3381619757460518,-0.9351611289388266
158,18,-0.1270591041140872,0.6362888827682118
159,9,-0.38106785183260344,-0.8886776123647986
160,2,-0.6601642184890151,-0.6207373709594287
161,7,0.8596115762323515,0.4268325881551031
162,18,-0.7950021808484609,1.8107205497832854
163,3,0.016436895556305557,0.9848153670657972
164,16,-1.0123158393197704,-1.857543374003526
165,16,-0.6256512462743368,0.3049642770922071
166,8,1.2668705862032072,0.6735180226208183
167,3,-0.5141408254985352,-0.5361979120690127
168,19,0.895225669637434,0.808903222987417
169,13,-1.6220955349375359,-1.4143046300769089
170,14,0.1746125293234879,-0.6388251098961896
171,17,0.5517887545293166,-1.4864028632305337
172,4,0.24873245697410423,0.4580181724970718
173,2,-0.5753455992656773,-1.2741004961655373
174,17,0.7740442327949869,-0.3966526444762296
175,13,-0.5055165243175312,-1.645108539747136
176,15,-1.148778135175055,-0.38589600513687744
177,1,2.1785824185351683,-1.0169206566653644
178,18,-1.6382072702678006,1.377948260658217
179,19,1.0642288636660677,0.8063019917043415
180,4,-0.6598714552300176,0.6855741341891888
181,11,0.5899565400735239,1.5217594038201212
182,17,0.9462993565450536,0.4663982106598798
183,11,1.3772357975669849,0.4754451311536269
184,7,0.6400066042850034,0.7575461402948505
185,6,-0.0007684094351978291,0.04279155595314517
186,17,1.412899490524592,-0.021304983969206555
187,19,0.19705737691845412,-0.5370674450120082
188,8,1.5633713375866745,0.9215354294955888
189,15,0.06395306383765814,-0.5869168938317161
190,3,0.48205909357316334,-0.06784637707557524
191,2,-0.33798379175542315,1.0963289673303156
192,14,-0.13163946660950365,0.4233751258948554
193,0,-2.59592581083576,0.03942103650612724
194,14,0.93932215316067,-0.9310213311812776
195,11,1.5928083633864671,0.8326625110069659
196,7,0.686043883046759,0.4141899594244227
197,3,0.027679605688093162,0.059409173003146167
198,18,-0.031103423356266036,0.5998547466923926
199,0,-1.3401471869334116,1.4066998326858327
200,5,0.40042179333880806,-0.3785441396196466
201,14,-0.18327097725144476,0.16770737814569794
202,17,0.4102257660289181,-0.2596579204559537
203,2,0.03146623320518499,-0.3383967171621335
204,11,1.3139735205739833,0.6723808744389342
205,10,0.1310641927545537,0.6358378057088766
206,3,-1.2752186038178932,-0.022743537925070112
207,3,0.11978281198781593,-0.0712045175630901
208,2,-1.1752272446282575,-0.856784876797869
209,14,0.42356214974285983,-1.3427799965472387
210,0,-2.266549006967792,1.260730378809032
211,0,-1.906202711446282,-0.25015118755951676
212,15,-0.5435591372379122,-0.9022838646050134
213,19,0.14794624485797295,1.3312697222653522
214,1,0.5077026294522522,-0.821005352263849
215,14,-0.60154008493896,0.30036105359209087
216,9,-0.1961270335444325,-0.2312265149833021
217,5,0.6341385148602117,0.3018514345376039
218,9,-0.31140189705287635,-1.9988897278415894
219,6,-0.6793544699655006,-0.09426415644115392
220,17,1.2239955322075777,0.03109521278455598
221,9,-0.7408802118693766,-0.5255625528254891
222,18,-0.785851523977672,1.1434783189713935
223,0,-0.7343850211766547,0.9597686966793578
224,12,0.5402814088139323,-0.53705425798006
225,5,-0.1764366193514102,1.5571325394836106
226,15,0.6953566199147633,-0.6299732242474596
227,7,1.306859792518543,0.44295965334139376
228,10,0.4592800889171053,0.9444295896034917
229,8,-1.1411354046871827,1.856582231052577
230,6,-0.9857092584661442,-0.8492820283849326
231,1,1.5308959389415395,-0.7671960839839786
232,11,0.806300394556829,0.5856144498245183
233,2,-0.4153457944923756,-0.9657852550592014
234,19,-0.11423289879022165,0.6003946528643651
235,11,1.6194703933735008,1.7202168380153766
236,4,-1.4446398097352209,0.6681507548533876
237,10,-1.2437421398509099,1.7302406364740692
238,18,-0.7334816337030378,1.4234207372403858
239,0,-2.1487585197801606,0.44915140426307004
240,19,-0.4533356350443139,0.006590806362641012
241,14,0.5539062483903608,0.3723771979253592
242,10,-0.5918624335866444,0.9487015223011782
243,12,1.29495293876492,-1.1194275592548515
244,0,-1.031415099034223,0.1542658646600465
245,3,-0.29786157542228775,-0.26200909277698337
246,10,0.6933443716235113,0.5616232518007648
247,3,-0.33661204445766446,0.10358576677427095
248,0,-1.442328166272847,-0.08083565936630058
249,5,0.6987295420320229,2.2587319502084573
250,4,-0.7838221309113117,1.1880380308680143
251,16,0.8613064231324143,-1.4514083176013801
252,19,0.3981333573782861,-0.6791747989224807
253,16,-0.3490432369633658,-0.09439385984180827
254,10,-1.1678548373642657,0.4775633463913835
255,3,0.06637508864904865,0.461749576598836
256,1,0.2790239869326264,-1.59363584962703
257,13,-0.6377928641105638,-2.425236568790976
258,10,-0.7709999043629413,0.5563382817977396
259,10,-0.18861136824674107,0.47605749875472686
260,13,-1.1510284236354056,-1.6414927780716602
261,1,0.6619933683030693,-1.0914674537929714
262,10,-1.1696181997359807,1.238457143720627
263,9,-1.9642182717002035,-0.9027914915468046
264,3,0.8469230969834776,0.6690783507011167
265,11,2.4483170379357433,0.2437748443984253
266,15,0.029589373658491264,-0.25425519662950175
267,4,-0.7095085443772792,-0.2144833297799917
268,15,1.6615464153923885,0.48245915081107343
269,9,-0.5625267270928396,0.15941436338580892
270,19,1.3858789697135978,0.9388308205952638
271,16,-0.05712059457887816,-1.2554857170611566
272,10,0.49377283474206585,0.6930849448214226
273,17,0.15659818385238153,-0.6021172627482134
274,6,-0.48489750154019656,-0.3259149003986288
275,13,-0.458018761278809,-1.4025185773128106
276,1,1.671395554743884,-0.6349508044603354
277,2,-0.7972502400674947,0.0021671763549108818
278,13,-0.44980164133740463,-1.7799566926778865
279,12,1.4033466886604666,-0.6460217984847471
280,0,-1.6880251747132706,0.5475274349113678
281,11,2.416637839768699,0.7909560978709083
282,6,-0.47006755671995787,0.1459746567412939
283,18,-0.12618980892805215,0.8856283963718804
284,19,0.4429935727951926,0.4322469120916981
285,2,-0.7779343578970707,-0.5878577776424542
286,7,0.567853811625737,0.2304990011328414
287,5,0.6148107875159792,-0.4022011940559106
288,17,0.4944511459188307,-0.005598273274186914
289,11,1.9034000343342157,0.6537462856569389
290,14,0.0874420239069135,0.3589132185962405
291,0,-1.107888138523322,1.8390715450002395
292,0,-1.330667857790919,1.1527558105690936
293,5,-0.039114603358422526,3.1293914010450146
294,1,0.5911953100609681,-1.1818561862322852
295,13,-0.8647305208648859,-1.5726635015699555
296,11,1.6452096759476964,1.6969228417486308
297,7,1.442792987922247,1.158696911396378
298,7,0.3726695931026157,0.9462131373739785
299,10,-0.5727832062635861,1.3918576479117917
300,10,0.16672792236796435,0.7686530566895913
301,5,1.2747878220612117,1.3744810866610473
302,19,0.45408005834489346,-0.863786202087799
303,10,-0.7149381544447716,0.8569022419913878
304,5,0.9541802760006194,1.4356427667134026
305,3,-0.2461070321471491,1.664041081224435
306,4,-1.2672691880428444,0.4867603878601462
307,12,1.2942300382538272,-0.46262457066781215
308,18,-0.16152732944012943,1.5500569251159049
309,9,-0.09677696093910561,-1.2546868686086994
310,15,-0.17966802089819672,0.5539992645700982
311,1,0.14136548166610144,-0.05786664579178952
312,1,1.2480416526818474,-2.3154311064419315
313,19,0.6225255256200023,0.1446189674764852
314,0,-0.8297430715681922,0.39847380738071553
315,15,0.030766921986615008,-1.273491239626306
316,1,2.6711263358584576,-0.8158407217289569
317,19,1.3656177521171677,3.343920663010263
318,3,0.6919971458817361,-0.5989521995956366
319,10,0.06401157686967592,0.30353969061751385
320,4,-1.0170844720489296,-0.32616101539761194
321,18,-1.1543567680815843,0.9613696840838168
322,16,-0.3324368396432663,-0.5939345916144079
323,18,-0.6282496531051854,2.3713774571177693
324,15,-0.9017219514755107,0.8009900253734983
325,16,0.6842651589500655,-1.1752400666342693
326,0,-1.6541316562668211,1.2808531455493697
327,10,-0.02509461606514063,0.8931556297749608
328,17,-0.011857754100610242,-0.7623135852457037
329,7,0.8709138220603085,1.9219456610323653
330,7,0.4195706434908724,0.8859108656222984
331,10,-0.2666177738149824,1.133931972435071
332,19,0.6908604778119252,0.0461769719539869
333,8,-0.008437444008239552,0.6757807966408007
334,18,-0.3533980613398398,2.357498547813694
335,5,0.713272839603955,1.6126299933868515
336,11,0.8813984165210558,1.3761630108951026
337,10,-1.3238128278212733,1.3330652334371564
338,9,0.28974805590517333,-0.9927201863777629
339,6,0.2987139763944972,-0.7626882464525
340,7,1.1124342519315897,-0.7032984055846748
341,15,-0.3673296404578824,-1.5299484567001522
342,18,-0.7780787494779107,1.005444443599699
343,13,-1.0114316894155388,-2.5846619616971
344,18,-1.3070519133012426,1.59262271343941
345,1,1.0125519618365224,0.10940440459392668
346,0,-2.0351825419467326,0.5199935648823282
347,18,-1.1819084194132996,2.8444567768555116
348,11,1.2338564406293828,1.479233108748243
349,5,0.5808359731668155,1.4040309721068707
350,16,-0.3588872699745336,-1.7542794766753438
351,18,-0.8562128934434152,1.417132038106763
352,4,-1.5487451699651238,-1.0271398715545037
353,3,0.6759988696556873,-0.7035365427262702
354,14,0.1899041444333229,-0.1393726509609132
355,11,1.3006615133174781,1.409130130292041
356,13,-0.3189507687392196,-1.0658523683877548
357,4,-1.3129734565786417,1.0233091772937581
358,7,0.05763434975733711,0.4313893063229971
359,0,-1.3531883226814039,1.983222009784009
360,1,1.153552661223458,-0.008965788534599837
361,14,0.7715987779994378,-1.0416299188684874
362,15,-0.577176228718307,0.09523017905816818
363,2,0.5579226202976875,0.07962169343020761
364,4,-1.518864945686238,0.40398918239470716
365,11,1.7252424267983815,0.06627241050168022
366,11,2.3005231654162697,1.0500241362477953
367,10,0.5964533120555282,2.3851530820570197
368,13,-1.6554840705675564,-1.5127135530078586
369,7,0.5249601060698192,1.674383722670131
370,17,-0.028378447017891217,-1.2409425399668157
371,0,-2.8166820717724836,-0.048159467459107874
372,7,2.052647070899711,0.9515437728568897
373,3,0.5224195483365782,-0.8649800411759788
374,5,-0.047054945720772054,-0.012419701071849308
375,8,-0.282162610976772,0.352989186611981
376,14,1.4011655833803445,0.31589944525736213
377,4,-0.9065202004707863,0.7862805898039193
378,9,-0.46520343263391156,0.152232108400259
379,0,-1.7283612096185705,-0.8850101145815557
380,17,0.5293962293239232,-1.6036056639878318
381,1,1.3072608861590966,-0.6790056377033167
382,8,1.1947502720865841,-0.5798803157447989
383,7,0.8773906237190805,0.5203305280012026
384,5,0.35204600445490636,-0.020313189679915432
385,9,0.23514826371363062,-0.26133595700473766
386,19,1.118220647234998,-0.7867687116440953
387,15,0.34495826307812355,-0.20401839628438326
388,9,-0.5369626086294584,-1.8831132977976761
389,18,-0.4006048717110447,3.0314796082278
390,6,-1.569074443081537,-1.182059367162509
391,12,1.0952645442506597,-0.5833806774545187
392,0,-2.3978942622922617,0.254685910953743
393,15,1.137420588521575,0.2527527379167722
394,15,-0.22167150360930493,-1.0319379971826874
395,14,1.5916487933053665,-0.32695365172000745
396,19,-0.251471402393724,0.49685577425744326
397,4,-1.7364639895834455,-0.36851873990957745
398,13,-1.5727029412610578,-1.682522620287841
399,12,1.2128999697092413,-1.128718862985989
400,19,-0.0017690353380252087,1.100969215934756
401,6,-0.8340286395082028,0.10000864635537886
402,9,0.1184533094130491,0.22965611167616126
403,17,0.9473816049003478,-0.7705358791784367
404,8,0.5298926728483082,0.045933111353722716
405,1,0.6082545333884395,-1.5384575860761618
406,9,-0.35485533836110955,-0.5894490158957639
407,5,0.2666494965710449,0.9777632021321481
408,17,0.2844084417856343,-0.8361456617085452
409,5,1.1284621406205768,0.9370904574492424
410,11,1.5005964945556247,1.4800573761520304
411,14,0.11799062220203502,0.23714340394881936
412,4,-2.027492713912312,-0.36996210340994323
413,4,-0.8017716773040023,-0.034991378304046444
414,2,0.8409930497040051,-0.3177881963295911
415,15,-0.2706067213827874,-1.2301150938825622
416,19,0.9015353736842109,0.7089136208198573
417,8,1.0555504801805033,-0.3704090347923233
418,5,0.6293506266687592,0.20683178652353013
419,17,1.5484964004806112,-0.31768244282927705
420,18,-0.1888429905448391,0.8570717640783868
421,6,-0.8295605322055977,0.2261174759070556
422,6,-0.7454402548319249,-0.1359686799749236
423,10,-0.1342063565080011,0.477837154250226
424,15,-0.165323202297578,-0.00887615788022869
425,6,-1.2291659220955398,-0.27421537859197365
426,4,-1.27986199751521,0.8745409296676854
427,17,0.7978969213786518,-0.6280111103182344
428,7,1.1348870738644161,0.42527999764449437
429,0,-1.4368407882425285,0.14520889169347145
430,2,-0.11988954565686663,0.4351717803811252
431,18,0.15499619397755118,1.2610084369669372
432,17,1.0301220573779721,-0.9947323446616165
433,8,1.7296131595366744,0.6634356481256346
434,17,0.9913642014008408,-0.6910562727028753
435,11,0.6257807703148757,2.446265946391559
436,17,-0.008914742004735661,0.10840006467249896
437,11,1.9100600334742335,0.4399156424142524
438,7,1.2216464825856013,-0.02261259382972626
439,5,1.4099156758691407,1.5906816906766006
440,10,-1.2411732433561231,0.7413713769998443
441,11,1.2946342315046397,1.1769680065540284
442,12,0.4267573190126374,-0.6586353591071086
443,0,-0.7454946315381348,-0.3778712240467786
444,7,0.1849407497484055,0.659816455433772
445,4,-0.8465355624020138,0.5053881628299601
446,12,1.7703885900121077,-1.3575905002446895
447,6,0.1461697461006942,-0.2419640655850522
448,3,-0.06568979444889086,-0.910652499694734
449,15,0.07050860522487011,0.9790618463583222
450,3,0.529551985720622,0.7303401766808229
451,0,-2.1390460491470966,0.5816808956585167
452,0,-1.749158903874866,-0.1262617401183245
453,12,2.2270889804114993,-1.8081598216377766
454,9,-1.4147256760755587,-1.1468191621122417
455,6,0.5577814931041285,-1.5635268536294529
456,19,0.46424150799412395,1.5583306247544926
457,9,-0.7760775323173066,0.48054970671676017
458,13,-1.7818976313330557,-0.6966913105540814
459,10,0.34046923138165547,1.1200590851767227
460,4,-0.9708168795768594,0.07728517426548467
461,0,-1.6199785756687883,-0.016964599570472097
462,12,1.2841353916384415,-0.18109205566914857
463,12,0.9774820970345637,-1.388523083827429
464,2,-0.6553212605741136,0.961120020400238
465,13,-0.9385457739899054,-0.8228753954970299
466,6,-0.7066592151000567,0.5709545669723606
467,9,-0.5268431426737491,-0.27749480830650264
468,6,-0.8353808010867514,-0.37125897830745697
469,5,0.4231188951416421,0.5696597085568976
470,4,-0.8165777699756019,-0.35742060246212676
471,0,-1.140626329622691,-0.003183173688722617
472,17,-0.2222231558768236,-0.37400717372629894
473,0,-1.8987416203878693,0.7515350147167792
474,12,1.4844572290016917,-0.3654712242771307
475,12,1.0670909853167327,-0.24494882517124103
476,1,1.962368619769093,-0.5669592205704778
477,4,-0.8033205950165118,0.599779639557666
478,7,1.5242534842087372,0.45051962128117945
479,0,-1.0915415905523695,0.4347707284943256
480,5,0.06703148625623452,0.8059975789178341
481,19,0.350383197998437,-0.048857801816124174
482,7,1.5636441099576446,1.2480856571450443
483,6,0.1281340741338902,0.1921697138392357
484,11,1.19068540898498,0.2017359937838661
485,13,-1.3869590899888076,-1.602691161966405
486,12,0.5527835864034096,-1.196333352231687
487,9,-0.19254687866540257,-0.22639034564802651
488,15,0.6972834558018618,-0.049165441001214595
489,0,-2.42850810041754,0.3527050043245655
490,9,-0.7153643889296829,-0.9177307713371485
491,6,-0.5636949201978394,0.3444179556325216
492,12,0.7961977418473691,-1.9795837736794346
493,10,-1.014077852483614,1.0591730319719832
494,2,-1.1004837576655808,-0.9698928924575765
495,6,-0.9717078459972815,-0.7636666694805474
496,1,0.20535563015697328,-1.2331799477280985
497,0,-1.8510416861419376,1.064724307551864
498,6,-0.5050181446609636,-0.023466857628426985
499,5,0.35070786403824467,1.4800107775308493
500,13,-0.42498389409587545,-1.5398756736315067
501,15,1.0907959051933946,0.7244221923783166
502,1,1.0810250063868165,0.1301604975603909
503,5,0.29308459825408456,0.6048772475555144
504,2,-0.4350436409490642,0.9675564607049912
505,11,1.1402087855624299,0.6224699037859978
506,15,0.6266721508514866,-0.5853727813452444
507,12,0.5576084368815842,-1.4807238287674054
508,19,1.1217141743152985,-0.3128612845623938
509,10,0.16082600705261516,2.013294314593937
510,5,0.9025717492279612,0.7130738178176058
511,6,-0.9887950972669042,0.08269214403379571
512,3,0.5984200871217413,0.6022059005527405
513,16,0.924203807731083,-1.7589668299386974
514,18,-0.5633450536755275,1.4557903692484357
515,10,-0.23935148167695758,1.0122358030537209
516,13,-0.589949911969342,-2.364018616706666
517,12,1.4596128260966161,0.30816758296295954
518,15,-0.7203012082894253,-0.6900569527171502
519,8,1.8474041494583067,1.0794266857547226
520,1,1.3345477009240532,-0.43440402531211275
521,10,-0.5050269946776736,1.705349687002043
522,19,0.23780116910462454,0.2138707838488289
523,2,0.06267075840937993,-0.05556152303546056
524,3,-0.08633167630071109,-0.0006507705044235503
525,12,0.8020238374113986,-1.6395147958152523
526,14,0.795694135780397,-0.4855342816073532
527,5,1.0015824896612622,0.1832077963536781
528,17,1.4172925588071676,-1.465334624230141
529,1,0.9222580501511668,-1.5118336337464724
530,13,-1.1697415277537035,-0.8745198744627236
531,11,0.8071230702242452,1.3171111575928176
532,18,-0.01372567264655192,0.9786340383913005
533,11,2.455348847233122,-0.13583478604568755
534,11,2.145866422854913,1.0418427176148095
535,12,0.8112530524794352,-1.4706606479110995
536,11,2.0260078659730456,0.4881045690209631
537,0,-0.8024307917715852,0.7242209818919988
538,12,-0.05185850370291997,-1.6554512313923726
539,13,-0.5745733153260422,-2.00657821892019
540,3,0.03385568628823041,-0.13123060483644552
541,2,-1.0780445445520939,-0.4144982923039059
542,2,-1.077679581402291,0.4326999809964739
543,8,1.403795779293532,1.0633866897133986
544,2,-1.801453920819221,0.8320212394968781
545,9,-0.16994724199459416,-0.9145960909513435
546,9,-0.8503192696618285,0.10570385599611615
547,14,0.708862621919957,-0.3319774914639642
548,14,0.3158557208498292,-0.48348780360671034
549,11,2.689374500034678,1.0493492402294318
550,18,-0.6370401555739508,1.1356707978918457
551,10,0.46247148509375696,1.045917666053678
552,9,-0.07903847042820554,-0.8665957592732174
553,15,-0.20024789814555055,0.883650207789702
554,13,-0.6057276956285083,-1.5091631468481508
555,12,0.3962551963620147,-1.3198521652465252
556,7,0.6964856777219406,0.974395233563538
557,4,-2.258280624934838,0.4039427353823147
558,17,0.23620790900545827,-2.2275002031774753
559,14,0.5038870011659994,0.5050492824417054
560,18,-0.8354690765738113,1.9348119038968727
561,19,0.8243251007800523,1.8737387700833843
562,14,0.8442661299107443,0.4459354623314625
563,19,1.192136914378358,-0.37315753071470353
564,15,0.5644466278947058,-0.5147197953536324
565,2,-1.015100974611969,-0.8034682262383055
566,14,1.05067969186881,-0.27870849912518525
567,14,0.136002914007081,0.5424005642999642
568,7,1.6250866247533395,0.13202505583873264
569,3,0.42938565320836525,1.5217068774854567
570,2,-0.08373006312549029,1.3906434730335522
571,15,-1.0291156459564714,-0.13915028945442956
572,2,0.20227589413811298,1.3869799998480972
573,3,0.13234411012581368,-0.8011192166327414
574,18,0.0747744611367557,2.2792163317301983
575,12,0.8439740383220158,0.1553428556599714
576,9,-1.1055980136517651,-1.6838096893598693
577,7,0.13356576761872577,0.10644007070100517
578,13,-0.7383962732717884,-1.3637079561726635
579,1,0.7375526798510724,-0.5002105698810811
580,4,-1.5827657708603822,0.683617669363711
581,5,0.3119527728294065,-0.1602157728626958
582,4,-1.8094100705394018,-0.22861382952053622
583,9,-0.3574809177244723,0.21339707668330296
584,16,0.8824574420220661,-2.2603252632953925
585,5,-0.13072519701239324,1.2499650226738672
586,11,1.411504460837981,2.2852870630354594
587,10,-0.3526527990839537,0.5435438308190017
588,2,-0.6531327033310165,0.8803687363857043
589,0,-2.2363438101479107,-1.0638224872659077
590,17,1.0803159449826576,0.03052830147240148
591,15,0.1861169928140018,0.25156446028222595
592,1,0.46776316814955915,-0.05069618457128938
593,2,-1.0443760070490482,-0.5185326161383234
594,2,-0.3033831231106669,0.5344891357683218
595,2,-1.1335229973145104,-0.5638869289584519
596,7,1.1813095343814848,1.1784868249347682
597,2,-0.9884343945566573,-0.4530554929094687
598,17,0.49591477384622284,-0.5721119689912034
599,17,0.49159949951026344,-0.8006165158204688
600,5,-0.2047093628775874,0.5239610426696613
601,17,1.6899928151255996,-0.8955432724905088
602,14,1.3989773038455078,0.17750578639459663
603,2,-1.6883068258757559,0.29764392810063395
604,12,0.3460516724548504,-0.8443122495005622
605,18,0.35224980220919483,1.2233785388805294
606,2,-0.3494826999404174,0.6460447928203058
607,11,2.1407843269785745,1.416851196983056
608,14,0.386801933534269,-0.5565669747412513
609,0,-1.4277785031046961,1.1747488381539428
610,15,0.4557742612890578,-1.1058439945131695
611,18,0.18812065350310228,1.3408747769681646
612,8,2.0219064620150773,0.2798540494566199
613,6,-1.2911709408311334,-1.1399727508144224
614,12,0.6263613080559374,-2.8365289780108327
615,5,0.9613774790145888,1.808564899844036
616,15,-0.904473481069775,-1.1729711871608874
617,9,0.6749749163285333,-1.4496901415237369
618,12,0.22681488141995573,-0.5404795271796466
619,11,1.029358189765434,0.7378480549937975
620,2,-0.7763185714466219,0.42621480064112277
621,3,-0.16257792461221945,-0.4176189843386219
622,9,-0.6198476320114219,-2.2798416752153754
623,2,-0.9633480563895636,1.3122272877144632
624,7,1.6288829584906444,-0.058389421836606475
625,4,-0.41610260871721677,0.5952586273385005
626,7,-0.23627173537483348,0.8801134859574106
627,11,0.9161377850705581,0.8559820663420356
628,19,0.46450497821133563,0.9865910502844524
629,1,0.6370655249816783,-0.18128321555261667
630,18,0.6592451621202223,2.1811229820530325
631,12,0.4029040526153796,-2.009690873442307
632,19,0.5658668997681595,-0.26934040236324225
633,11,1.458535448945571,0.33759072035500404
634,10,-0.6917766917102476,0.6754151025202264
635,10,0.4426009921179196,2.0934568626452634
636,15,1.1754912005797247,0.37974313531573617
637,8,1.353360619171795,1.1118262141443989
638,9,-0.6769484818229884,-0.6996893198296812
639,16,1.4253043785968575,-0.9065704878733645
640,10,-0.13017516959448056,1.282461974410601
641,3,0.9417812334913134,0.45926460072646486
642,4,-0.9009719707075995,0.8247328717334191
643,2,-1.1957878064529472,-0.6044191581718118
644,3,-1.1562387219253696,0.697240205330131
645,1,2.1257992637011376,-0.7861866061589196
646,16,1.229348074288864,-1.195155052871648
647,0,-1.2534016380789754,0.9315981128299631
648,9,-0.21770898031760016,-1.287906368039336
649,19,-0.7858115724136298,0.8729758307094925
650,8,1.7937682124662468,-0.0054042839953027215
651,18,-1.187086874267293,1.5673553379813316
652,17,0.12915956796622144,-0.3221613505742811
653,13,-0.5723658256529456,-2.258217777007064
654,6,-1.4257723532718456,-0.09473248935213234
655,0,-1.3542482392598296,0.9614915915254042
656,5,0.451580875183241,0.6113954565906338
657,4,-2.0559726540291656,-0.7663936676419171
658,1,1.7744041910793886,-1.1986357410836148
659,13,-1.129930723009691,-0.721214512608122
660,1,1.0241217298645073,-1.3294161466605499
661,17,0.36449026458221107,-1.36214513754837
662,17,0.6974821344228854,-0.9613940389609339
663,0,-1.589339887224035,-0.011471378039595682
664,10,-0.3212997879178004,0.5963254433144749
665,12,0.4304340681885182,-0.6839553036643884
666,1,2.0438730042756323,-1.684462244025043
667,12,1.5114443027901452,-0.5378294732946143
668,12,0.724179293555832,-2.7838911755116023
669,12,0.7512071292747369,-0.8122084465709877
670,6,-1.175838543232309,0.17646122287345806
671,4,-0.6857968989823726,0.12549407649452723
672,19,0.9004738959455383,1.1004116115298446
673,0,-1.63928586689163,1.598178141798053
674,3,1.3850655436131618,-0.08521417493498469
675,2,-0.5414844319438654,0.7061032388531595
676,0,-2.369758759199213,2.0189391501642624
677,13,-1.0937711289475895,-1.1142098371146838
678,14,0.35121181659532447,-1.5460354314295142
679,4,-1.7348272226621637,1.0484072526390702
680,15,-1.0750891457282072,-0.9885069583824906
681,3,-0.11801496628992099,0.6943851638777315
682,8,1.0839230995014502,0.6738664347530774
683,0,-1.3816440665362058,2.1034662352049023
684,19,0.6079659025745362,-0.2575055173095322
685,17,0.6937223823421932,-0.42428185724287953
686,18,-0.7929062476016852,1.1995543365342913
687,5,0.7073750253049771,1.329588481199016
688,1,1.8972829222967216,0.017612454742380518
689,1,1.9634823145261595,-1.5999751317145616
690,2,-0.7974658077369458,0.7022772480591974
691,15,-0.13207069706703067,-0.019003747208435718
692,10,-0.011659660552577835,0.9216999140475677
693,8,-0.02771640853492542,-0.10213729995534476
694,12,0.7543124359419507,-1.1514738250810805
695,14,0.39400542938809674,-0.9692707006318322
696,9,0.22875917367467194,-1.0565380419292667
697,18,0.24612392359292537,1.0209326046298457
698,18,-0.8837258061560279,1.3950357966840776
699,11,1.8070389440496468,0.0929733635923908
700,17,1.3619828209167175,-0.9411064671088325
701,13,-1.177497181851739,-1.952443532383822
702,5,0.3600353619054391,1.3038092668147963
703,10,-1.360626448750983,1.043169730996832
704,3,0.7503287456014185,0.4915641921114435
705,12,1.9940685284369255,-0.7033664119615294
706,17,-0.019410879928163566,0.0005102282722210781
707,14,0.17648151844048807,-0.7739209198389274
708,4,-0.25009413695831967,0.8931919448946449
709,5,0.26189628826619477,-0.32941932939563984
710,10,-0.22453990485446837,0.9218211098457455
711,11,1.531274483013324,0.7203309085753856
712,16,-0.7925035257410317,-0.6052985202507299
713,11,1.8808486234641681,0.04598782511406214
714,4,-1.834317090288105,0.25979322047180664
715,9,-1.0377578535380263,-1.0425178408647768
716,11,0.640125413666528,0.7092725284967071
717,9,-0.16195783782683376,0.032468173465498386
718,10,0.08422403343012014,1.7671777047163584
719,9,0.22087353014760724,-0.7944120477328073
720,7,2.406139167523111,-0.33445847021277675
721,15,-0.04820510326772293,-0.45995026092798996
722,8,-0.17131925368947745,1.0304668191412698
723,2,-0.7040930587293575,0.7225290562101829
724,4,-2.085900885818982,-0.11200258124986985
725,14,0.005304711883242044,-0.209397151567892
726,12,1.9050099708151083,-0.9284119960672356
727,4,-1.1488236807155212,-0.4832589680808019
728,2,-1.2508641484718883,0.8849591585712704
729,14,1.3877095441698313,-0.06346240468928835
730,11,2.307398362671026,0.7784385438819172
731,10,-1.1225079987722104,1.2533859757037598
732,9,-0.9959406454296741,-1.2464002317165426
733,6,-0.22449122814643796,-0.42952726929329754
734,2,-0.11119161727958388,-0.6473375063865696
735,9,0.05865404088322968,-0.8531215979807028
736,4,-1.6494570426284632,0.006408152397322596
737,14,0.18517314566139023,0.4975540349619269
738,4,-1.4745782740977227,-0.9513790009470247
739,10,-0.26973179397286956,1.5744244616599232
740,2,-0.1997070938156842,0.7380798361704412
741,2,-0.06673952806365162,0.31563974247746723
742,2,-0.45469456396920854,-0.4638954113651018
743,13,-0.872001565214723,-0.7684714338610197
744,7,0.7411030378766184,0.5935151694063088
745,5,-0.3180103331365112,1.0171962396434284
746,4,-1.6740677073129266,0.3824505261408119
747,17,1.4964884544466643,-0.5385983699044762
748,11,0.4651202146510567,2.5309598366835844
749,11,1.2755909417092757,1.5686988042522796
750,17,0.2557437458556847,-1.3741031767414045
751,7,0.7050226053435109,-0.1016986578758813
752,15,1.1084994488024142,0.6070150186085799
753,2,-0.5051516056950556,0.32666597854245766
754,9,0.3451323218725379,-0.6714653233370397
755,3,0.2382998667997085,-0.6544582268625483
756,15,0.40434814047409656,-0.4745634731797885
757,1,2.3314948919579077,-0.7054723050127819
758,4,-1.1035985462704865,1.1706103485766186
759,16,0.2543671658081737,-0.5507452583690753
760,15,0.7346909493874214,0.04594554656590172
761,18,-0.5020956826902189,0.6644677354867983
762,13,-1.761658350716955,-1.10714935286576
763,9,0.08407202535056443,-1.5491147376021488
764,15,-0.5306660291955376,-0.2919491638677475
765,10,0.42349505351935174,1.510027914306775
766,1,2.2357129318411606,-2.0903473605409983
767,12,0.36433308725370656,-1.5546427657859774
768,13,-1.732133264068847,-0.991965484159698
769,0,-2.5147534363400657,0.7901765916253722
770,17,0.7606833393682229,-1.328777277114042
771,7,1.2023242382290102,0.2946808921004025
772,12,0.7034714929993604,-0.7595152799964613
773,5,0.16618319306587864,0.502017503305751
774,7,0.7784937994193031,0.23569441320821158
775,14,0.982436805105076,0.4612323335174287
776,0,-1.931045519440406,-0.02993656970919746
777,18,-1.3252056259101996,1.1018736039560517
778,4,-0.23876070928376908,0.35853994782650556
779,17,1.4420585091478197,-0.5199679379931502
780,10,-0.5383736840142169,1.3282494279787547
781,17,0.46285314733130306,-2.1890312403347805
782,3,-0.17725155959554859,0.5747375581296746
783,1,1.5237940320083607,-0.08297819150208302
784,17,0.8805533789498021,-0.4679535356009202
785,5,0.3842795101174638,0.3145501749488743
786,0,-1.0324616246254632,0.3607837761583402
787,11,0.9291162444910122,1.496056810796065
788,11,0.6033350433521701,2.017445735419895
789,7,1.2592592696420197,0.42705368534892685
790,19,0.23757624734237373,-0.027313359325200355
791,7,0.8198311061747451,0.1930508450985448
792,0,-1.5766044096077227,0.175499828176992
793,2,-0.8104138185795644,-0.914740418046772
794,14,0.4543041624434532,0.35537882580236413
795,17,0.025314605302637794,0.044541599505250676
796,5,-0.10190412539581657,0.8374817393134858
797,13,-1.8095739577770116,-1.3021203749314032
798,10,-1.1755615478050747,0.6140436550831659
799,13,-1.1786404646676543,-1.1052932564339755
800,18,-1.3483971577221732,2.854759124409652
801,12,0.8013347135036766,-0.6372707004252638
802,6,-0.8627343654118534,0.32218005072162464
803,17,0.8860913579814491,-0.4418012879212369
804,5,0.46866329079801355,-0.07410978563215158
805,17,0.4711477946720101,-1.3432906760680448
806,9,-1.0857336178245627,-2.1629930015196797
807,1,1.1223322785343883,-0.9932861903689755
808,14,-0.47855799529902393,0.014893335967386252
809,6,-0.8087415911866374,-0.5129124023413506
810,6,-0.12128260832220612,-0.19597110780646018
811,3,-0.6109701715024457,0.49591885175731076
812,6,-0.21135542025351814,0.10846442006253994
813,10,0.2465969783738029,1.3268971175304194
814,6,-0.8368160014550152,-1.6983580784712102
815,4,-1.5653749640095138,0.5807016275304465
816,15,-0.48602054431272007,-1.6159946919669426
817,5,0.5947975289093607,1.7749879560043778
818,15,-0.058866445788139446,0.5924513714207968
819,3,-0.7928254809836686,-0.15182478283354336
820,9,-1.1775880039753153,-0.09891705150834376
821,7,0.9292212092379204,1.7841921194174808
822,5,0.02618580702877016,2.2776310841641645
823,3,0.0016864696576754923,-0.7324611433121186
824,17,0.7507366276017643,0.15802861798955603
825,18,-0.06552207553806348,1.1633895771606668
826,8,0.06881962253378031,1.5234797365801733
827,5,0.43032289250832917,1.4193204525189234
828,0,-1.824887914333391,1.222546924785506
829,14,0.4151888709650259,0.6678470644644062
830,12,0.808764430106691,-1.0970756869646119
831,14,0.07113509032374044,-0.2406429830760068
832,7,0.3227636809203585,0.7828715053165362
833,5,0.665949049124906,1.1369871794519082
834,16,1.1833812888571391,-0.6186457009496966
835,9,0.01735942916966715,-0.47720446269344213
836,15,0.7836842383569305,0.1652628888957061
837,5,-0.376894590460349,0.5753862407744641
838,14,0.6174684008175514,-0.7603343434724252
839,14,0.07231627230362728,-0.06548438666602707
840,17,0.9428178563396625,-0.3177636356132431
841,4,-0.9288173136642307,0.4940182910950977
842,2,-1.09873889050779,0.06777957563141732
843,3,0.7583693784461523,0.42172334275839557
844,14,0.5193641768860949,0.08192328268331642
845,15,0.1854480007262559,-0.29103589342464764
846,16,0.12429090699484939,-1.3605524122833876
847,14,0.00515840067728531,-0.8275706710786944
848,11,0.698459479322337,0.8934802909422571
849,3,-0.5621766094625388,0.5061902535664985
850,2,-0.46445811308838664,0.6488310016846603
851,18,-1.0786431437066186,1.8690154885786947
852,7,0.4833881735301326,0.4541650120733909
853,5,-0.1193599737301105,1.7909788367501636
854,5,1.3632117008651938,0.4982163363906968
855,6,-0.4341603802819339,-0.8254362251465057
856,15,-0.15386781986717374,-0.8795592380796198
857,11,1.077374648680485,0.6948627606095417
858,16,-1.3262052297266995,0.22943670945337294
859,7,2.467850460457186,-0.2954794794404859
860,1,1.0865243324395344,0.10310436160617237
861,16,0.16608484386889735,-0.3848606225353223
862,10,0.007370568311901331,1.0493122875695986
863,9,-0.920961296908716,-1.4095905586816913
864,10,0.07056709159543659,1.9976520766964032
865,12,1.0787059501438425,-1.1978389563330634
866,4,-0.8808637784555422,0.7877652765112366
867,3,-0.494674203458866,-0.26102952246038624
868,12,1.4219020088748366,0.3140563961213137
869,18,-0.7659420301041691,1.9037807752744609
870,2,-0.7908466375037447,0.0003703764939381502
871,4,-1.195758593573438,0.6845449177346509
872,9,-1.2388199886234394,-0.41143490406799066
873,3,-1.2756578704386399,-0.5433841551339033
874,10,-0.18625271413573263,0.780735535814784
875,8,1.0929501957739494,1.978019493321067
876,6,-0.5159894331585126,-1.260212647666103
877,17,0.907327355000312,0.24412068636023934
878,0,-1.9499952640633098,-0.22976345472776247
879,7,1.2238324261391162,1.0633254539566845
880,11,0.9926892220494539,1.7938566782700451
881,4,0.13146266135314214,-0.32171988894950976
882,4,-1.3873418792649042,0.774277374384214
883,6,-0.6052908736112698,-0.026234344415889815
884,8,1.1839207757316719,1.4341201329367474
885,12,0.8807863234058595,-0.3968240394222276
886,1,2.096817839380278,-1.266329515425613
887,8,0.4530862586079951,0.4501237230098564
888,17,-0.031848879470979786,0.043418444610849746
889,5,-0.013325290689731236,0.532177939219125
890,6,-0.43509727537887,-0.591030540982591
891,8,1.740385715363645,0.4406011640050777
892,7,0.6547836862364774,1.407187493103251
893,4,-1.4144119925677445,0.4370039008828361
894,17,0.3094623624666313,0.281933625189578
895,14,1.636150958469456,-0.7994831624126884
896,4,-1.4137486369553458,0.30131451049217334
897,6,-1.103159514605446,-0.6594681484795974
898,5,0.9057433457566586,-0.009825862605234584
899,11,0.5492213085414989,1.1569997444093227
900,13,-0.10111178693677088,-2.515828685827941
901,8,0.4404603835984922,0.6284743457115123
902,18,0.05881752080582856,1.4648469415773748
903,0,-2.6071769653046784,0.19601817365557467
904,11,2.542052679498931,0.055030125892614676
905,11,1.7305414289206553,2.332743793673079
906,7,2.0209807473948893,0.2287151255044517
907,18,0.06369516367673562,1.2649106302077344
908,12,1.069878028548952,-1.899377424736267
909,15,-0.10877550192510063,0.21041115022011786
910,0,-1.4955421834632303,0.14651521323422043
911,9,0.5187989500161743,-0.5214742387446987
912,8,0.998904751095214,-0.29926067729329914
913,12,1.3929974591057213,-0.8170609975636112
914,10,-1.2799618597618039,1.5224994015351574
915,9,-0.8802781325070421,-0.7171422016287645
916,7,1.3119563545173407,1.9039911050692417
917,2,-0.2422493812444299,-0.42684874188041305
918,4,-0.815119573642193,-0.20380527871886084
919,17,0.18458283173379716,-0.012666168702292953
920,16,0.3872386098291439,-1.8662754306040161
921,19,-0.4854896833207216,0.18900671018196427
922,4,-1.4385899258732537,-0.36912888614919187
923,12,0.9264829731711333,-0.1815883955273713
924,15,0.47236395541985027,0.004579407238811591
925,3,-0.22358627383493312,0.11786902694999832
926,7,1.2163020194489707,0.5118197376177154
927,17,2.2523107732626966,-0.9080552955392203
928,4,-0.9096767059319979,0.028679854211645855
929,17,0.7572232595486591,-0.371212652444733
930,19,-0.044805213681806025,0.4143521899470801
931,7,1.6155457341887374,0.38896475837947053
932,19,-0.3816003724032875,0.1970517121669266
933,4,-0.9436750078806242,-0.6788752653732099
934,5,-0.5585512613372182,0.17936201934707724
935,19,-0.5345329303896732,0.9069242533706968
936,7,0.2507768024069908,0.004236672395889954
937,0,-1.6721863497566358,1.6036861567918197
938,3,-0.34715359146160424,-0.8811652873526514
939,14,-0.43817982945415296,0.13160765686523432
940,7,0.4563860414749467,0.9218508283894954
941,12,1.6836981772392332,-0.8546284626787346
942,19,0.9749175064473735,-0.2586286908184293
943,4,-1.9164025807780876,1.8238285217195456
944,7,1.3941626058239704,1.7548715078344919
945,7,0.8337182850476588,0.7824934753362379
946,12,0.29513672803800955,-1.1081112775255813
947,16,0.6754630373762395,-1.3520128499609863
948,2,0.373620405985741,0.28098908890305024
949,6,-1.3789041285613892,-0.6625379450880626
950,2,-0.20930143199001372,0.22367006619162652
951,14,0.7568674892817018,-0.536979613407633
952,3,0.34115617914789914,-0.6331610525074448
953,5,-0.9057478400777955,1.369850437056169
954,6,-0.6884119144962672,-0.056018312129849764
955,4,-1.052058122925319,-0.28765579404876995
956,13,-0.4279490498091965,-1.730168860398435
957,4,-0.8713646987414365,-0.08792804210983893
958,0,-1.2518416432162307,1.031340894172901
959,16,-1.2218712394872984,0.3834922700966153
960,11,1.2615038339092606,0.9752846063940319
961,11,0.9393995909244186,1.1599180377429288
962,7,0.5684427542644831,0.7961017594472138
963,1,2.1128986017903624,-0.9351105050816537
964,0,-2.752784689458468,-0.5491079343702548
965,1,1.1232099483425582,-0.7212791456448286
966,1,0.6769398586918187,-1.8397622521135994
967,11,1.8495058859845364,0.5170801909311546
968,9,-0.9893863051407403,-1.0611123211235314
969,14,0.29729454961891266,-0.9474610330032931
970,18,0.20469858359698986,1.0540683108196882
971,19,2.040846823128438,0.004209186081399462
972,4,-0.7392500308625497,-0.36487841123283077
973,8,0.8383983260414508,0.3929025465858171
974,3,-0.45491688468557434,0.620537386501984
975,0,-2.1855646599478042,0.31662734136040643
976,15,-0.27373967405006067,0.9625520758624171
977,1,2.566779356374882,-0.5628792920277647
978,4,-1.3271529906794244,0.6294625173423711
979,4,-0.37606385915963164,0.5987430352930068
980,8,0.13737803981501687,0.7124548303329716
981,2,0.17221834817012097,0.29823266687615246
982,17,-0.7303086958505779,-1.0048952672004074
983,3,-1.3634612585561066,-0.6256968467618985
984,0,-1.0381652625106286,-0.2909650288653939
985,4,-1.4300499553061756,0.08887229948192074
986,0,-0.4214629738321362,0.9778872387653362
987,11,1.5512356106038923,-0.003178036501938635
988,14,0.5773649619138171,-0.3768513581427566
989,15,-0.0735133746513011,-0.004341060688137186
990,5,0.5191371635423888,1.413135017475756
991,17,1.5088941961028999,-0.7801373884674747
992,13,-1.792211212682631,-1.114245019883139
993,17,0.41054227656208014,-0.6493180181923841
994,11,1.8384689509269145,1.493486162635772
995,0,-0.8090533927819683,0.7701525122206397
996,19,0.6450249286805817,1.4070982083811272
997,14,-0.5162847167628519,-1.46379162999047
998,9,-1.3849702751412802,-1.554714034015943
999,11,2.213457323313687,0.33453128108310004
1000,18,-0.5676815152953792,1.511009046701016
1001,11,2.0553887163058677,1.2195366644072654
1002,10,-0.3326550849944165,2.5480687482136974
1003,6,-0.6454820384572385,-0.7199971829133216
1004,9,0.1945522800418786,-1.2562323252846457
1005,19,0.3339575807702397,0.12857785294146815
1006,10,-0.40103059855952633,0.7455509833417009
1007,3,0.5619018865220942,0.39256674914677747
1008,17,0.6054685840990727,-1.3062559070327846
1009,0,-1.5834624687316268,0.7810869715654708
1010,0,-1.784590022902315,0.7727279154021365
1011,15,-0.026221116263382332,-1.1966930711204926
1012,1,0.8645396089833957,-1.255900502069806
1013,3,0.14526361302174692,-0.3707525796355671
1014,14,1.6030833917135208,-0.2918587934068472
1015,6,-0.7282454134681607,-0.40367274412999365
1016,14,1.017241681771058,-1.2784385883880933
1017,7,0.6558175221201366,1.141393424768907
1018,15,-1.0326970062948675,-0.025834640789889434
1019,4,-0.9231185434393304,0.4472832588620606
1020,6,-0.5715503183909378,-0.1416390909919972
1021,8,2.295326323670855,1.4754643003014722
1022,3,0.5982300789865251,0.059820646196929145
1023,1,2.8346690525045264,-0.9554474080133519
1024,8,1.119743754163101,0.9419489049113751
1025,19,1.1504162432192309,0.44716287287921547
1026,10,-0.4575216729808204,1.4488810099337277
1027,17,0.2192340786409417,-1.0571170264447247
1028,10,0.2992114917012427,0.6505496625961957
1029,15,0.09783608294806583,0.5393456200734366
1030,19,0.8132187991927552,1.2557223334763197
1031,4,-1.3222204122085097,1.1672677136657679
1032,11,1.6165735058908877,1.1305519079828297
1033,14,-0.010321217664741571,-0.030335052696312585
1034,6,-0.44533964326982284,0.3526477499839744
1035,16,-0.5672202085637413,0.4044835842666765
1036,12,1.4280525482364823,-0.6163316825010441
1037,5,0.6883145613839974,1.1723908115789459
1038,8,1.2151958634626359,1.470251411472579
1039,7,0.3503321584980634,0.8399541984046001
1040,9,0.024285602896843617,-0.8699631703426797
1041,18,-0.06986680260018949,1.2028314519343422
1042,18,-0.42977267395872126,1.694322477334181
1043,11,1.6208931328719158,0.20552279737667234
1044,0,-1.5564777690657714,0.750490538367012
1045,14,1.394136468540163,0.19284663759207932
1046,9,0.32894826024163676,-0.28356114115966075
1047,13,-0.04842145083689134,-1.9182149900680265
1048,1,1.6794461708225261,-1.0175568900418765
1049,13,-0.8225420310766071,-2.1543522023935666
1050,11,2.1728941369330843,1.491184280689082
1051,13,0.1594626984826436,-1.9334445004127268
1052,19,0.38581565256160594,-0.002391688368394228
1053,9,0.21009666263699278,-2.1577841941090043
1054,7,-0.2734172717134072,0.16681311518101216
1055,1,1.3311753823431869,-1.3774692967677047
1056,7,1.3596797265551703,-0.24930863971183048
1057,6,-1.3146328001182161,0.05092860786984743
1058,10,0.14990462207164953,0.9797760984813142
1059,16,0.8671719055589436,-1.3044560610128422
1060,10,0.11391408748370233,2.294781284747203
1061,14,0.35505223214902476,0.38131411331568044
1062,4,-0.8586008790171584,-1.0393966701490889
1063,2,-1.2308334095622455,0.6960443329549967
1064,2,-0.19434355605040715,2.2768215975159705
1065,2,-1.3498516415629986,1.6633160842238766
1066,3,1.161604145744248,0.026693345103159308
1067,18,0.6123318188483388,1.3993472421349629
1068,18,-0.4859073275861631,0.7891756045905769
1069,19,-0.20214488589168958,-0.4261240290531027
1070,4,-0.8777310953135506,0.3195664297384546
1071,4,-1.467434628552174,-0.9410878960361253
1072,14,0.36046052023087655,0.20168961765998647
1073,12,1.0629020831442408,-0.9147515022273806
1074,13,-0.6831888013370879,-1.2531071739614326
1075,17,1.2855564420467684,-0.7553096174983676
1076,6,-0.5385669458961466,-0.3271705280588676
1077,10,0.10403744966376285,1.5105511400527796
1078,12,0.8338507143338532,-1.3255341282141944
1079,1,1.1240317038143548,-0.6507864586740668
1080,12,0.8144313439165132,-1.8064944290219682
1081,3,0.07289360186355016,1.1274297618594062
1082,7,0.6180482000188456,1.333559423491113
1083,12,0.6018037697356062,-1.39683542322553
1084,9,-0.08764326971841001,-0.4721966204236159
1085,4,-1.313676218874468,0.46723049870507083
1086,9,-0.6178679716470247,-0.8057642780921028
1087,4,-0.49501676526081223,0.6376052222135349
1088,9,-0.4483326815105561,-1.279468136724479
1089,1,1.1714696903968034,-1.2531512030952543
1090,9,-1.841347265165891,-0.8578777530579832
1091,12,0.9199245291376628,-1.4259740490927166
1092,14,0.3758738904069087,0.0339662935660736
1093,1,1.2917653653633099,-0.6479465779687851
1094,14,0.13861592430496547,-0.4632460176249292
1095,10,0.1405383657549514,1.4447189997321919
1096,13,-1.3541054561381174,-0.8374488849259024
1097,3,-0.49031977141303407,0.30089466325591535
1098,1,1.9522556463097394,-1.437631056313228
1099,3,-0.036287308972399124,0.1620032008839844
1100,4,-2.297465075109263,-1.1179215088016932
1101,17,0.4973212002990303,-0.42384956531103923
1102,15,0.11433708509222049,-1.7852139373714937
1103,17,1.0624127908236338,-2.0110111276810363
1104,17,0.2681735263647459,-1.2612890575770548
1105,0,-2.1809391220916754,-0.8833280685992764
1106,6,0.2804966963853948,-0.5130217683930233
1107,2,-0.5221253384029236,0.4133612686208657
1108,4,-0.3695561649439611,0.7838413436220377
1109,5,0.07009782929960445,0.622233036227027
1110,14,0.7240047138448794,0.6385915135849083
1111,9,0.1576533800495164,-2.069855613953864
1112,1,1.8355796472873553,-1.5325419575648893
1113,19,1.450011763281124,1.0666450953294113
1114,10,-0.3902100583868518,0.9625731609536401
1115,18,0.31047418705080426,1.1025432800345223
1116,17,0.6270132331640197,-0.7714964949081659
1117,2,0.4864402224021748,1.0961170858732665
1118,8,0.9492562864739456,0.059471524989579486
1119,17,-0.19145948574600696,-0.13230045058203468
1120,7,0.15967496518816168,-0.07719112975612687
1121,10,0.04293035433738074,0.1701903430398031
1122,5,-0.21170222603128316,-0.23169739201979667
1123,13,-0.32233347457422173,-1.397112607561386
1124,4,-2.2105747193438434,1.1843804693277455
1125,8,-0.07398299490597605,1.8483523981145622
1126,19,-0.16209296247777963,1.5710749339732828
1127,19,-0.1274733979061811,-0.3322895603227239
1128,13,-0.6710517698753569,-1.4601566418820557
1129,5,0.6607202618482599,-0.4566084035676829
1130,0,-1.8625916401782188,0.41172035640306115
1131,10,0.23445873153750488,0.8438774316210808
1132,9,-0.4989907950833027,-1.4848110060228945
1133,2,0.0678123177973192,1.0282726673596203
1134,2,-0.25861673398148033,0.28544213205349345
1135,16,0.7604896813966379,-0.7465415446204747
1136,3,-0.41774372799097903,-0.47204390328157975
1137,4,-1.4542499149248107,0.14712743174726528
1138,19,-0.35976696943115416,0.8080807946536218
1139,9,-1.0803378038652713,-0.23279544112078268
1140,18,-0.6329437833943512,1.2580297851823639
1141,3,0.3146919392301728,-0.034088225406404035
1142,15,-0.396909567619308,-1.7978428413669219
1143,1,1.7853321672338238,-1.1366886271393482
1144,5,0.7081120433710667,0.5225898683655216
1145,2,-0.4511928864301965,-0.8663249245279658
1146,7,1.1749066484771329,1.3431932753206874
1147,11,1.5091720279431817,1.137357820689466
1148,6,-0.317046723716185,-0.21853563789514674
1149,17,0.3465887976947844,-0.05880349603051875
1150,0,-1.8796297170555707,1.2413944009820779
1151,4,-0.6620290075687533,0.33592291560612025
1152,14,0.3627520149879167,0.2110136188887092
1153,6,-0.4690692641857072,-1.0217517188954977
1154,17,1.2669948466792689,-0.45269665591108954
1155,18,-0.284498842173859,1.7099993355367271
1156,5,0.7550326731362581,0.6240299722558152
1157,10,0.6086028858102008,1.3019916844289179
1158,2,-1.8549930088405384,0.5676016753620361
1159,6,-1.0693861763031804,0.30297557842343337
1160,4,-0.7354513375279012,-0.5766248839612383
1161,0,-1.3276080928840772,2.1924363319581452
1162,4,-1.5265705120898394,0.028802731022875425
1163,15,1.0562705080163142,-0.14632251111391076
1164,5,0.6722611320083003,-0.0953744837693406
1165,2,-0.5407936793086381,0.892912441129639
1166,11,1.2833782398184634,2.8122349380986416
1167,4,-0.6512856390842724,-0.6192199684083838
1168,18,0.022242885107812416,0.6320798884969039
1169,10,-0.25900138240124837,0.9617944014346117
1170,15,-0.04757835558654219,-0.8808660644124552
1171,4,-1.229122416064933,-0.7189024965241664
1172,2,0.44899790652763877,-0.07671244258181677
1173,4,-0.6113057364451563,0.7298948467826816
1174,5,0.40787855009029367,0.8673258803924778
1175,18,-0.5158386196450547,1.286728928076291
1176,12,1.7843549713939173,-0.07145410969798598
1177,14,0.22263191002063407,0.3120267469132827
1178,9,-0.8413343793262661,0.24102877903070866
1179,17,0.3406348737298747,-1.4571153224256932
1180,4,-1.963358691376805,1.6313565672178287
1181,16,1.0225714027975854,-0.49208273970675037
1182,18,-0.25663741483586205,1.2467394566667331
1183,13,-0.7272463174701963,-1.3607592988747008
1184,3,-0.6163760588864224,-0.36264028420516126
1185,17,-0.021999474339723546,0.12141291291758446
1186,14,0.10815437634982442,-0.6006540623428959
1187,5,0.9873723731668969,0.001067427299115762
1188,9,0.5836407803208995,-1.0259999026125186
1189,8,1.999484175758606,-0.6833724525915039
1190,7,1.4184654235248366,-0.23933243960888775
1191,14,-0.2604619878291012,0.024931131609106497
1192,10,-0.94636884850798,1.5051399996740822
1193,0,-0.8788297769460249,1.375333975189216
1194,0,-1.3663816765079246,0.6389851758791926
1195,2,-1.4844559700947082,-0.05538331610710617
1196,11,1.965891016749467,0.9418455891996408
1197,9,-1.1076639521310097,-1.289948334002376
1198,0,-1.3311252407068574,1.029212061853381
1199,11,1.9831782857237645,1.120814723027336
1200,4,-0.7600100643880925,-0.3379046814401947
1201,4,-0.9370856705292184,1.1438763429250485
1202,10,-0.7428631154842336,0.14643455416022233
1203,2,-0.8269382463627567,1.1288092558674916
1204,14,1.050793175322723,1.1975529545229553
1205,9,-0.339409425221309,-0.22173159670241746
1206,0,-2.2328067566982073,1.5375492379091102
1207,2,-0.355201111136677,-0.3959383311478089
1208,6,0.13623094315784703,0.13752173304003915
1209,2,0.2571604953086302,-0.8607065100420648
1210,5,0.525205211853569,0.2570290928224535
1211,5,0.6737341589333572,1.566203602457414
1212,10,-1.4469626964087186,0.7501790755788424
1213,4,-1.5439732502937917,0.9424982722561814
1214,17,1.6435477363680089,-0.4098672851421049
1215,12,0.40865274713141936,-1.3575852871943241
1216,4,-1.0471623746518874,-0.4521496670410042
1217,4,-0.8307351433151414,0.6565953164893331
1218,17,0.08491959767271579,-1.5828219606399299
1219,13,-0.7106843740911636,-1.6669900521000665
1220,1,1.092768855502557,-1.2242081087864187
1221,6,-1.3872038252638506,-0.1411623314938441
1222,13,-1.2051064848799826,-1.260506061095933
1223,11,2.0107966251992644,1.171978014170461
1224,12,0.1477579176942518,-1.8032205382151432
1225,2,-0.7985686396421742,-0.12721351358785538
1226,2,0.14657617213641902,-0.6000548652244225
1227,14,0.07553199627222337,0.5349362486265703
1228,11,1.2911462707624692,0.44778749532147477
1229,18,0.5285226732542536,0.40245205958817926
1230,11,1.3843625721835189,0.7534300718006163
1231,8,1.4182092388440988,-0.4859368346940712
1232,5,0.3248534200318099,0.22161935930230345
1233,6,-0.49789326997603545,-0.6198928951746159
1234,8,1.3930115130471277,1.8030897355266502
1235,9,0.06565169134255722,-2.1379065172853293
1236,19,0.284007219848096,1.9573774164957018
1237,11,0.20284594722315366,1.6356758167820202
1238,12,2.294675840657807,-0.3972862220134886
1239,10,0.7154223947433519,0.5466013145595173
1240,10,-0.6698268609219746,0.23872549890335437
1241,17,0.10201628030523172,-0.8404879160678611
1242,13,-1.466572984556368,-2.0872594227263375
1243,18,-0.21417661356594364,2.009391390759488
1244,6,-1.7499215349701238,0.115274205447181
1245,17,0.743603912077377,-1.6758570995147462
1246,17,0.43534215510881014,-1.069958680270721
1247,6,-0.07883170696923213,-0.2835463921930141
1248,2,0.4882371858447914,1.503281762149289
1249,7,0.9188384453691569,-0.43624115678064085
1250,0,-1.5807523101858352,-0.255958969289568
1251,1,2.196241209251468,-0.5517806491106859
1252,2,-0.5640257753647477,-1.0305821492485077
1253,17,0.9833376559672367,0.12786414821341155
1254,17,-0.2129551497780124,-0.9044381189519298
1255,9,-0.5012823893083647,0.3371772475052238
1256,9,-0.7077057210528636,-0.2171937787438752
1257,18,-0.46778156794558196,1.818775147023191
1258,9,-0.47175441418042724,-0.3313070910123128
1259,7,1.1055215888159227,-0.22100325437939533
1260,18,-0.9921833722057921,0.5290680472429607
1261,12,1.5635097699851512,-2.0791559316941663
1262,17,1.2829964913468945,-0.06699785103263901
1263,3,0.9183101814770827,-0.11455272953337957
1264,11,2.0641118448397537,0.6433727870120823
1265,15,0.017256890697599336,-0.08672096343413087
1266,9,0.16788553618450106,-2.188183468803244
1267,2,-1.1114345912677082,-0.266766008186934
1268,6,-0.623956932807387,-0.4733898638736643
1269,14,0.0659163677859694,-0.5703394289835622
1270,0,-0.768967603896356,0.4488414253213809
1271,6,-1.066432822137708,-0.19293038947829622
1272,14,0.2735923732068658,0.4232547335266397
1273,13,-0.5974567027372104,-2.617149262416279
1274,15,-0.23135215098342737,0.2624096439436064
1275,18,0.015943081422978476,1.7680799376892
1276,10,0.083046420495302,1.7243561940417118
1277,18,0.07204573414580906,1.3581800083077646
1278,14,1.0641688114015324,0.1139030531908118
1279,2,-0.8902428885899952,0.705487563290653
1280,11,0.839542755254288,0.40231737832218795
1281,0,-1.8065928075715099,1.8422473916536637
1282,11,1.0469434252105954,1.7527457014497894
1283,13,-1.4232619563406526,-0.8095105511338825
1284,14,0.895234229776763,-1.0344011873815677
1285,9,-0.13243461976311646,-0.8305809669596481
1286,0,-1.3239558315593725,-0.2152099052281328
1287,4,-1.3450057560157653,0.3821363721871587
1288,19,-0.6038803035699097,-0.05501503404653349
1289,14,0.6098868011833153,-0.3782726707675204
1290,7,0.28525904305524125,0.37771692774970184
1291,10,-0.19376149254028968,0.8829550367508876
1292,15,-0.026460602206952073,-1.7643867134738556
1293,2,-0.5455592519043871,-0.14524045610912667
1294,5,-0.7627064294981182,0.6838444162069132
1295,13,-1.0020489546398095,-0.49560631006893446
1296,8,1.8343560913332633,1.4999749279058914
1297,4,-1.3818626795900306,-0.048228678073795876
1298,4,-0.2473116590545325,-1.1035556962169386
1299,12,1.1161088987638397,-1.2551485738986818
1300,7,1.193805329778063,1.0920903077907351
1301,11,0.7010003589867337,-0.3515319945181375
1302,6,-0.7950656113627549,-0.5751896289952787
1303,9,-1.1891485463323803,-0.42267526926391663
1304,4,-1.4183218395744768,-0.9606624307269501
1305,5,1.133794166423994,0.06836378551770766
1306,14,-0.7086997462633402,0.012738952434534965
1307,13,-1.5233742244694433,-1.8935894813439396
1308,16,-0.339260148972073,-1.7546399573846914
1309,1,2.0922001309567486,-1.4250384833097687
1310,0,-1.634303393332635,-0.7397886904334372
1311,0,-1.8069753313293961,-0.7709520471756629
1312,17,0.5129303551648853,-0.6421605145553887
1313,2,0.0364076533762874,0.03895031707812725
1314,5,0.2691235160792518,0.16687252274287728
1315,13,-0.6746417894779397,-1.7908243769245926
1316,11,1.2079163652931513,0.7001605152579315
1317,7,0.9292376757383098,-0.5631573290662029
1318,16,-0.1766027103354796,-1.010419963174828
1319,14,0.1517395929816409,-0.21938575545732392
1320,16,-0.5309023821529936,-1.167671953383924
1321,4,-1.8854346684494434,-0.4993191374395761
1322,1,2.4615165148538067,-1.3837798893727782
1323,19,0.5163111574938246,0.2920939260462912
1324,17,0.6810044928226884,0.23967222369534194
1325,16,-0.2791120678555983,-0.03376807811801191
1326,6,-1.528239914951066,-0.1797905371862292
1327,6,-1.342689659121296,-0.44313361832019776
1328,13,-0.6165983503356146,-1.2822443665534207
1329,2,-1.0449743877497246,-0.09055505332107418
1330,7,1.788633865248782,-0.14355337334785012
1331,17,1.6615188363594564,-1.5824254076045352
1332,12,0.4394741599838366,-0.6517342335118044
1333,4,-1.4476088332593051,0.07375528297346767
1334,7,0.6780810776063699,1.0364790501083718
1335,14,0.8222759349998399,-0.47413545585026645
1336,5,0.9107898756267581,2.194319625163779
1337,9,-0.5570537475964875,-0.6820312999486069
1338,14,-0.2749853794472202,0.269107577356569
1339,5,0.32724545911662845,1.103796998705375
1340,0,-0.6849313668969625,0.1821656397383566
1341,7,0.6567843302304365,0.07359110098226186
1342,1,0.592396393234421,-0.02615426208569694
1343,10,-0.2407586034033762,0.1808793396568899
1344,18,-0.535178995620022,1.42753347235789
1345,18,-0.15961251799831302,1.4965074354510537
1346,1,0.9641238208573919,-0.7814356615961817
1347,2,0.20296302877042696,1.55990324436628
1348,14,1.2251101516370084,0.2733498458740987
1349,13,-0.44421118494605905,-1.3938723902478447
1350,7,0.30307499999172455,0.7777706358146905
1351,0,-1.517741653333596,-0.31963854361654603
1352,4,-0.579135909143411,-1.382046262428896
1353,12,0.5224307721041468,-1.881126246281239
1354,10,-0.7096304461465942,0.9737962743133938
1355,14,-0.17930982081768126,0.5119786656159546
1356,14,0.059462193448624745,0.3687459639763192
1357,9,-1.1683051220756437,-1.2037870060296012
1358,9,0.48831508287216036,-1.2322226080362777
1359,5,0.1814245096336344,1.105347089026547
1360,8,0.2410345232584897,-0.7770694466054312
1361,5,0.848878757711337,0.018091944409356388
1362,14,0.362510976467381,-0.7718657645915078
1363,4,-1.2342573095623115,0.6972899342737547
1364,5,0.09076012598702496,1.1286251497553683
1365,12,0.431804101154363,-1.1145444399984423
1366,14,0.875630319698885,0.8041344387109072
1367,7,0.4978505799382165,-0.0326601377714498
1368,19,1.210442320580057,0.025163365130527214
1369,2,0.6948629371120899,-0.00732333720530666
1370,4,-0.5662599532487481,-0.029573819582322122
1371,4,-1.2453088173066906,-0.23777976557622196
1372,15,0.007379198991188598,2.0782390113666955
1373,1,0.9299612014316356,-1.401019666425627
1374,18,0.590702607529707,2.0419841080372114
1375,15,0.42179470945352787,-0.27022103873115355
1376,10,-0.8523490509473097,1.4608896125787492
1377,18,-1.8017169957619714,1.6668479682574535
1378,9,-0.11536649530495037,-0.6425407959225861
1379,0,-2.118193432528823,-0.20178178715626843
1380,11,1.7011686905055081,0.2577817538569014
1381,6,-1.2953732404429457,-0.25957376040063496
1382,14,2.2579320167464947,-1.2148095679177089
1383,11,1.808802777853385,1.1878444068409661
1384,18,0.1254747966602416,1.6298892865081862
1385,5,1.5330633331556296,0.32330139616657133
1386,2,0.3213573094790536,1.055341452101515
1387,16,0.6960115863733515,-1.9416738324457146
1388,9,-0.8464553968052134,-0.9759219217845932
1389,11,1.2796831094659455,0.8490090087079719
1390,13,-1.2539740172793223,-0.9838007068518846
1391,7,0.9840972624342597,0.3524163447159404
1392,17,0.4321901498867487,0.37606241476314434
1393,7,1.574098199763351,1.3569706499922773
1394,10,-0.18504892297691572,1.4795736187328197
1395,11,1.528066722177323,1.7699166662870776
1396,3,0.30050445405850834,-0.6788646497234024
1397,5,0.9591298934411636,0.6823094536285631
1398,9,-2.36622126457668,-0.6250660170424932
1399,19,0.4942430691463637,-0.6452893829344037
1400,3,0.3291236887956491,-0.6780022126305622
1401,18,1.1740167158932036,1.0677818256673282
1402,1,0.9729045295014817,-1.9383776864022442
1403,14,0.6244262724992524,0.0027762792931821357
1404,4,-0.8205836098594332,0.5134064137992852
1405,9,-0.16391234479180117,-1.7183523856937701
1406,3,0.3538300884486452,-0.38477621117980226
1407,15,1.030409190045678,-0.4419362843768208
1408,13,-0.8430606286123745,-0.6922142904886827
1409,18,0.3337730934709639,2.6784994950562004
1410,8,1.2875536978144935,0.4394903158585517
1411,3,0.2683434142246664,-1.4479771755720277
1412,12,0.8704875078793535,-2.089723117396092
1413,5,-0.2764161933894728,0.7076330960284388
1414,9,-0.7479320181751241,-0.361843121484325
1415,2,-0.020831688884873946,-0.1576087100933164
1416,3,0.22243285015492353,-0.3868983165288151
1417,12,1.2752377754844477,-1.7482656189302803
1418,0,-1.3627811023681868,-0.6607336757890307
1419,4,-0.4053011716799268,0.18975948345093582
1420,7,1.312665137944572,-0.4250709733452836
1421,1,1.3512717185383958,-0.4749215810306938
1422,13,-0.3949979542365323,-0.9574719761526844
1423,6,0.19468374050591838,-1.1035804160248222
1424,17,0.11430296868601966,-0.6156423631664794
1425,6,-1.5934416149427981,-0.206060044594853
1426,14,1.163066265849969,-1.2064229384060705
1427,2,0.1041068317904987,-0.11922959042027523
1428,16,0.8676488723393316,-2.0539611655159558
1429,0,-2.415989934870514,2.123413503213271
1430,15,-1.0946392905142146,-0.37334058757879385
1431,7,0.6280814286291643,-0.5437318233432106
1432,13,-1.460602734572541,-1.3391918759486443
1433,17,1.0205005552858015,-0.34840736613180484
1434,7,0.6686264509695528,0.34217349179718987
1435,4,-1.3336265968125143,0.6129639936254837
1436,12,1.0654864888891284,-1.7626381080819453
1437,17,-0.3577567894601768,-1.3010347968476608
1438,18,-0.9800915338702644,0.8470763954852072
1439,4,-0.9309954369060925,0.4694593385370192
1440,13,-0.8319068961312739,-0.9397100747605488
1441,10,-0.28409720384872367,0.010172113706447026
1442,13,-0.9407543619059024,-1.1495303602539761
1443,0,-1.7507792245890457,-0.5059714196804747
1444,15,-0.37270419474926153,0.2528386050318049
1445,9,-0.6722408452765191,-0.004931291509257362
1446,7,1.6496748649909567,0.75693172033669
1447,14,0.01452019150842379,0.5632463663752143
1448,18,-0.4381171973972002,2.043122020620603
1449,14,1.2028953372193747,-1.029739449612599
1450,2,-0.3736646221157705,-0.09060658893544105
1451,14,-0.11753086368539478,-1.02965821627719
1452,13,-0.3768880536958598,-1.7305254144415794
1453,8,2.375904195462037,2.6029805402486916
1454,11,1.1955231544512588,1.4914142464281075
1455,5,0.39821712441119056,1.2115230934579244
1456,1,0.42542069158255774,-0.38727316452040744
1457,11,2.4700626867823536,0.3916222755910238
1458,3,0.7214048560325805,-0.4801328842232309
1459,15,-0.44642840140072243,-1.0678610782659463
1460,0,-2.642489752226735,0.42634184105273715
1461,10,-0.7897235207905912,0.7035358239724409
1462,6,-0.6976433627606667,-0.06366813792534375
1463,0,-0.8246134615019542,0.9044937112638964
1464,11,2.0186793533788694,1.863087791893188
1465,3,0.49547237137666217,0.6184092015813198
1466,11,1.2144907631349298,1.3063232736528643
1467,3,0.7338528616239558,0.3998747935565509
1468,18,-0.3415430088327461,1.0244761178653365
1469,9,-0.5193654726037973,-0.3980583932957491
1470,15,-0.07779757431742192,1.1247468734776176
1471,16,-1.073336283730557,-1.434150907243335
1472,17,0.6096450509913609,-0.5026066986491731
1473,18,-1.1423787582680005,0.7414042587467525
1474,9,-0.35242791203313045,-0.6709955615842152
1475,11,0.8825092024259493,0.2053597171562332
1476,6,-0.13923020986063356,-0.088039594269108
1477,6,-1.3216970454990262,-1.223597479687507
1478,17,0.4287412870501661,0.1394333836891033
1479,14,-0.31901601422387427,-1.512412759320442
1480,13,-1.3490405706646704,-0.8958087767021752
1481,18,-1.9826720378891656,1.8769090461688582
1482,12,0.8466754027827745,-1.827273420717303
1483,7,1.3423163721230509,1.0012434225405207
1484,3,-0.5854231182738259,0.5375581443355354
1485,11,1.9507984190193348,0.5589666868353794
1486,12,1.3197241050341586,-0.5657703078801707
1487,11,2.1540569015060034,0.006733170382539709
1488,18,-0.5095248060435449,1.5853593619305193
1489,7,0.4722515697730782,1.1831508479040331
1490,7,0.5998683436976314,0.13825047471590635
1491,13,-1.3879303393561893,-1.2157097970033182
1492,14,0.7563861860965524,-0.6132579178967861
1493,15,0.49571509134356323,0.0785197952694989
1494,2,-0.894992667290539,-0.3125831817903634
1495,12,1.434202420882291,0.10971217273010646
1496,15,-0.5580690730399818,-0.7604481045042514
1497,16,-1.4965130009095862,-0.8361725014235795
1498,6,-1.3572815983774467,-0.07276589103639748
1499,6,-0.1694724770237964,0.014695872537973564
1500,12,1.2443348770677716,-1.132395674294657
1501,4,-1.29373067139933,0.018860192125687788
1502,18,-0.8803521359271995,3.364637747047154
1503,5,0.11903628073720482,0.7566000389620038
1504,6,-0.2123172813514979,0.04971670794408445
1505,13,-1.691743885827598,-1.5310145460753182
1506,5,0.4449177639772873,0.26898713924630585
1507,17,0.727915578025671,0.03715069213344939
1508,10,-1.093674342516415,0.8162860780857362
1509,4,-1.5785231183204333,0.13410710311093743
1510,14,0.35804022675585484,0.4870279203048937
1511,5,0.4825460248442665,0.7535966568333617
1512,17,0.5622324130222434,-1.3763383308429595
1513,19,-0.3433038802730225,0.5999388691763278
1514,17,-0.0019148858044568684,-0.5424446779633638
1515,3,0.3857181881077891,-0.06237799464381509
1516,0,-1.7143984459600006,-0.14474266332063174
1517,19,-0.6028286983930019,0.8618656410322649
1518,10,-0.4375330556309745,0.9962269349106044
1519,17,1.1515007128482808,-0.6271635163393577
1520,9,-1.0652226417188917,-0.969431404235781
1521,7,1.6382392108816113,1.0655924058792667
1522,10,-1.4269027701999735,1.1369102537540716
1523,9,-0.8885651531137297,-0.03471467300753661
1524,8,0.7650622635263223,1.539616490069523
1525,16,0.9377865441290084,-0.33519762042686907
1526,10,-0.5933087736807109,1.735121935068243
1527,6,-0.09570174612597591,0.46794175875818095
1528,13,-1.4877636859072358,-1.3889651675878756
1529,9,-0.9518032158286086,-0.7713637853847427
1530,9,-0.6861522364330637,-0.5208948466632447
1531,19,-0.17681324807146018,0.6368327528724755
1532,15,-0.04017306635090179,1.0571524649854898
1533,4,-0.8737180144940669,0.2455207516317793
1534,0,-1.4390111394693292,1.7214232477786122
1535,5,0.8744944671918558,1.4806009351052423
1536,0,-0.9770852787833766,0.29816601145243804
1537,10,-0.07641163708644395,0.7127099276889147
1538,4,-0.5381060886325324,-0.8102360166231977
1539,6,-1.2648371478911449,-0.2572182968654006
1540,17,-0.08199476701403928,-1.1257994283160013
1541,5,-0.42006112557084624,-0.30577729126340847
1542,18,-0.5032437458512365,1.729320840569857
1543,18,0.13851667431044698,0.6783677834816243
1544,15,-1.2961137793671351,-0.5023740969617988
1545,13,-0.3022290004609267,-2.380866931950929
1546,14,0.8154090505228387,-0.7608185768833721
1547,1,1.6525432921753513,-1.0660142559416457
1548,2,-1.123936823808108,-0.24684111314182347
1549,16,-0.725798882723052,0.2677001811457605
1550,9,-0.9570797824101622,0.4021062872209406
1551,9,-1.4186465548346334,-0.6773120631727904
1552,19,-0.025618939798466203,0.3904941644567857
1553,9,-0.3158541760279215,-0.572173265836189
1554,10,0.22275747181057545,0.9939183318446858
1555,5,0.48351991230876096,-0.453619522605557
1556,15,-0.3504314927246808,-0.5642498115984412
1557,0,-0.8892900232517225,1.0791831739723043
1558,7,1.3434249169508188,-0.516535538011898
1559,4,-1.765895535063808,-0.07166960875736768
1560,0,-1.6830029160084852,-0.5819028238090255
1561,6,-0.8198118155106742,0.18678465840945685
1562,3,-0.07835689940501898,0.16265325814452242
1563,4,-1.4734753892364283,0.30177067158034604
1564,8,0.7199711083615746,0.13355140335456753
1565,10,0.476823801451658,0.2742509204234921
1566,11,0.7714435996716957,1.5878726653346713
1567,1,1.3853351436359898,-0.6828909288852042
1568,1,2.2007181283624355,-1.1959483671202826
1569,8,-0.4495388822891092,0.5532959045436316
1570,3,-0.12259443197678312,0.17319104121436346
1571,6,-0.4574228571446574,-0.6546515763116906
1572,11,1.122592857213427,0.5449156961233833
1573,12,1.5150612549607119,-0.9433047945964121
1574,9,-0.8525815881182276,-0.7382548655343721
1575,12,1.577642606408769,-0.39002326185418124
1576,9,-0.6410877146009323,-0.7583546329979558
1577,0,-2.501004347937839,1.0107957951127577
1578,14,-0.5936836392478931,-0.14516022484169783
1579,11,1.4810584264065827,0.8085284736324099
1580,12,1.1715168150790491,-1.452350077187352
1581,17,0.5000260570865462,-1.809155530692679
1582,0,-1.4598620477911648,0.11203275204458302
1583,10,-0.6480264033779455,2.378307214725524
1584,5,0.7909421003933534,1.1905862815567885
1585,14,0.3991904111006176,-0.5439802887885041
1586,12,1.3595788090003582,-1.9457587692660097
1587,7,1.6554049573641512,0.4488668055103689
1588,9,-1.115483534979691,-1.3135098916377994
1589,2,-0.38766270544168807,-0.3574373710339719
1590,5,0.24409884924842715,-0.13966137616599078
1591,4,-1.5107129331471707,-0.7439131905849243
1592,17,0.3125870436952646,-0.6113348737589421
1593,15,-0.5047078541571186,0.03034677858454509
1594,8,1.6725283033221177,-0.43174230110612355
1595,13,-0.418027990442902,-1.8446707715165283
1596,4,-0.7874624405104945,-0.650182952653309
1597,10,-1.4974030930514697,1.4984649688807035
1598,15,0.5280815625603783,0.7188379445447285
1599,5,1.126172299913244,-0.0023756290141313174
1600,0,-1.9508672309352788,1.1025782040224246
1601,17,0.047887289898121445,-1.8992836185383266
1602,13,0.12040144941656591,-2.4379135258349276
1603,16,-0.6510525203960377,-1.285391421517072
1604,12,0.06094854313600914,-0.7618321438668488
1605,7,1.1413023392788844,0.6270891757501331
1606,11,1.5911500545968325,0.4071682731007311
1607,1,2.00875697922782,-0.9078113662506264
1608,3,-0.2785185274262472,-0.6460147845010397
1609,19,0.8634498315993153,1.2466093494329544
1610,2,-0.3419393532990808,-0.4294953781195215
1611,7,0.5783180377907915,1.2695516960742699
1612,15,-0.33145570790838935,-0.7896448675059554
1613,12,0.6723435310932158,-0.5560712616835983
1614,4,-1.278240413276389,-0.6755052181344141
1615,7,0.04596232949810902,0.7020452526745513
1616,9,-0.06606602993136881,-1.7806531385797957
1617,18,0.7651293013611059,1.3350011873404066
1618,4,-1.763896824440706,0.019983792537303636
1619,6,0.434003158166186,-1.5854854624607293
1620,18,-1.0466848147981418,1.7214878571946413
1621,17,0.3295074447550357,-2.2729895498391395
1622,14,1.4350210132566652,0.6530447675070772
1623,2,-1.0365507965499374,0.7959675957760177
1624,9,-0.16707018227737655,0.14741852221859725
1625,18,-0.37904852879843437,1.1559586861816724
1626,5,0.5224177932506431,-0.051515445479782554
1627,7,1.0764781489776845,1.2292445280874724
1628,12,1.5519106918530925,-0.3879011271670099
1629,18,-1.4042422284050953,0.6002652386770907
1630,1,1.6792433050332183,-0.9280222202696593
1631,5,0.48296813873564787,0.020450159895887998
1632,8,0.018895279130705198,0.9672690425772688
1633,8,2.0153966149991547,0.24365466566162267
1634,7,0.18542203688249295,-0.018571376463144277
1635,2,-0.275414246937298,0.2742049319884452
1636,11,1.4073897722749973,0.1204739756082005
1637,3,0.503484657141206,-0.15489502329730453
1638,4,-1.5644602333375037,0.18976672822313123
1639,15,-0.3741170790371123,0.8593006942855738
1640,18,-1.1272417740024108,1.580706499995974
1641,14,0.558282599892667,-0.7323765272177647
1642,1,0.3165390098382938,-0.6268193909772394
1643,17,0.1662138096861794,-1.130659690656041
1644,14,1.070085360447871,-0.7758533898143858
1645,14,0.16346582316420502,-1.4524011219980668
1646,3,1.392182302956459,0.22109335069428643
1647,17,0.3651438817621792,-0.5310969702247323
1648,6,-1.0163127152139542,0.6067689321228904
1649,8,2.046945158976478,0.21773907638961873
1650,12,1.3446991356964608,-1.6756131261488612
1651,1,2.0747007614049533,0.13390048072263175
1652,2,-1.3399165466886165,0.5169405293599699
1653,16,0.42318308212062783,-1.7248038995603463
1654,10,0.5024640412001665,0.6657054994000305
1655,16,-0.2529433583121975,-0.10464442313417867
1656,9,-0.01700312456070225,-0.43753526337349735
1657,14,-0.15385185036417764,-0.26786403184220825
1658,9,-0.6783120523240341,0.12517189335341117
1659,10,-0.41809819462734016,1.9205968575307946
1660,17,0.4718268133573545,-0.34257375835375586
1661,11,2.0309105351300434,0.40078868526782147
1662,18,-1.1505035996162538,1.2490649585037192
1663,3,0.0043949983914764726,-1.1136242964458813
1664,7,0.8606479334775414,1.4246883194338162
1665,9,-0.39758096301522244,-0.3324194352199112
1666,0,-2.437505077953994,0.46425209670171413
1667,9,-0.6998754016673868,0.10304139556551956
1668,4,-0.6101524933069276,-0.7849322133559634
1669,12,0.41377810279701804,-1.4072965466118967
1670,6,-0.2439659504500783,-0.8020525079698564
1671,13,-0.45960871538979264,-1.6844024230957708
1672,11,1.6592389772109253,0.18437727885170785
1673,15,-0.1539052772290675,-0.35765701431802854
1674,17,0.8986348105193603,-1.5900075326316083
1675,11,1.2461003591405049,1.0376319917924555
1676,11,1.610404977752441,1.094309730504863
1677,9,-1.1502946503658282,-0.26001224505586845
1678,18,-0.6956517094911597,0.4537117532137957
1679,0,-1.9275692403226197,1.9507617281154723
1680,2,-1.5164109507942212,-0.8173406213723735
1681,7,0.953388369074834,-0.33817990879486914
1682,10,-0.3061890178580573,0.29275698204521483
1683,6,-0.1329359238391992,0.4482496616238281
1684,10,-0.19791578969377238,0.33344847453061627
1685,0,-1.375006501292002,0.4344148969861587
1686,18,0.3037527731551948,2.991177962892645
1687,5,0.47281275033202613,2.3799091162457033
1688,11,0.34855932362013714,0.41738100040468323
1689,17,-0.24352451877592945,-0.7055203750864696
1690,18,-0.5993571673717359,1.2239900641406813
1691,0,-1.2852973590878398,0.7673816079941465
1692,16,-0.9169734563293422,-0.5924755114742839
1693,15,0.38353789892895046,1.2393785874857677
1694,10,0.39005395484951316,1.849931890967371
1695,11,0.9487575042585494,1.2953398255370956
1696,15,-0.3905275526409178,-0.13647896487772132
1697,2,-1.1304791491681891,-0.02835090053200149
1698,9,-0.04278923745248273,0.3954186904734704
1699,12,0.7496863327670158,-0.5933767151759496
1700,4,-1.4251250154396267,0.7655043528581633
1701,1,2.057821302226034,-1.4922766587861933
1702,3,0.543667940359546,0.46552579553636736
1703,13,-1.7492652286132906,-1.3046493225656404
1704,7,0.0010747963734406552,0.09727126942241611
1705,18,0.3101606209324952,1.3872072341366588
1706,17,0.7711904680373302,-0.8726933807955629
1707,12,0.10287759736778598,-0.9277395910202018
1708,11,1.6248733640780981,0.8953766239718116
1709,2,-1.5845682733747275,0.9398003346644677
1710,0,-2.396053058861608,0.5560903705722874
1711,17,-0.139657164977334,-0.2256915641033917
1712,0,-1.544827091459721,0.27180681688773795
1713,9,-0.06270365287699682,0.3653595385414648
1714,7,1.3715276861450585,2.542594921019816
1715,3,0.5731983370824528,-0.6393886937783037
1716,3,0.22112183509237107,0.4902514732234487
1717,15,0.014724589737177846,-1.55018194441618
1718,11,1.6226587268775858,0.6012409010423774
1719,6,-0.13952170668065314,-1.392024180242278
1720,0,-0.8803365682390947,-0.07664715508268033
1721,11,1.5970624079057223,2.2271332434485998
1722,2,-0.9379217575857417,1.2743980255847684
1723,3,0.6709399168136121,-0.7173140391849169
1724,7,1.39534465021397,-0.4858881582469852
1725,11,2.1884735233754933,0.8743791135976512
1726,5,-0.16906422056274933,0.6593031314744114
1727,1,0.3363807526243206,-1.5489152399373993
1728,2,-1.209196515471735,0.28874069741637687
1729,11,1.6467558190865708,1.045136678043456
1730,9,-0.7516456065232109,-0.4336233031817008
1731,7,1.5305101044207767,0.025892741045333866
1732,3,0.3285162593323716,0.4880863091510545
1733,9,-0.2828945708596306,0.18370707878707376
1734,14,-0.38138245393834863,0.15930604926052455
1735,17,-0.46615882739759595,-1.880811878340348
1736,4,-0.9851175794621118,0.691875872842099
1737,5,-0.6586400221822741,0.6838135374294636
1738,5,0.6946668079297031,0.17293887020609508
1739,11,1.2308625638502528,0.6829745653600806
1740,5,0.0029723122846516867,0.27895473021400685
1741,5,0.3483067023268946,1.9595894576876853
1742,10,0.22915433894088003,0.8132941714289741
1743,17,1.0180602772570977,-1.5680467792285566
1744,15,0.8259815738367663,-0.35308383866859344
1745,14,0.17834062714848528,-0.22244479688178004
1746,1,0.6764441006846528,0.18610807417752032
1747,14,0.6635249446773629,0.33215098902398793
1748,2,0.7659682734352871,0.2744522484856031
1749,2,0.32836827600107066,0.015636895650400964
1750,15,-0.6502526813447602,-1.3341240168508741
1751,2,0.3228659619807994,0.5800261312063539
1752,7,0.5754620561041113,0.4074721929016564
1753,13,-1.2324258547074098,-0.7854448518220163
1754,17,-0.2961511778237733,-0.4188017239364685
1755,19,-0.37966188854709754,1.597147259167494
1756,17,0.6203603283026096,-0.7011357192976178
1757,3,-0.39077629768021194,-0.8252396329034274
1758,1,0.3202073937253516,-0.33174630447042586
1759,10,-1.538590762442259,2.358827446619679
1760,1,1.1202527041062937,-1.3013057144131293
1761,18,0.11133852705929767,1.574213968656742
1762,13,-0.3471946082856653,-1.570380192086546
1763,4,-0.5634360064108836,-0.1420741866757958
1764,0,-1.301852392368566,0.5178858373062679
1765,8,1.3009382114783943,0.5630059651049643
1766,18,-1.0958382806081546,2.6901593610662022
1767,2,-0.49517674591033606,-0.2532514115289581
1768,14,0.8267843798405605,-0.35716588871581795
1769,0,-0.9704241033542217,1.0894508480386826
1770,5,-0.680681082753512,0.6176899911426557
1771,10,0.33240987995108234,1.5097038520375
1772,5,0.251238194270678,1.4159543997982678
1773,17,-0.11046473661394102,-0.3829053398240708
1774,11,1.4779693519046626,0.522028300176589
1775,4,-0.2592717843687696,-0.12564728471330466
1776,1,1.57007107848724,-1.2999982042129097
1777,16,0.02713940671005853,-1.5925217478095333
1778,6,-0.29509612482802794,0.40233757171536316
1779,2,-1.1612479395660367,0.3530330828159114
1780,4,-1.0366937097085633,-1.2101326846748475
1781,2,-1.952547445815706,1.123273274105015
1782,18,-0.8986863030350464,1.0622435168694886
1783,9,-1.0195573508571103,-0.15440868512148226
1784,18,-0.7927270163252017,2.1542869482151366
1785,14,0.920845340254844,-0.8372844413053324
1786,3,-0.06087754171618754,0.4355798582626342
1787,18,-0.9449473399932705,0.8107793336537146
1788,5,-0.16726154625915746,1.3436264363035875
1789,8,0.7056719040949592,1.6560066384096988
1790,2,0.04867254836988364,-0.27161828440080726
1791,18,-0.027575768785129268,2.0827594935726386
1792,3,-0.29723356336246853,-0.5031654639846113
1793,4,-1.9612674454250958,0.07937172165950546
1794,14,0.4742346782271361,-0.6940857292775389
1795,6,-0.05938940131739298,-0.5263567499798824
1796,12,1.1336072767093028,-1.3604995453859139
1797,11,1.6557779699753945,2.3794288035549327
1798,11,0.23425161029378008,1.1204421869516965
1799,6,-0.11240602444783002,-0.07535633355253384
1800,0,-1.4728177767729331,0.11008921529421652
1801,2,-0.3841892710313128,-0.33080141468508656
1802,12,1.5628888031796244,-0.5536591076732251
1803,13,-1.2576480191176507,-1.9904466970702375
1804,15,-0.6249045045601341,-0.6580586211494686
1805,17,-0.34199970389662676,-1.3909124511913118
1806,1,0.9771295613725912,-0.665948237199898
1807,15,-0.5764855340148108,-0.9800383719431511
1808,14,0.299025248518572,0.2583913762787004
1809,12,0.7930724478709454,-1.2768428437049124
1810,17,-0.38129711352640777,-0.42493461967186935
1811,18,0.4885844989032137,1.3724365499904159
1812,2,0.3405146565169055,0.21733762529509437
1813,7,1.5300193159149156,1.5539712902714191
1814,15,0.6849720800816832,0.35518336784911436
1815,5,0.1930479871312832,0.42611537960545093
1816,5,1.3914669954296697,0.5300288215496415
1817,9,0.10264469464961501,0.31990269232009744
1818,9,-0.24061847285475113,-1.6114714491772246
1819,3,-0.2136047575627822,-0.3487820553865823
1820,8,1.2650789302192036,1.106832460286822
1821,10,-0.42142593661846633,1.4943921047758228
1822,0,-1.7428368586020313,0.14584187572831558
1823,9,-0.8549657139053772,-0.49546865502634496
1824,12,1.3040581862258551,-0.7362050653058833
1825,8,0.2962818114996369,1.5542116580391088
1826,10,-1.0209241776576359,0.8508524599226521
1827,9,-0.27039391696284376,0.06996328416979454
1828,8,1.887564196456681,0.5207819231068155
1829,6,-0.5087055545782488,-1.4726968458349838
1830,12,-0.019560158676609346,-1.0964339168269923
1831,7,0.795783373395771,1.2507578477003995
1832,7,0.7480094987284595,1.4425051028206015
1833,17,0.5499559332728432,-1.3216663202647205
1834,5,-0.769232895691819,1.3956284170698292
1835,10,-0.3135416322250042,0.5606187543991913
1836,2,-1.030374209084034,-0.6986738936734018
1837,19,-0.38282139847192254,0.43643025824545817
1838,5,0.45133042784426347,0.5390444803029538
1839,0,-1.4979432164231234,-0.12812351181849183
1840,16,0.37157238361616324,-0.8197597971404158
1841,11,1.3136062334621745,1.0989098315576078
1842,4,-1.2805441265215878,-0.12068012426770165
1843,7,1.5988260790710322,0.8450078312822902
1844,15,-0.6295017545043108,0.37725705905802875
1845,10,0.4195259791043718,1.4599926322419001
1846,12,1.9294008904376947,-0.8109414592208328
1847,5,0.490520166651999,1.0212962158294758
1848,2,-0.381358237223812,0.6306840778535712
1849,5,-0.47093607796604164,1.1772732372016799
1850,5,0.27424985030796106,-0.036295334068901675
1851,9,0.28104816068983113,-1.44150068802007
1852,7,0.8691002396771889,0.657887600743502
1853,15,-0.5909645088005945,-0.6439837367735409
1854,18,-0.2759220100612467,0.7807497352296292
1855,6,-1.6322578125186846,0.18164936473092125
1856,4,-1.5355179657224067,0.9890717107036576
1857,16,-0.76479750615695,-0.002038263564850073
1858,14,0.7763179740903574,-0.04070810415304629
1859,14,0.7863350711158414,0.2877182142684604
1860,9,-0.768213523707406,-0.07861890904598005
1861,6,-1.2528335073592127,0.47809126589454
1862,5,-0.33775975665107644,0.8652417339747195
1863,1,1.660482180066058,-1.7715423670548918
1864,18,0.16350372372349284,2.976469116107508
1865,19,-0.28567361493713017,-0.7521647926184939
1866,7,0.7810665308817023,-0.2367934995797985
1867,18,-1.4414930232711336,0.8970403557036599
1868,10,0.3356754455057087,0.9641276468253998
1869,4,-1.729266665772276,-0.7674449381899535
1870,10,0.050647846576223204,1.1219292530656921
1871,12,0.9551336981728931,-0.5125381071534066
1872,5,0.38056720335927346,0.28522188407321586
1873,13,-0.5991618596773826,-0.8952043099032203
1874,9,0.23575615389235946,-0.07041187356198644
1875,1,1.6109395625719425,-2.1932949835612514
1876,9,-1.6308511981885805,-0.6290963186639708
1877,0,-1.5658874486814423,1.035452060581007
1878,11,1.502261558585515,1.2652625734228764
1879,10,-0.2647011318379851,0.9303837449800568
1880,12,0.6707388884071028,-0.9056054816492543
1881,16,0.5704046564455653,-1.5631755101020173
1882,18,0.6383827530199634,1.5595143504641666
1883,7,1.2730538052365519,0.9854956785449344
1884,10,-0.9350787650333774,1.3907977227358457
1885,17,0.7810077751951087,-1.6516347620413596
1886,0,-1.0337183643107752,1.0975723826758754
1887,5,-0.2535246824334509,1.0032933575516383
1888,13,-0.7152468413676089,-1.1654249415019122
1889,13,-0.6062333059340236,-2.443032904025644
1890,15,-0.5366450834322402,-0.8297510590042212
1891,8,1.1558994627246582,0.2100023521682066
1892,0,-1.6089913819185644,0.2741668780114103
1893,7,0.06954459392464288,0.30015122269578554
1894,9,-0.21537988069785263,-0.09680833411838599
1895,5,0.1334862303896838,1.15900202711
1896,4,-0.8014799679041152,-0.23472353393078307
1897,11,1.1979013629795006,0.960276286672053
1898,2,-0.19819801565154682,0.37127428144344593
1899,5,0.3621976757759006,0.19997021072659382
1900,13,-0.7611091637813262,-1.7919999720735513
1901,17,1.3295255726427564,-0.9989397446604376
1902,0,-1.9068399621364263,-0.4472868170634244
1903,17,1.169263386522486,-2.115391591829264
1904,2,-0.8870723782729572,0.37478037858085445
1905,7,0.2868935617366492,0.8502784507378746
1906,16,1.0869862376461155,-1.1257562234710372
1907,18,-1.4215342013345365,1.1851202601689854
1908,17,1.328715120089813,-0.1421046103572672
1909,2,-0.5201033099720619,0.6759738509059245
1910,1,1.3442907224105274,-2.104635603708719
1911,4,-2.0955721386345947,-0.31297325291235356
1912,18,-0.0771815744983884,0.8369496953703097
1913,1,2.163844491896864,-0.04719404474550269
1914,14,-0.27191872659323096,-0.15523408204980738
1915,18,-0.5599405752303408,1.9141046945895246
1916,2,0.07499817261019917,-0.014711079504633587
1917,10,-0.5711761987577152,1.6851590999556676
1918,10,-0.6313932182166699,2.095137102978623
1919,5,0.6629883341637131,-0.3316788882413476
1920,16,-0.6698763574670054,-0.9856393181265273
1921,7,-0.05971538947299751,0.09628914292447043
1922,1,0.46740604608940584,-0.344386685471304
1923,16,0.10404460078160264,-0.23522232658002082
1924,10,0.3153700652356531,0.8226227706019593
1925,17,1.1862002651636059,-1.411578008395245
1926,11,1.7865882807987814,1.1634525350075857
1927,9,-0.27194873689998833,-0.7403702555623565
1928,17,0.2699688911905649,-1.7530250619054941
1929,0,-1.86000592030594,-0.4996524439917658
1930,12,1.5722382431289335,0.04236135730155031
1931,5,-0.4124760900797962,0.7445957670268563
1932,11,0.8252852759327692,0.8505943625221907
1933,18,-0.24956777004012703,1.7858376820963466
1934,3,0.9910972952603436,-0.24239223675958915
1935,11,1.238453592807052,2.6803021115610592
1936,18,0.17746709250493767,1.9623072676534634
1937,19,0.06575932739190042,-0.011731082335819447
1938,17,-0.02955992475219213,-0.636553171601356
1939,2,-0.7415773422334379,-0.7840598871893213
1940,12,-0.2895169836672044,-1.1919430397274882
1941,10,-0.23463658418466293,0.6546767569701172
1942,12,2.241564445579281,-0.5679674421947121
1943,3,0.2437747544438041,-0.30559734478058775
1944,13,-0.7075238520144069,-1.4211760064502605
1945,10,0.09664493604110339,1.324740634426351
1946,11,0.6146921422460654,0.5791808341917293
1947,14,-0.056795260803757214,-1.0896475497893017
1948,2,-1.1122897925713773,-0.012865207370081953
1949,3,0.334566543429334,-0.6192715914514378
1950,17,0.47064370468441463,0.15897624936704524
1951,18,-0.5640401719590045,0.5262496719187743
1952,14,1.7654866055942773,-0.2821828135638149
1953,4,-0.2694010328820253,-0.06579451676338191
1954,6,-0.8062451553296137,-0.6147914925054413
1955,17,0.7547949309284313,-0.6997129868246968
1956,6,-1.148430022280002,-1.2476802128998536
1957,6,-0.1333884692790514,-0.31348288641680383
1958,5,-0.7078759727970321,0.22051556346040044
1959,15,0.22198669463303553,-0.13004607614819902
1960,0,-2.412534673058417,0.18865760581586394
1961,16,0.3441809750749602,0.0329409127838662
1962,9,0.27101079632956043,-1.4826445927064098
1963,3,-1.4053907367816838,-0.5045633712519476
1964,2,-0.7347934316008774,0.04384496954178269
1965,17,0.37055714626681363,-0.7510886112075925
1966,11,1.1321413645540608,0.3962973408329847
1967,6,-0.8711806482932483,-0.5064255806314205
1968,16,-0.595400639174036,0.656210160999509
1969,12,1.5537681865444075,-1.3456425114617039
1970,1,1.5167821525534684,-0.5298747895366891
1971,9,0.43074983086992913,-0.2302625732785586
1972,10,-0.022790188404001016,0.7911541120108935
1973,0,-1.4328330311395223,0.5094843420112702
1974,12,0.8793958780774289,-2.1705780418068983
1975,5,-0.15377681239409643,0.5802833061101967
1976,0,-1.781096139210138,0.02015766528317259
1977,14,0.3280088086955723,0.0056191215829445
1978,11,1.52932623022715,0.06348265716705113
1979,9,-0.4357629517222762,-0.4356943487517191
1980,10,-1.3272951355920368,2.2226238312336366
1981,8,1.796958259185826,-1.0991662245820828
1982,5,-0.016962590975614644,0.832835994543913
1983,0,-0.883546592239383,0.03263014504840207
1984,19,-1.0046474941981594,2.2362395401039876
1985,5,0.3139901431855529,-0.2658961473778495
1986,17,-0.01019819747178455,-1.2541716760965722
1987,12,1.717334904715087,-0.0710787459278358
1988,9,-0.8650474937857657,-0.06950298958831429
1989,15,-0.8630948944998579,-1.244190713576255
1990,17,1.0480675873451173,-1.379366392791264
1991,4,-1.4526120470468975,-1.2539624849150275
1992,9,-0.1781433057667185,-0.4314112950244638
1993,10,0.7228670674619131,1.091137746489021
1994,12,1.5577457735210567,-0.7854834023309575
1995,5,0.7391121215995073,-0.4546096225812792
1996,9,-1.0014134867009261,-1.540218597691258
1997,1,0.7808355305589126,-1.1650111340613645
1998,0,-1.7812547457933692,0.7266240423304449
1999,5,1.178836500949088,0.664284237201933
2000,17,0.6998975818591726,-0.15889800441322768
2001,14,0.6926498008659291,-1.58467646027484
2002,13,-0.6403656224962944,-2.1228796511358516
2003,10,-0.9802639351282201,2.0500672400835547
2004,1,0.916742555595931,-0.20688993966170866
2005,18,0.11523065017719067,1.3081229829343997
2006,16,0.11132442919508938,-2.28361704822487
2007,11,1.1144478523323704,0.9341732409220274
2008,6,-0.7712222385604107,-0.7826139351079154
2009,7,0.6014230550091488,1.9668121781317736
2010,10,-0.7146691093171544,1.3812976321823476
2011,0,-1.1041918349726056,-0.09495818351642234
2012,18,0.16635380960107218,1.8079062447150658
2013,11,1.3830963659118154,0.024341626282882774
2014,3,-0.8432244656165223,0.8677279759255649
2015,11,0.7212378730053778,1.1359645674423267
2016,4,-1.2356070592484905,0.2137107756303405
2017,10,-0.4599234310298396,0.3793288695273636
2018,13,-0.5687629165764251,-1.500398168724811
2019,18,-0.17909565567565777,1.2653722207851146
2020,15,-0.6977690989014941,-1.5791515905537885
2021,8,2.3488992675680587,0.7720810712501943
2022,3,-0.600655778007022,1.3228236344243334
2023,2,-0.3687079137679476,0.9907778452105794
2024,17,0.9487382983622797,-0.9230944087591075
2025,18,-1.3890711607038724,0.8344549395993028
2026,9,-1.6933850067578722,-0.9482522608837239
2027,19,0.18457700604770202,1.542796404661862
2028,13,-1.745389647398205,-0.7336786889918219
2029,2,-1.1371332773913472,-1.007026838691586
2030,17,1.1957543599425913,-0.712933531773692
2031,11,2.169210269320265,0.3529469839440878
2032,14,-0.29344249494466784,0.2751015696954228
2033,9,-0.14670167310598575,-1.2933369388705707
2034,9,-1.813058094291827,-0.0926868085549321
2035,4,-0.5120965958142897,0.5847020766229512
2036,3,0.07577326184959043,-0.08848737367530457
2037,6,-0.6717155174761411,-0.5099038145864664
2038,6,-0.2490155881315379,-0.5555238638147453
2039,17,0.26334182299555914,-0.34365899747864687
2040,1,1.064960092174134,0.22677555249889944
2041,3,-1.0112627902900118,-0.4585731277504776
2042,1,0.37060559086640205,-0.7567507878981706
2043,16,0.6083551313696887,-0.48945432085889223
2044,14,0.13409758111894657,-0.4859374263273241
2045,17,0.1653107067019691,-0.6319248560723452
2046,8,1.6567019297318164,0.8513857541282468
2047,7,1.5941715408821029,0.4417102366073037
2048,15,0.09179116334283563,-0.8766601291559042
2049,14,0.1489975490395514,0.0750250171987927
2050,8,1.089151830807309,1.7959743101231869
2051,13,-1.9455443480335577,-1.7373817671645948
2052,9,-0.6543696419547823,0.20004751851142616
2053,9,-0.14864738582343512,-0.8322999627561609
2054,7,1.3396048238314084,0.3626325074858987
2055,7,1.256795595723321,0.34758293682690766
2056,18,-0.22718469319284285,0.6805103874847525
2057,8,1.563189017555611,-0.5731141637312768
2058,5,-0.24922849972479497,0.5282709416893862
2059,0,-2.335157020357494,-0.35190704714206716
2060,13,-0.43674968787292745,-1.5513317646038234
2061,1,1.8184732956317484,-0.5556559424186885
2062,0,-2.4332703106284215,-0.4013005555600534
2063,17,0.8146104053612527,0.0018066255411950335
2064,0,-0.8972366581317056,0.3334051697674258
2065,10,-0.09073069406670331,0.6090508447462638
2066,9,0.22401606514662584,-1.0229028535767453
2067,13,-0.48034713698607656,-2.213296649538312
2068,2,-0.5064518859198759,1.008163980362113
2069,3,0.060706126432180485,-0.7146796269690318
2070,12,1.0898581549005062,-1.328282735861243
2071,4,-0.9750105377632344,-0.5263591861734827
2072,9,-1.2402180932609728,-0.4982753426821856
2073,5,-0.15612734593182095,1.600292533020938
2074,4,-0.5435880538764472,0.27360893471759307
2075,17,0.0214386290749711,-0.49125154733736676
2076,11,1.3189267169782384,-0.1438787484647276
2077,10,-0.8832796317662168,0.4203076323116511
2078,18,-0.5001531235408473,0.6349226029074877
2079,9,-1.8653971013822201,-0.7440864888400814
2080,13,-1.7403953152702367,-1.6532355403803896
2081,1,1.986210955101969,-1.1907653935449338
2082,10,0.9724673584665748,0.8523028935837188
2083,9,-1.131278750409934,-0.21855236266165692
2084,5,0.4110561379102064,-0.015317555353472864
2085,4,-1.6112013694141047,1.6824024604604835
2086,18,-0.06468186276833808,1.120710246885941
2087,17,0.37577958584962295,0.10800904924009747
2088,13,-0.9654701458728654,-1.066543019573685
2089,11,1.689703371880883,1.1438146704872785
2090,12,1.0704942408023834,-1.2615137588627028
2091,5,0.4087859409236328,0.886983037515667
2092,19,-0.19926705608009646,0.8333476167654124
2093,12,0.6045369804401598,-0.5574476352310969
2094,3,-0.5278411497073667,-1.032533026802394
2095,17,0.40488820264331,-1.5468835272763335
2096,3,-0.17530866772052228,-0.34395751058883384
2097,3,0.4659915177335199,0.6910792683784786
2098,1,0.9098956989965912,-0.908624754814032
2099,3,-0.17522359901467793,1.2415772572796109
2100,13,-1.4630573293255777,-1.1397667152694717
2101,3,0.11798664274488993,-0.9316010350381156
2102,9,-1.1256238914357748,-1.3204980131646313
2103,7,0.8413165181452007,1.224148342221325
2104,14,1.4665788273189355,-0.10384467201428553
2105,5,1.4725767343779836,0.23783282412751883
2106,9,-0.26060525963993325,0.036004889178377686
2107,7,1.4055910829895455,0.9049899944247135
2108,2,-1.1852356855106942,-0.6398441792994255
2109,18,-1.0546157132733287,2.453746294409483
2110,12,0.5177178518975804,-0.6105999472035885
2111,2,0.020738664676059837,-0.3696889239801435
2112,8,2.097803259887204,-0.2307447087807111
2113,14,0.2379006569206014,-0.5223728976597282
2114,2,-0.4577221460170368,1.214158275290879
2115,14,-0.0754643723488418,0.4296492979605776
2116,14,0.3897355543365462,-0.0195101979152322
2117,5,0.025348967722749416,1.5172206783976923
2118,2,-1.9279762430610206,0.7685398173610465
2119,1,1.6961962851272312,-0.8863468292203223
2120,1,0.25069057204801787,-0.4192282723482946
2121,4,-0.8123263034503059,-0.6577624493854579
2122,12,1.3407465434401942,-2.160932021644371
2123,13,-1.7121801446339162,-1.937776816987014
2124,10,0.8943016072755889,1.1885104296211777
2125,10,0.3200038932801674,0.31989433817375973
2126,6,0.33586721457096885,-0.5423241587676481
2127,10,-0.20957667360097904,0.5560254991574588
2128,2,-1.2704624293098028,-0.22785211782113904
2129,17,1.41163252869363,-0.7979911428323339
2130,2,-1.1048893439393614,-0.14611683612784618
2131,18,-0.5176598188682268,1.1364557366623962
2132,0,-2.1622639992455324,1.475840673505323
2133,16,0.5051065983067979,-0.6754382244963434
2134,15,-0.2526344686332763,0.8915138771748864
2135,3,0.17232956566450744,0.011727720052985453
2136,16,-1.574981740477779,-0.7639217989308862
2137,18,-0.41858867169333697,1.6567239433742946
2138,4,-0.6353213007303016,-0.9174218404015
2139,9,-1.036009403583028,-0.6983912315155643
2140,14,0.17088411874886025,0.0905053045823607
2141,18,0.07743217598738067,1.073754385793332
2142,17,0.3501997905854432,-0.5359349971879184
2143,11,1.222078238765658,0.5082144093042394
2144,6,-1.7163199659657808,-0.0718776975438134
2145,18,-0.3856061877368051,0.6029730831261891
2146,15,-0.6722199215009099,-1.2581302785220219
2147,6,-1.6544987056633544,0.7312002046376685
2148,16,-0.9003233636694227,-1.2820622627640164
2149,6,-0.10075995765093229,-0.913275552500533
2150,14,-0.021345464942802178,0.5560936639547472
2151,17,-0.11923139297321983,-0.7656019664006342
2152,17,1.4072751633083416,-1.3386718909257536
2153,3,0.41255908441396666,0.2347760413997657
2154,13,0.33519065687900956,-2.946431914402239
2155,13,-1.6868187608061203,-1.1343651254397429
2156,11,2.0160589380715237,0.9218608443827091
2157,9,-1.0890413403514945,-0.5551214834599365
2158,9,-1.213575912507619,-1.9207239072492925
2159,13,-0.19423525109035425,-1.420780568172476
2160,15,-0.18093616693260636,-0.08528653683704371
2161,11,1.6176638470442815,0.31578936565885607
2162,9,-1.0681443184576458,-0.6865887657413656
2163,6,-1.9198712897902415,-0.5183122080584044
2164,18,-0.6353961834182019,1.414309625751828
2165,5,-0.3820023248296165,0.8684917607518684
2166,11,1.0324349053979553,0.33185210936573895
2167,1,1.290599256218196,-0.6272367886354964
2168,10,0.20374792996287475,1.1885652162031364
2169,1,1.191736740492491,-1.77148827474765
2170,3,-0.3654042824144555,-0.2376367058576936
2171,2,-0.4108420930615166,0.9972339723949327
2172,14,0.433343494612987,0.09028471263135121
2173,16,0.447811238913841,-0.10249730496992077
2174,8,0.4674654623975376,2.526199090039538
2175,6,-0.05756507465642212,0.27462964224348185
2176,15,-0.6872362744257459,-1.1128641041770593
2177,6,-0.4121614481310251,-0.6232973398407827
2178,18,0.2630935474400244,1.2915923620761858
2179,14,1.1673194400390032,0.4806759264130329
2180,18,-0.9388466901255509,1.8668303553732974
2181,13,-0.7614978514023335,-1.8826141358138417
2182,19,-0.7198424112804492,0.14345557136430134
2183,11,1.5321947363431112,2.4894042999998502
2184,3,0.395060430441749,0.3510805363096882
2185,13,-0.7927914371418602,-1.3976004695275366
2186,2,0.32637774660558744,0.3009586106595298
2187,2,-0.15897809146714043,-0.27025522892641596
2188,13,-1.4224315538824246,-1.9229663303571214
2189,12,1.6929189059925258,-1.0812254061929156
2190,2,0.31559575004886387,0.24273550071622751
2191,3,-1.2564781408417276,0.6479845443047759
2192,10,-0.6821253347466883,0.970566477226389
2193,17,0.6889870423757688,-0.5754907426241964
2194,5,0.27483383895514557,0.48471923159191266
2195,15,0.28574588373763227,-0.6053364965707553
2196,3,0.8622591255628724,0.14602739135734968
2197,2,0.09294115357384339,0.2481153513903268
2198,13,-0.7932225687708524,-1.6405722834544967
2199,13,-0.9807374431093976,-0.8717995241123944
2200,17,0.695635100829392,-0.3216024486514125
2201,18,1.1644291818474504,1.646207433593012
2202,7,1.6022885791391996,0.9976845001818545
2203,4,-1.1437872888733607,0.7269830230692524
2204,6,-1.079411240849379,-1.6086884628712694
2205,2,-0.6142446478112155,0.8704501430676487
2206,1,1.3254064336385598,-2.1881519260295867
2207,2,-1.2724227067939011,0.44499931685266403
2208,7,1.3553719988672646,0.9592669324758252
2209,2,-1.608485947361172,1.3405307673933964
2210,16,0.41670992432768883,-0.676488707861943
2211,17,0.8224533891795603,-0.3383410916395635
2212,11,0.704907725654624,2.179013223384201
2213,14,0.7110868859065181,-1.7692214801227737
2214,15,0.33243598435262856,0.038133196050947185
2215,11,0.9231598551319184,0.309067259821249
2216,1,1.763057652639027,-0.6696831158883845
2217,5,-0.21308783021438185,0.9015968565204792
2218,4,-1.1726486015522102,0.7985908900210297
2219,2,-1.3926085313833911,-0.23198821413491094
2220,13,-1.2795922021356976,-1.733849201488774
2221,18,-0.6002925070752338,0.8623074423889938
2222,13,-1.46032130332324,-1.4182273006929995
2223,10,0.3271163847272759,1.8303922520207667
2224,10,-0.24074816344237526,0.9533058098645465
2225,6,-0.05933280630592146,-0.5615338956335365
2226,2,0.554150359047267,0.3873157484196096
2227,8,0.6835996180549978,1.5470173534267129
2228,8,1.0949119878993159,1.328100685568162
2229,4,-0.6140479858105516,0.32087320972215133
2230,13,-0.55276049201488,-2.222130530400941
2231,17,0.5172603453886027,-0.32978992969358784
2232,19,0.017149753570158563,1.0211544931783825
2233,11,0.9546257994969336,1.3843202186871173
2234,4,-1.7181925873924548,0.31136422032587685
2235,12,1.1343971285835512,-0.8439150058147014
2236,1,1.6751067726023483,-0.5705673341747882
2237,4,-0.8842355999270348,1.5330133353618243
2238,14,0.10766739608732914,0.34704985793232834
2239,13,-0.6620275463273243,-2.6975824345499615
2240,4,-0.6971949255426967,-0.5203364785877338
2241,10,0.9876308849369668,1.677098913815852
2242,13,-0.8728504212609698,-1.1850355947278264
2243,0,-2.236116504563903,-0.38503440934352534
2244,8,0.22191057954526858,0.9879213754754459
2245,17,0.8901269031979773,-1.3713848229241299
2246,9,-0.16642757360797883,-0.7125020987515376
2247,2,-0.4725421141379989,-0.09458350475534406
2248,12,1.3289986352562135,-0.9970596118228926
2249,1,1.420124279395756,-1.6776484583294484
2250,12,0.7145161694862534,-1.5009414120825333
2251,3,-0.7422350875562352,-0.758338714795436
2252,12,0.5325732463037461,-0.7372910743503015
2253,8,1.1683798828237733,1.027236993259408
2254,17,1.0445729721983965,-0.8701193521598691
2255,3,-0.8308305415287246,-0.3860867236103444
2256,9,-0.3818005162032872,-0.9744895384419455
2257,2,-0.6423045101050336,0.3401352063376882
2258,2,-0.462345591097601,-0.625150627859214
2259,17,1.0952875507520994,-1.6941517957237782
2260,0,-1.0065151608841607,1.0114179869385016
2261,19,0.2387997725761425,-0.43571056013759707
2262,10,-0.8524363708680381,1.5740727884774515
2263,0,-1.1520320592115814,0.30730662207993603
2264,6,-0.008744771335880282,-1.1211889114912221
2265,6,-0.6364544415588012,-0.6043315478725213
2266,1,1.2640069754193526,-2.0814770738056567
2267,2,-0.5704948583759752,-0.2883316732069952
2268,4,-1.2529995145514714,-0.6460483928986236
2269,1,1.1025762618755477,-1.234548779566782
2270,11,0.33339066062485,1.494475929031228
2271,11,1.2959690793445449,0.7226210261146009
2272,3,-0.7165343222929129,-0.5733134595979149
2273,2,0.13870413987100008,0.5494804725760553
2274,10,0.041123443727888176,2.2471645942184826
2275,6,-0.8589646907515879,0.42001478044207546
2276,9,0.07626141437536876,-1.5502964527393
2277,9,-1.0967896836290671,0.5305915374049146
2278,1,1.497326379547627,-0.9872710926983249
2279,8,2.208333040293778,0.16323522273792673
2280,3,0.7630994017761141,-0.16313037798311125
2281,4,-1.177013089798555,0.8990703733066612
2282,6,-1.8878387320460157,-0.7064948572853282
2283,9,0.07105791849276397,-0.6014478820751877
2284,5,1.1057514344258685,0.9640442772578853
2285,18,-1.032922886029392,0.9494956481679644
2286,1,1.211028467044636,-1.5155347401706922
2287,3,-0.3988167189553155,-0.29019544691370547
2288,6,-0.027799997350369372,-0.37902980654597285
2289,12,0.7819621950583758,0.19976384937483394
2290,18,-0.6982764919229895,0.8558577036640322
2291,2,-1.7697612229000221,0.6869843568542487
2292,4,-0.7023482892340129,-0.42191655644538456
2293,17,1.6452706426278574,-1.2929512619388908
2294,11,0.6828943505880445,0.6740792163677092
2295,3,0.7062389330816288,-0.03799636676595297
2296,9,-0.5149461924789189,-0.6026968180686757
2297,3,-0.6907434623654127,0.13625758038285404
2298,0,-1.6439453819507917,1.1367174402479123
2299,2,-1.2477795131590876,0.6770526121444094
2300,2,0.07044367120995154,-0.37589702016973175
2301,12,0.9279980512627815,-0.5788358728909331
2302,19,0.26575203790965457,1.2458300670918725
2303,17,0.4104378298905627,-0.04399868449811174
2304,19,1.0339961467325267,1.3638815496403256
2305,15,-0.8995645782313179,-1.1066578129034372
2306,19,0.3659697042564734,-0.2524771605271778
2307,1,1.3156801258441395,-0.41447599679920916
2308,18,-1.3014693484398114,0.8252168103965415
2309,6,0.01702907413938004,0.07327835885692431
2310,19,-0.3235263576344092,1.0163948050643725
2311,6,-0.6516573775115355,-0.4091047659803603
2312,13,-0.21333551333968823,-1.6785076209093521
2313,16,0.6125643057135255,-0.991403866507519
2314,0,-2.1073658773928425,0.5733886490047555
2315,0,-1.7094894547098167,0.7066219022754957
2316,8,0.22953190656681957,0.16954797045839357
2317,10,-0.7926180875658818,2.0152090583759463
2318,9,-1.0049554260368199,-0.814130782006587
2319,9,-0.8814476066802402,-0.35207625515261276
2320,5,1.3503069291165715,1.4861397503575915
2321,13,-2.045447214067996,-1.2193836846171102
2322,18,-0.48346817910233697,2.0587153232462785
2323,10,-0.49789247431760936,1.566293790952224
2324,18,-0.3579240987082738,0.8447465898476832
2325,18,-0.10960562448516827,1.8522400394774017
2326,10,-0.15703882768655852,0.45099876160138785
2327,14,1.622314645817531,0.05601923503305771
2328,11,2.4790789788102323,1.0516916437445456
2329,18,-1.2910755339388569,1.1049049091150696
2330,11,2.6880807448142248,1.0150348093128883
2331,5,-0.6294978218578963,1.8003449051254994
2332,2,-0.8165735083251332,-0.3553593588701832
2333,4,-0.3034218305286834,-0.20584834209007719
2334,17,1.4527117499811995,-0.1597859915495905
2335,11,0.7468182348283116,1.0243078985409237
2336,3,1.0140698878367083,-0.4714141476599131
2337,1,2.21708780647744,-1.1541737179552454
2338,2,-1.0698559018983265,0.4274214161365595
2339,11,0.8942441676773298,0.5007730182476712
2340,14,0.5141736830280172,-0.05840978212887864
2341,10,-0.8571122935151039,1.4082982093295702
2342,19,1.0503488737725963,-0.1911485505340481
2343,16,-0.5659672462187425,-2.027263477099266
2344,17,-0.4352261002955114,-0.8126989852239024
2345,5,1.1682074389508494,0.26796238726853644
2346,11,1.1065250187456341,0.4356428958682369
2347,5,-0.4731897164866754,0.4186390055323387
2348,6,-1.7853044696153129,0.5584561041717595
2349,19,1.6061525806807997,0.4712005096600124
2350,3,-0.5687783784341416,0.1002006268306089
2351,13,-1.182725647624351,-2.5365918155200036
2352,0,-1.2075413802332249,0.07035585775628059
2353,17,0.45987724061932883,-1.7856419791891978
2354,12,1.2223400242538693,-0.6218913339531585
2355,19,0.4567870559195316,0.08036402056459871
2356,15,0.13132482047181246,-0.44192923326441474
2357,8,1.0339471001076121,0.5870310489833155
2358,1,1.9024066251826683,-1.1466271936477017
2359,2,0.2218348284262261,-0.27843457649782416
2360,5,-1.0140397605757028,1.127861631704395
2361,11,1.2167942806252743,1.7296063571654752
2362,14,1.3545280098537904,-0.8241476671491623
2363,14,0.9028412854321628,-0.522933998965595
2364,4,-0.9748516281202937,-0.6955804412661226
2365,2,0.436809186095704,-0.022349163660008584
2366,15,0.6614320025497528,0.7331900805401907
2367,17,0.5266796232835845,-0.8954783922023595
2368,14,-0.30992073640588513,0.45426318926379006
2369,17,0.49853676542439934,-1.7028672089539996
2370,1,1.7927581366158707,-0.28401447374472577
2371,19,-0.15514235320124017,1.2020474815224764
2372,17,1.4171051984645473,0.28565987149993555
2373,12,1.3695314279769797,-0.8787521243091261
2374,5,0.7112173005384936,0.9967619716736367
2375,15,0.010993783829872537,-0.6289288338154378
2376,12,1.1670070413056213,-0.3921526341526751
2377,2,-0.614403643968571,1.8060484552398108
2378,10,-1.318885077492509,0.8600873313242111
2379,13,-1.4084216999612842,-1.6558036599565873
2380,15,1.0913312832948636,-0.008548108612059593
2381,5,-0.13563818816257958,1.0762073658301703
2382,0,-2.1642583536235143,-0.2598415461943337
2383,4,-1.0616210823623136,-0.7888950629714051
2384,2,-0.5903599076724305,-0.48282983371327515
2385,14,0.05676917498539005,0.2680619014673053
2386,18,0.17839486036194258,0.665249751903179
2387,1,1.8067572826565235,-0.22596377758081457
2388,14,0.42510659093803516,-1.4121404202007177
2389,17,0.3664711302868762,-1.1158443620739122
2390,14,0.03389965735901132,-0.05560003149588859
2391,2,-0.3655868890398767,-0.22690721957910256
2392,18,-0.274624980715243,1.3038537362139255
2393,3,-1.4735263855116174,-0.21638755703550222
2394,17,0.5809170407635115,-0.3940864835428205
2395,4,-0.7734404181758489,0.21991782457246065
2396,15,0.06262270644202471,-0.07454008859816334
2397,18,-0.42984791793065114,3.0306412637619333
2398,13,-1.5764383232462915,-1.943677420325816
2399,7,1.3564488011067624,-0.440592684520186
2400,2,-1.0397649947245677,-0.2835054798067663
2401,4,-0.6780416462887674,-0.0968519281582423
2402,18,-0.49398558893331146,0.6720149936570817
2403,5,1.1749308063828567,-0.09100012043429212
2404,0,-1.482285065741907,0.597612785522751
2405,7,0.7821356816266233,0.3370351819748799
2406,15,0.05874217519386435,-1.3018310038245406
2407,5,0.6005499436384057,2.008289153298133
2408,9,-0.9222478849510287,-0.17269071982999568
2409,15,0.3224614049523103,0.11173878248676268
2410,5,0.6969408721087866,-0.12827211355003493
2411,8,0.7225663210518289,1.5457230368486596
2412,3,-0.6178006464506607,-0.7195681928904772
2413,12,1.1060374530387382,-1.0532866889956674
2414,16,-0.8860365716345254,-2.036382237431591
2415,9,-0.0971514545517604,-0.17944908658854225
2416,12,1.119243617123526,-1.0790668610100267
2417,4,-0.35045567348784173,-0.9773633199982116
2418,10,0.3848491891168897,2.083729947222249
2419,1,0.576327468077047,-0.27035442891193817
2420,13,-0.9452950594412618,-1.9286211125633224
2421,5,0.19182175897766557,0.3638346199598292
2422,18,-0.45000995473264765,1.420915447970732
2423,10,-0.6305213626356995,0.41913271637356403
2424,0,-1.9683052907206946,0.8522983975083177
2425,14,-0.27509542864643816,-1.1478141322895807
2426,12,0.03329258938755528,-0.8437965997820925
2427,9,-1.009539242946674,-0.7755002840539854
2428,17,-0.10087334496781795,-1.5437828958915618
2429,5,1.0289602491310068,1.5100440086264986
2430,3,-0.34138849524111553,-0.9044835004460444
2431,1,1.3139463291182334,-0.6742768621796489
2432,18,0.14758202183094424,2.1142645159186206
2433,5,0.46653957775423843,0.2625570303902
2434,2,0.22038071138359636,0.672451918982219
2435,3,0.42262282071620133,-0.25895966561429085
2436,1,2.4911290443303566,0.1751769313827039
2437,18,-0.37874705870249376,0.727331290288725
2438,7,2.3886422842428914,-0.4627356631584082
2439,10,0.4821407869335107,1.4796661213683728
2440,0,-1.3207313158987704,0.0824805774335841
2441,4,-1.4857715821101296,1.027999468221006
2442,0,-0.814861506535912,0.4149163612541752
2443,0,-1.8550466863817225,2.1613836721816644
2444,5,0.03049886221593398,0.4890258234415876
2445,17,0.7110570842503888,-0.3707568585031777
2446,18,-0.6876530319982149,1.6780433388174048
2447,8,0.9293675363558324,1.4341431239472726
2448,7,-0.0305105860692099,0.5101346020069284
2449,4,-1.042891015894833,0.5613235428538758
2450,13,-0.4820374675153168,-1.4050500208686427
2451,0,-1.4124401921088257,0.20903905641079223
2452,6,-0.2981975053961389,0.3817665769840832
2453,7,1.7261313960020532,1.7928334539750506
2454,9,-0.0678246885876674,-0.0914537515562807
2455,18,0.1431588921270255,1.1546632448609988
2456,4,-1.0743751315391221,0.43324106614631125
2457,7,1.9151083721388857,-0.40188058570528035
2458,18,-0.24787787694952082,2.2038276444912537
2459,6,-1.3566334910685052,0.7269519301170888
2460,11,1.9340316049999948,1.9896061519823094
2461,6,-0.3870268181796372,-0.21000304567578496
2462,10,-0.3352013321932184,1.0124155333022593
2463,13,-0.27467225414404794,-2.068970598162728
2464,12,0.24003617027915866,-0.7823502783973189
2465,2,0.43774753839032754,0.37731009707745644
2466,1,1.472383755283345,-0.4053093073234503
2467,10,-0.36835939855746885,1.497862213789582
2468,8,1.0235891624701776,0.28258379893108265
2469,4,-0.4183019107437191,-0.36514888262595113
2470,7,0.25249257007694503,0.6180540294828565
2471,10,-0.6301448605661966,1.0843316986334015
2472,12,0.05109203285410985,-1.64258604989867
2473,13,-2.0449640991773985,-1.253479982092873
2474,13,-0.18061465879116176,-2.084801614012665
2475,16,-1.5746714994712698,0.01607634275718668
2476,3,0.22834867585054527,0.035867370910694966
2477,18,-0.19241340847813576,2.156276667678973
2478,9,-1.4971986862172808,-0.452983105970539
2479,12,0.9257548792749852,-0.4579810827678247
2480,19,-0.8345714862425629,-0.15090644706246903
2481,16,-1.6007526438591795,0.17552552047445394
2482,1,0.3847124585045048,-0.2084672007962804
2483,14,0.9367576303718275,-1.608259954271451
2484,17,1.3568322120380643,0.06285442182644341
2485,19,0.5967074438290259,0.5218635277467423
2486,12,0.8956656553054085,-0.9800153662299926
2487,14,0.7822598179777778,0.5867543992090156
2488,5,0.3938487228768031,-0.11250053167553623
2489,6,-0.6148409408519584,-0.7793471944331968
2490,15,0.11266252885061316,0.005102697416846437
2491,5,0.3016447684305665,-0.2723308783502247
2492,6,-2.265209011013308,-1.314288127861573
2493,4,-1.1734589429637252,0.46087433844825687
2494,18,-1.0250996645554986,1.5623592173403515
2495,6,0.04894422135351198,-0.45183710541188615
2496,1,0.8797117538577708,-1.1173625842847617
2497,7,1.1394291653537028,0.8464549119197767
2498,7,-0.08285032489666076,0.6959156834402251
2499,11,1.3435089516976315,0.3973183994988085
2500,12,0.05590869161115783,-1.75503852708157
2501,19,0.9428765237671751,-0.22904458704848507
2502,3,0.4738769396763582,0.12355152444527347
2503,15,-1.2094885772449488,0.10996744638187095
2504,12,0.22647885997970993,-1.8897306090127997
2505,16,-0.3826012480009007,0.23959632765434594
2506,2,0.34710193027497144,-0.13996734107374215
2507,7,0.7060947976937011,0.9313947547778869
2508,14,-0.44289896177267385,0.16087549855886207
2509,4,0.030449550023859594,-0.25088951214723265
2510,9,0.19820154510810156,-0.5712770616701908
2511,1,0.6380029841643544,-0.38334031904587706
2512,11,1.227107148101452,0.5443867588453147
2513,4,-1.2575513270792023,0.11099330994438963
2514,7,0.08632392829873145,-0.6067551714894663
2515,12,1.7443078440197988,-1.0364378004497596
2516,18,0.33137286183072323,1.9363919577435649
2517,10,-0.02523157414000963,1.6365884001848752
2518,1,0.9617483273448613,-0.48620231665595676
2519,5,0.8738220658318128,0.8714656346190284
2520,7,0.8307528231569289,-0.8471455685563833
2521,2,-1.0475363848957011,-0.4975011868522531
2522,7,1.6700913209977089,0.012100256506415852
2523,3,-0.3772160933732515,-0.08150124525607591
2524,6,-0.383998975528624,-0.5883421161255742
2525,15,-0.5600100017591091,-1.583773083646235
2526,15,-0.2925372234925733,-0.9385025213638656
2527,16,-0.3947104512561289,-1.5131621710277554
2528,17,1.4456757400341975,-1.4954908574553112
2529,16,-0.5850777438637521,-0.464867521313272
2530,0,-1.298926985763486,0.32619514066566613
2531,19,0.3737183848731003,0.19706803361505004
2532,2,-1.2420959431110201,-0.6638796700728374
2533,0,-1.5012098729920544,1.1192202407741318
2534,17,-0.4149453019828975,-1.0649847149846592
2535,18,1.0313779435638737,1.3013045843766382
2536,18,-0.32578643537005586,1.0146637153691882
2537,5,0.455629132413606,0.021059736404742086
2538,1,0.7062919268693616,-0.6820774541578236
2539,6,-0.8304195541377953,0.4979048757965549
2540,11,1.1180823147677001,0.8139470696900333
2541,4,-1.2041254025360228,-0.8792442604944177
2542,3,-0.5845558066287132,0.34862488335027514
2543,6,0.06642094436239913,-1.2674538859216047
2544,1,0.8522434656851918,-0.3901467797007994
2545,7,1.0052709302668692,0.867287833400031
2546,2,-0.17138636232006643,-0.20037213252893712
2547,4,-0.9542467835162912,-0.016427832554393475
2548,18,-0.5570747562817054,1.0926223081833424
2549,15,0.3463367689508681,-1.6223260720831825
2550,15,-0.3880918318106825,0.28844880398538086
2551,8,0.012917474258012247,1.3034421668765437
2552,2,-0.0842084456945381,-0.0656299698195866
2553,17,0.4454873645500997,-0.2515068678415682
2554,14,-0.10868861377893888,-1.8787119226793028
2555,8,1.8331287776831837,0.7521297575866943
2556,14,-0.11405771678282357,0.5210108821521493
2557,9,-0.4755711857747857,-0.7595012076499595
2558,14,-0.28470144196123676,0.6022918598120384
2559,14,1.3409635813731562,-0.17531880770773067
2560,14,-0.18297502952436934,-0.6905896899915434
2561,18,-0.6992577512186549,1.3424013170057547
2562,10,-1.4573723621559451,2.100487318721208
2563,7,0.7445264121083155,0.43441201829753934
2564,15,-0.8486230264142102,-1.3371157773467162
2565,2,0.4953695068262712,0.7209118376131332
2566,12,1.275717635434611,-1.8897961962799716
2567,3,0.29622311977161225,0.5148622854617982
2568,18,-0.337117835335181,1.4455171834019054
2569,0,-1.3656025620176822,1.0989554154934247
2570,14,-0.5345582190983348,0.33963483894366236
2571,9,-0.9271776689479945,-1.3898823865027228
2572,5,1.1261275812269982,0.07670124813764424
2573,2,-0.43114282017551825,0.07442744914422056
2574,9,-1.494950895110691,0.22400795359561004
2575,6,-0.07604831330417192,-1.1606627487998797
2576,0,-1.8682182924835118,0.07062654483505722
2577,19,-0.4800186872009564,0.5432858733723566
2578,12,1.4321363215036274,-0.32095075923432775
2579,1,0.9337712124569058,-0.14842330730184228
2580,11,1.6574680721558295,1.7009968222285088
2581,10,-0.9601035580063547,1.7848724918416328
2582,13,-0.7412071422037962,-1.2192129241246643
2583,6,-0.4034318054555677,-0.5991813553144193
2584,11,0.9905025121837431,0.8237164154300143
2585,9,-0.46840258106848165,-0.9738027169232533
2586,8,0.07591726257832081,1.6925495770329497
2587,4,-1.1467553236996515,0.012722779503370602
2588,6,-1.375558953456496,0.5111421181776156
2589,12,0.7151761916309842,-0.6187204653274322
2590,2,-0.3787009850074192,-0.11872228518230012
2591,14,1.5084542454030367,-0.9579999677553872
2592,15,0.26490741048859723,0.13985623282571508
2593,14,0.4673091038525854,-0.23513185090634606
2594,10,-0.5069263518630986,0.648901857272191
2595,5,0.9751744056043963,1.7529418782384336
2596,4,-1.5453422970739672,-1.1047026548978414
2597,13,-1.219806797982684,-1.1726157640529329
2598,15,0.6920615557211665,-0.2910774958793853
2599,10,-0.15677295350076215,0.277906337031124
2600,3,0.04986763430832242,-0.6480528797392595
2601,6,0.2510210514751669,-1.770786572943809
2602,4,-0.8232156014904035,-0.13896633612629117
2603,17,0.5211418325584779,-0.8744072947537667
2604,1,1.7219006375574866,-0.17642510263905306
2605,5,0.7364904821751752,1.8292801701642933
2606,0,-0.6781513391823083,0.26123762247721877
2607,6,0.07662300952820429,-0.3371613993058854
2608,3,-0.5829763724120502,-0.7740767375035886
2609,10,-0.9153438462025516,0.1570198920154781
2610,15,-1.243767959335928,-0.6296251815845684
2611,9,-1.0450634169802395,-0.4994220109893963
2612,10,0.1522981540103385,2.375949941554021
2613,6,-1.6154699927432987,-0.3111518754609996
2614,12,-0.2632674739850275,-0.6950909007748701
2615,9,0.0928752683851427,-0.9004402373879528
2616,7,1.0261712476391314,0.363089078255925
2617,16,0.4403302077626019,-2.4243782755086745
2618,2,0.2895115092872561,1.1831167955974127
2619,9,-0.47730677375503405,0.42327417225094666
2620,1,0.7284157736272256,-0.9727967026154918
2621,6,-0.2583741527450218,-0.6171090713636587
2622,4,-0.022946288373783853,0.3032703118167021
2623,2,-0.5258063065934601,1.0264214435776917
2624,18,-0.05451757611208744,1.0682056923580872
2625,14,1.4541406898646057,-0.03255016519612646
2626,11,1.1902746597506486,1.0615945388863623
2627,8,1.1080761812638922,1.498534340904071
2628,5,0.3102718484424673,0.024669309372737203
2629,10,-0.09950521050839155,1.4413313431141728
2630,6,-0.7917033839532581,-0.8109618414798443
2631,7,-0.22924696906858805,1.0038968395009906
2632,10,-0.11349054897732129,1.40146931425942
2633,13,-1.5300711508095761,-1.7025417007023826
2634,17,0.7581577636069324,-0.14821571790948168
2635,4,-0.7647750173628384,-0.32644736549969017
2636,10,-0.6308910068290513,0.6906701463530788
2637,17,0.5285039469637469,-0.7172155540502774
2638,18,-0.4554658686714132,1.3336380187288073
2639,15,-0.3446509113563541,-0.3381128512731062
2640,18,0.5715944661685448,1.5345915134443482
2641,9,-0.38869776740602285,-1.4651389295193056
2642,3,-0.14644432349438696,0.04683854435596353
2643,5,-0.08255218017379942,0.5787223646103483
2644,10,-0.022358545679248,1.2177103530303075
2645,4,-0.5573623641571926,-0.3554199028211559
2646,6,-1.2815280588452764,0.5050039140941398
2647,9,0.605347849693686,-0.972501274284499
2648,2,-0.9820340666176138,0.3629702648108229
2649,6,0.32825001754700783,-1.1716820654681732
2650,4,-0.29942788266599135,0.07650264639379976
2651,5,0.9697936388364405,-0.3888305434476733
2652,2,-0.6939027721222705,-0.6274628716925325
2653,14,0.3235907310482623,0.38561356532559954
2654,18,0.5215098831930415,1.026613987689385
2655,19,-0.9017192975040323,2.121676267213115
2656,15,0.5583072536407852,-0.5128715547483444
2657,14,0.5472446126442905,0.332486024846671
2658,5,0.10881615419605736,0.8891323876695075
2659,15,0.28425488279273087,0.4109756690666499
2660,10,-0.4165169413023882,0.6685807613500863
2661,5,0.7548139125538698,1.6851605961293261
2662,0,-2.321172848588401,0.41490204881710335
2663,4,-0.471214562693923,0.5820214116342634
2664,9,-0.22744375179116716,-1.5570358147338457
2665,4,-1.0042452315050776,0.9367489199570223
2666,13,-0.9796854448778001,-1.3229027354416225
2667,2,0.008355714122083375,1.824590754634489
2668,7,0.9901974668032947,0.774253000334843
2669,15,0.37898017505289266,-0.8366631156403248
2670,7,0.7321204067735939,-0.4529705273734443
2671,10,0.5045718900376404,1.7501967154628204
2672,6,-1.8120075052284723,-0.9959253973168917
2673,13,-1.5939428353550176,-1.3170309891454952
2674,15,-0.6594385987780549,-0.09526825541935223
2675,15,0.08394495076639794,1.147795637629173
2676,7,-0.08657754879482675,0.49989644446271725
2677,5,-0.20110477230886306,-0.17157871908078687
2678,0,-1.524020942455379,0.7869607109024044
2679,17,0.3082864136265892,-0.4222419475378315
2680,13,-1.4973194494737831,-2.269377326855155
2681,13,-1.2725793959170053,-1.7525574221859481
2682,12,1.6935881729139062,0.0010584681937479978
2683,7,0.37830612791474577,1.6707022427701927
2684,10,-0.8225503234693392,0.5842093334548368
2685,3,0.5930425229224945,-1.4778837188376563
2686,12,0.7622035897727264,-1.379522408287991
2687,18,-0.8872807909229259,1.827797673801301
2688,7,1.3522455858065474,0.8216584186139695
2689,14,1.1161297520550977,-0.6843368241231099
2690,3,0.21043481172632714,-0.6645186767215132
2691,15,-1.2130898896656153,-0.5395415269242364
2692,2,0.11145960450813983,0.2724198130011937
2693,0,-1.7432356429156919,1.2672065534859
2694,2,-1.02676330829247,1.2114617438662283
2695,8,1.427614475064424,1.1359780185152712
2696,18,-0.44815591543284816,1.494210583866877
2697,10,-1.8471680504028096,1.5052057098002214
2698,17,0.3129796681683115,-1.0439525815517985
2699,0,-1.4073456399431135,0.5927522004374352
2700,12,0.898423787955803,-1.4615840420787418
2701,10,-0.7951443621638462,0.34899152524234484
2702,14,0.5530928319580107,-0.0459282794139262
2703,4,-0.193504294318468,-0.7203891939943204
2704,7,1.216579674234805,0.9120839757055891
2705,15,-0.5364602112129045,-0.8447837798047201
2706,17,0.9253208103511019,-0.6101937241214112
2707,9,-0.19535731793374578,0.026508137376983487
2708,0,-1.5238947980683009,0.2090804842594221
2709,0,-1.957092921474806,0.8217616228812152
2710,13,-0.03640696694198481,-0.5125314291538783
2711,18,0.8837280848765428,2.8311055963773506
2712,12,0.48772075320670466,-1.0421258283932044
2713,14,-0.04598736856785372,0.7282068842442876
2714,4,-1.0333854997954908,0.6731963566158955
2715,6,-1.113995153336083,-0.9743166213225026
2716,12,0.5791120030902588,-1.1000434708447453
2717,0,-1.6818526208783733,0.8483359970142632
2718,19,-0.011684327373400987,0.6575053356064674
2719,1,0.8787823834285332,-0.6496900141884481
2720,17,0.945103896069815,-0.6270044212711242
2721,1,1.6668837441472018,-0.5886445406963408
2722,12,1.8966017950244776,-0.3906360312620637
2723,9,-0.557301338344793,-0.739242098680684
2724,4,-0.7350455281530041,0.017166269519154977
2725,13,-0.8106589343108377,-1.1019067714729827
2726,0,-1.8335080554818075,0.22091645026150303
2727,14,-0.16373977398865672,-1.2359599568790847
2728,2,-0.6385932910100622,0.010544028623198996
2729,2,0.07309938194692873,0.36615255569172916
2730,15,-0.10003231401676817,0.6535879614985014
2731,6,-0.8922054422313339,-0.11214440313061375
2732,7,1.7396606372126862,0.44213811727623814
2733,6,-0.726107610108158,-0.32149884206437956
2734,12,0.6556443066368922,-0.4201450309534276
2735,9,-1.3319393463098816,-0.4670789443849882
2736,3,-0.30524508020207175,-0.9027521286311928
2737,12,1.9315550900602496,-0.5946614375063494
2738,18,-0.6898279400636703,0.9608097182632072
2739,0,-2.101730382845419,0.059037944648452405
2740,9,0.2358553210056735,-2.12557159143028
2741,7,1.455470816202134,1.0614823505435675
2742,10,-0.5019707067044922,0.4084621476847616
2743,4,-1.1110617853138263,1.267085251797911
2744,2,-1.1185257968879554,-0.23885976188493135
2745,10,1.0649310063101833,1.414945293642351
2746,2,0.38274492584138964,0.6995612052285596
2747,18,-1.0850050908912985,2.043670303228031
2748,7,1.4591752290977265,0.0011625456622342443
2749,15,-0.13121191735427312,-0.8996817366339755
2750,7,2.381297394495569,0.20653432271221706
2751,17,0.6880030314088247,-2.013372327180601
2752,3,0.21900576765627724,-0.5230233188600725
2753,18,-0.2866358091300527,0.8454166104033752
2754,19,0.517024975727355,1.7201002604859035
2755,7,0.7954750595137976,0.7067249221117474
2756,1,1.4827447751280483,-1.3438692950340405
2757,1,2.230309613336324,-1.4555522344037841
2758,6,-0.9483669905015254,0.2957791323123374
2759,12,1.3238527232232054,-0.9273601447825507
2760,18,-0.8657501207862645,1.4066095133062275
2761,6,-0.354690692692067,-0.13992024435348485
2762,12,1.636150513047083,-0.9356984986722154
2763,2,-1.4477141674852163,1.3809375044797019
2764,7,0.8753370073669514,1.6732179810893615
2765,6,-0.3715415601654135,0.5226298553730512
2766,2,-0.8067648442613825,0.28600681621201135
2767,18,-1.301675289868208,1.0311498784022652
2768,1,1.4680378162272205,-0.7718026012277661
2769,11,2.423749961037043,-0.12500950909987443
2770,18,0.21313343314934627,1.9161168716527226
2771,17,0.8463428062636764,-1.9294808741226284
2772,12,0.8357352346055991,-1.0687964589993049
2773,7,0.7817966160440738,0.5385748811680171
2774,12,0.6699686575615018,-0.7099640359697917
2775,18,0.1532351985327615,0.941414981991521
2776,1,0.7959511278508006,-1.442626801703219
2777,12,1.5055634766940302,-1.3331869751542575
2778,13,-1.4536643316255022,-0.6257631870519368
2779,7,1.1512289799077224,0.25325816850132266
2780,6,-0.7387450611591607,-0.47352997964841204
2781,2,-0.9906717803109322,0.571692767167097
2782,2,-1.571602817395351,1.0962273387822097
2783,15,-0.003287631388708718,-1.616862630360108
2784,1,1.7001226472327722,-0.9170127550009926
2785,18,0.19861998644074205,1.1542269205433802
2786,4,-1.974006629118457,0.34469041491423497
2787,0,-1.611645362542765,0.9881695092460725
2788,15,0.12169341486608706,-1.158820679628283
2789,14,-0.4469266174900485,-0.5903405578672474
2790,5,0.9313403774087998,0.5176921467402417
2791,18,-0.5058573238738694,1.1167358482664553
2792,11,1.855560020062751,0.14811944089679255
2793,11,2.0333145480668677,0.7826111181625621
2794,19,-0.1333856478725323,1.439583238381721
2795,19,0.4331304374164639,-0.5089329365105447
2796,9,-1.9222705805638844,-0.5031112407140299
2797,8,0.3399425275786459,1.1402599615283397
2798,10,0.40220805202147647,0.1730883079122817
2799,10,-0.8317036081936878,1.8688127991256602
2800,10,-0.9012759214442096,0.9278277494108039
2801,16,-0.11116737011492318,-1.5365390275198618
2802,14,0.671160145080314,0.3136759009542012
2803,9,-0.7408997070085129,0.0256597529024139
2804,11,1.3040025942607354,0.44493240782523225
2805,18,0.1149615957796579,1.2105932743793935
2806,14,0.14307685379559118,-0.33533115590071844
2807,13,-1.1615131648630557,-0.8832645373553022
2808,6,-1.1454194359138232,-1.8166759974582438
2809,1,0.9554038370795811,-0.29604193153408864
2810,2,0.09047927835472555,-0.21997772863169654
2811,3,-0.17638660855533048,0.7580389474805468
2812,9,-0.5810417528228743,-0.15331381870864708
2813,18,-1.318802089731594,1.1269802522648358
2814,4,-2.135862472661004,-1.123718436798179
2815,14,-0.8001558594427071,0.1144209662516165
2816,1,0.846972200623719,-1.0876662898665126
2817,10,-1.1263838018974235,1.3008551674967666
2818,7,-0.1939146094243159,0.21783514845982221
2819,13,-1.4972268843533472,-1.8802112517949037
2820,0,-1.9717061993622274,-0.3947733523816106
2821,15,-0.3204850628550336,-0.5710563746705631
2822,12,0.6176999095147226,0.11426178139515702
2823,3,0.4746941916641018,0.43266141438893885
2824,2,0.19502816377169296,-0.554781802801213
2825,7,0.8678199662298087,-0.17820200761886462
2826,1,1.152534321955771,-0.7348689514599192
2827,5,-0.7844361682591712,1.240161677583264
2828,10,-1.0439849491876192,0.5400508506230959
2829,5,0.8575585555171399,0.023301201901847486
2830,1,1.9256388134545182,-0.41352196197447816
2831,10,0.04609690677541681,0.30039449769000975
2832,13,-1.6714177009410147,-2.2357141410106856
2833,15,0.653380717645749,-0.4728077504247173
2834,18,-0.748786191516516,2.340181996501054
2835,1,2.110932980310946,-0.6226787468044263
2836,15,0.33330236954348613,0.6663747600572012
2837,6,0.005624285451235908,-0.9645825446299333
2838,12,0.4811775576591852,-1.342367646033175
2839,3,0.2050667571974891,0.024133537686750972
2840,12,1.845355076261898,-0.7790202402337438
2841,5,-0.5924047207881079,-0.3758259080932351
2842,13,-0.9167256207587141,-1.2537563678541293
2843,0,-2.726326098686817,-0.7662382101925216
2844,1,0.8723040756508293,-1.9566008783372617
2845,14,0.43922498728460785,-0.046682533078358714
2846,4,-1.6747402468980703,0.908579254963729
2847,4,-1.0885827110194306,0.16101036435895122
2848,2,-0.7359599278137888,-0.6141939815968273
2849,10,-0.9054419387162844,0.31582399831584934
2850,10,0.2263733327178721,0.7200187029223027
2851,2,-0.4492125671885628,1.0467987835732697
2852,7,0.47492323515609913,0.3153610584735296
2853,4,-0.443019812304627,0.11920582138104906
2854,3,0.2255617121565512,-0.7894356692109695
2855,3,-0.5593402935868319,-0.5246133593119529
2856,17,-0.20937594281228272,-0.6024580993230815
2857,19,0.5032905526824054,1.673524237137554
2858,4,-0.21438977010985932,0.4397314477115732
2859,5,1.3909784999741241,0.3424282464355709
2860,17,0.1834795273061671,0.23775165818762042
2861,5,0.9350190715393287,-0.060920824878157365
2862,5,1.0771645506705825,0.5276639784116121
2863,3,0.34042058910002887,-0.331151796958794
2864,7,0.9658745983368582,0.9076121276608746
2865,7,0.679633973001251,0.1251646590804598
2866,6,0.08368867174221363,0.13806038673359955
2867,17,0.5554829834170941,-2.2509304930039757
2868,19,0.8402973272205737,1.22000349688528
2869,6,-0.1455299391789404,-1.885781400705302
2870,2,-0.6808380240852117,0.7743129956799091
2871,5,0.5835770602337966,1.7400357788259295
2872,19,1.1272534297778238,0.5605698706282434
2873,10,-0.79866049651569,1.179426635769947
2874,8,0.7856039943303343,0.8799540575742067
2875,19,0.5794999351707197,1.9368517329696828
2876,1,1.0920131708533012,-0.8152393684762584
2877,2,-0.8635544965559541,-0.6675592921234386
2878,6,-0.9271015767173456,-0.07606698860696465
2879,12,1.2262324899334662,-0.9183893241475419
2880,13,-0.5763808653140688,-1.0941727273552504
2881,18,-1.0380060482195277,1.107547983399567
2882,5,0.9824087667824812,0.8744861457050171
2883,0,-2.1263911627259553,0.919346204196185
2884,4,-1.1430129764796193,0.15777086601520215
2885,3,-1.082355166676154,-0.3034755870568541
2886,18,0.07202072278658339,1.1542505923682929
2887,4,-1.186374958831026,-0.290243622231126
2888,6,-1.0510182312523844,-0.9454351053200373
2889,2,-0.8007119429117759,0.1756446164300694
2890,12,1.766910651153516,-0.6380442022351637
2891,1,1.8040322024635393,-0.39846491834553094
2892,3,-0.6683638772632318,0.42954483103124075
2893,5,1.1665866319500509,0.08024363038202892
2894,7,-0.216871185208042,0.41509732976033303
2895,0,-1.4575656402751065,0.3450989928223345
2896,1,1.2578584011080776,-0.7931598049470595
2897,18,0.5928177724802062,1.411603223554482
2898,4,-1.6378338619650488,-1.498819711895758
2899,4,-1.5294586144058397,0.8746422616966113
2900,0,-1.8379116789585137,-0.11482259990439674
2901,10,0.24390609460651289,1.3852715689001458
2902,9,0.24393619786056453,-1.573150104042151
2903,16,-0.6348200861612013,0.5126901773609795
2904,5,0.5298170379620158,0.5365534869349224
2905,4,-0.6242607767307323,0.2753326092633292
2906,8,0.5395014774155311,-0.3979217691138216
2907,13,0.0231751544017531,-2.4624730457648902
2908,17,0.9436762899980724,-1.7429832796200428
2909,17,0.8392413662248317,-0.8609438846626367
2910,3,-1.4892973848089774,-0.645976855721928
2911,1,1.4975926767196732,-0.7646868903421227
2912,17,0.026305290284544647,-1.2665132114417461
2913,18,0.25192157695592576,2.1781664191486474
2914,10,-0.6355183747719215,1.2229231552644186
2915,6,-0.6078037132164194,-1.811294037832963
2916,9,0.08129947878787191,-0.29999533905396664
2917,1,0.1926901212418864,-0.8580605982966119
2918,18,-0.6508681426372959,1.1793294468885522
2919,12,1.54180881592221,-0.6933409176137668
2920,11,1.5446133794833619,0.7388783961570057
2921,14,0.2082691301718844,0.1533427983755252
2922,16,-0.9265501397917743,-1.2421668262258447
2923,16,-1.3132125014106566,0.24036718013134226
2924,1,2.116702656907054,-1.7323579406764695
2925,14,1.28893805973964,-0.39385731815819447
2926,15,-0.1936316841304762,0.18941185962572876
2927,4,-0.8344187372209738,-0.7006806079418055
2928,4,-1.0978683874022894,-0.31705481078543063
2929,18,-0.6173909335967387,1.8720571148076013
2930,11,0.960164329142456,1.2817576322796835
2931,11,2.914865895873344,0.0022012784944741115
2932,3,0.26655717468127565,-1.6876637526694689
2933,17,-0.003215135189856223,-1.3754415571530938
2934,15,0.7155565369821706,-0.9182455425856071
2935,8,0.6339042046094647,0.8197575012312258
2936,12,0.41628708278882925,-2.7043223245041483
2937,3,0.5121753487207654,-0.22415033570070336
2938,13,-0.9039733380993751,-2.6141876768528918
2939,19,-0.11972144359608729,0.1483347613624564
2940,18,-0.30752914387352903,1.444987711425333
2941,0,-2.1419629689712005,-0.4791260776702731
2942,19,-0.16272933764576028,0.6178207891413778
2943,10,0.30909673623151446,1.02926173485496
2944,2,-0.7605279101268665,-0.37541019190984304
2945,12,1.6758974067967023,-1.1025412858767392
2946,18,-0.07502762965958419,1.3553589939430255
2947,10,-0.11060775352536524,1.4391483119199007
2948,11,1.3190019066876821,0.8029617620795875
2949,14,1.4406311781681507,0.2054857327433909
2950,10,1.0673830575902417,1.7344858865647246
2951,19,-0.1783632317355011,-0.5313416821512514
2952,5,0.5620566186322777,0.7408555192238976
2953,5,1.0168783816383324,1.4075197380045854
2954,12,0.8700197026679088,-0.6748960492141837
2955,17,1.1302529653164028,0.32469543005929535
2956,13,-1.0576269352844463,-1.7060036042576605
2957,2,-1.5707996399217385,1.1709707920228696
2958,17,-0.0856228529903544,-0.41997909739990263
2959,9,0.0407354162905376,-0.11122146639623025
2960,0,-1.2118431671618577,0.38038640202960766
2961,7,1.3396942679545738,0.9574209611225543
2962,1,2.7403756778264374,-0.6625538278834345
2963,15,0.006011318371358375,-0.08817560539368217
2964,15,0.05664465495992132,-0.6481992850661304
2965,6,-1.2136060589391913,-0.3878818010677229
2966,13,-1.1846831400983042,-0.35472200478637966
2967,0,-2.404912655812414,-0.2944915191612561
2968,15,0.593226099538904,-1.9239814180473211
2969,10,-1.1581665124136469,0.8855236859631791
2970,14,0.8441437088448971,0.7755548817867162
2971,4,-0.38853744917069516,0.08765630396407408
2972,18,-0.9676401543526284,1.8102943898304071
2973,13,-0.5194420853250878,-1.1036655406863325
2974,4,-1.594675615039207,0.0873326620467939
2975,13,-0.010039235923114714,-1.2604571388336763
2976,10,-1.7938004639257956,2.3340968992681264
2977,17,0.1383855960718484,-1.176871543735605
2978,14,0.011695352841346067,-0.7118028723381615
2979,19,-0.498044559063216,0.0581575011064255
2980,14,1.9794790183173265,-0.14128112637471868
2981,2,-0.40473870674852325,0.9925903528739853
2982,17,0.9767940050058317,-1.6148130073570168
2983,16,-0.06451080451158499,-1.1641896815696113
2984,17,1.0474392534981498,-0.612189972555629
2985,14,0.18697746405326146,-0.16462712369723861
2986,10,-0.6100403401413267,1.1528460948123405
2987,17,1.341424500711096,-1.0367514355103975
2988,9,-0.2619360959590559,-1.9694784663711422
2989,13,-1.040990627740424,-0.5955929511447856
2990,3,-0.5496713509653309,-0.696246605363434
2991,7,0.8818551510538661,0.05678395527083254
2992,12,0.5746765659439115,-1.1305971065990368
2993,3,-1.367985744693941,-0.1765916192350479
2994,9,0.36347530339162853,-0.46672988536861104
2995,17,0.9024595962325632,-1.0652586888476345
2996,19,-0.6489754093152457,2.3235930400964557
2997,16,0.4075897752660045,-0.423961118508711
2998,19,-0.012121441534927857,-0.2597768873207572
2999,5,-0.034024553406708236,1.7070512738374009
3000,12,0.7281428302880009,-1.474789775817701
3001,17,0.4970579068498057,-0.15247061460252642
3002,11,1.678710158619261,-0.07587199677337689
3003,2,-0.5095902689867878,0.9233272878136589
3004,17,0.7153645044239937,-0.7404496900459576
3005,14,2.0016937296306168,-0.21077999264233718
3006,0,-1.3624423216680168,0.8635038951504962
3007,0,-1.4324320124600647,0.5972632643188072
3008,14,0.8897967104433475,-0.6594961706306253
3009,6,-0.9054116017424331,-0.35286729006676393
3010,18,-0.6752250840787817,1.0275513651462662
3011,18,-0.17925624125904638,0.9257261305542396
3012,17,1.724016754949136,-1.439862316125201
3013,6,-1.3014116500352944,-0.6230133602124927
3014,14,0.9007073818424994,0.588922372870775
3015,15,-0.5133336580767214,0.24562984084507183
3016,9,-0.8804535734825824,-0.22304142639085273
3017,2,-0.5165891747038078,-0.39169069823072256
3018,17,0.8587395796454882,-1.7676635051126357
3019,14,0.21901331012301486,-1.0526409084646282
3020,3,0.38460297346389677,-0.0915569325466894
3021,7,0.9798487466757193,0.7230624338236691
3022,6,-0.9790222358463697,-0.37007985516759906
3023,2,-0.7203059207106615,0.1039111714189586
3024,18,0.30636200819564746,1.642266785718128
3025,7,-0.04753706323243122,1.0167544682046585
3026,7,1.5779517474062423,1.083677522557309
3027,11,2.2391315174540187,0.1482364738386245
3028,10,0.09905232619858348,1.3056191991281905
3029,10,-0.5148180011678165,0.4418007175693855
3030,1,2.505209540355837,-0.6689858123025142
3031,3,-0.9631689383609803,-0.32574061917721486
3032,2,0.16331316086939637,1.0941000170584891
3033,13,0.030636168711381584,-1.424403228310109
3034,2,-0.9024979634596354,0.5100172005355744
3035,11,2.3019348624562332,0.719077053168613
3036,10,-0.9224140292875782,0.5277463792925696
3037,5,-0.08211248621863018,0.268124175128177
3038,11,2.0088798058055537,1.4442845793052037
3039,18,-0.9758056795398591,1.1251078660791254
3040,16,-1.5916007915575248,0.738091663582873
3041,8,0.2832845288570648,1.607758502523916
3042,17,0.7220618750263041,0.09669154341320207
3043,9,-0.6812969778697947,-0.7776896946495592
3044,17,0.4549767972122308,-0.4664884936748223
3045,7,1.0955154829706533,0.16922195329899187
3046,4,-0.9220055923619375,-0.038003715553256406
3047,3,-0.07871817859845952,-1.6165409614275421
3048,5,0.19343540276499763,1.4731449721425767
3049,11,1.5702447663038759,0.3848504191758083
3050,9,-0.8045070045850878,-0.5536253181856979
3051,1,1.847103889356075,-0.4917109364944345
3052,9,0.15325239154166626,0.4132873349955524
3053,10,0.010685701070708948,1.353413526076516
3054,10,0.7129027747539844,1.9668650407724912
3055,5,-0.08395349867492127,1.288580975833389
3056,9,-0.14829639418715157,-0.31568495837594873
3057,2,-0.3579150256578401,-0.20157127773516859
3058,14,0.07951737708547987,0.0991458857392734
3059,11,1.0904330510615854,0.6586973209337181
3060,8,1.1229489049513686,2.0964144828797378
3061,6,-0.293218415934688,0.11990978273456432
3062,18,-1.0193947206492209,0.6820294642346546
3063,10,-0.5404967583497363,0.15252495379204833
3064,10,-0.7214810607761853,1.7872742868925133
3065,19,1.0536234256200738,1.6789485461483165
3066,16,-0.7897919113864694,-1.6039982922566358
3067,17,0.5140050671987767,-0.6714746968282966
3068,12,1.4604776741599073,-1.3332991617452672
3069,9,-0.2335054302213525,-0.4960851131766895
3070,13,-1.0519316271082324,-1.351929539242731
3071,6,-0.4043885624474381,-0.8829891139451503
3072,2,-1.3890484629227684,1.3851308200567722
3073,7,0.9185359841821601,0.394714969255561
3074,5,1.263631684472564,0.28157140894117294
3075,10,-0.43593701802594936,0.19990488064490344
3076,17,0.6178816812095166,-0.6579469207810853
3077,11,2.6155608901636422,0.42076498555163455
3078,2,-0.1575145453613766,0.7727298771345791
3079,17,1.0230862741834534,-0.5675408775048585
3080,8,1.5184462540079138,-0.6064731023060925
3081,17,1.9737184400603056,-0.5464193567795224
3082,7,1.4375994550380973,1.1527018371133912
3083,10,-0.9918396363657898,0.5616159559334024
3084,6,-0.18189423728159274,0.9483660124601763
3085,16,-0.2785390210685189,-1.9358454752829237
3086,0,-2.329297550073436,-0.5775550962921142
3087,6,-0.659644101811373,-0.5162954316153342
3088,4,-1.233839942600467,-0.19682953886308432
3089,2,-0.6111443912396665,-0.017820904614404706
3090,18,0.8594412331836723,0.5927657562220034
3091,12,1.980525248200981,-0.41507304437906223
3092,14,0.6018942923711728,1.0933629842862256
3093,7,0.3827422308023036,0.7370632336927491
3094,2,-0.8888673249151716,1.5717680615032419
3095,1,0.5235472845283394,-0.8627050764139068
3096,3,-0.26005078957518524,-0.6406862485248933
3097,2,-0.30344700914290756,1.1246463828241744
3098,0,-1.5581132115089371,-0.46747460175125255
3099,10,-1.5208036945909649,1.342628481802426
3100,9,-0.48338327885435567,-0.4345902573645861
3101,14,0.022920861956803505,-0.550548380452687
3102,18,-0.49960702225535003,1.1471873074823102
3103,15,-0.6994321927561439,0.29440458963489397
3104,13,-0.9905780000482323,-1.6590589549677282
3105,0,-2.4353559838467103,1.227373987768554
3106,7,2.4253112306518476,-0.58781382374489
3107,17,1.0534912450664933,-1.8819473489543472
3108,9,-0.8413596042825375,0.09066517329466214
3109,13,-1.1096218127163655,-0.893164427440263
3110,13,-0.8889288247347507,-1.952225049932682
3111,17,0.9373204912292586,-0.8592606341545996
3112,2,-0.9165332326174456,-0.4733952523782264
3113,15,-0.13067425690279974,-0.7659516675553205
3114,19,-0.02280173537466669,0.3055276126261648
3115,17,0.7926596499006154,-0.8367743150755598
3116,14,0.6209091857268915,0.08749910659645126
3117,14,0.4742564530936926,-1.1288727826671519
3118,5,-0.8359681427027581,0.9384122181563764
3119,8,2.3081855391270643,-0.36265796935839884
3120,7,0.11317980636449385,0.6472201523480422
3121,13,-1.2177766904339113,-1.984591668522082
3122,18,-0.1151702431385391,1.2321521544552876
3123,5,-0.6404779349841057,0.8558935442945915
3124,18,-1.445770886115452,1.8143969070840913
3125,19,-0.07300284942635095,0.555967987827087
3126,13,-1.5521337108717934,-1.4891810267609584
3127,1,0.9117189935203676,-1.7116177986871697
3128,6,-0.18213623205898288,0.39891488435511696
3129,4,-0.6051142653517877,0.6613896931542881
3130,10,0.07956975169353214,1.125486627707903
3131,18,-1.3070908409208495,2.694607618958978
3132,13,-1.5422941938083685,-2.094676736941188
3133,0,-0.9390186252224821,1.0830550722114254
3134,4,-1.0691691858813115,-1.0238854737994292
3135,11,1.0448243410851579,1.582370167958244
3136,0,-2.095268588969727,-0.2906047919091002
3137,11,1.2123836205729692,1.3117224740160762
3138,2,-0.5902652836606793,-1.019050528699388
3139,17,-0.3438573006754963,0.1056597160809714
3140,3,-0.18380925837425832,-1.2763560226370088
3141,16,0.5614551240878405,-0.29047733665049313
3142,11,1.0133657411451813,1.088859326342398
3143,10,0.838062781334794,0.813993572624392
3144,15,-0.2991466801695579,0.1854140128928143
3145,15,-0.7196311117582971,-1.2997865054408748
3146,15,-0.02035409394697147,1.701088803334515
3147,12,1.3535051959439286,-1.4236063734836462
3148,3,0.5048744012762061,1.2181749760768077
3149,13,-0.5868756808606553,-1.0695845706693072
3150,3,-0.15162458809632648,0.6741861204589492
3151,7,0.4923748699471177,0.48489527356879547
3152,19,0.9730628471794368,1.3760395251428803
3153,15,-1.101001118526898,-0.8776075027627865
3154,2,-1.2705311823874956,0.4703183353618574
3155,3,-0.14013981246460228,0.6934699250110187
3156,15,0.2998809360300975,-0.5982464007118398
3157,19,0.8159378229483386,1.1336430533907595
3158,18,-0.3058905578744306,2.3040096185653196
3159,5,0.769702125780744,1.4622428740086941
3160,10,-0.7712065344441433,1.371552446674893
3161,15,-0.6674352138043079,0.1017345852781991
3162,7,1.0571391048405223,-0.13735679127532727
3163,15,-0.8037627926160104,0.552382936680721
3164,11,0.5530820833558255,0.7925702892677668
3165,11,2.0022885966479973,2.159701990469551
3166,0,-0.9157362085891569,0.6220579527482972
3167,5,0.0849471277936421,0.6699231455120522
3168,17,0.35700277369433925,-1.4915176718716465
3169,5,-0.5663416055958809,0.08788521447477733
3170,19,1.5628763080430164,1.2219152022288524
3171,14,0.6370036396249185,0.6731082481313159
3172,14,0.36661844424743256,-0.5335281438946035
3173,11,0.7444494372779394,0.9638458939339688
3174,5,0.16525374795865974,0.6439669378428949
3175,10,-0.854421170552569,1.1794283973221587
3176,6,-1.0932480984114017,-1.1357365093069152
3177,11,1.148110433610176,1.9664582974875509
3178,12,1.2903684508157303,-1.034666051148358
3179,14,1.2060184478312865,1.033051921903669
3180,3,0.3847882721833595,-0.9696963573005746
3181,2,-0.023347331323882198,0.14841405328383106
3182,3,-0.9838550310330598,-0.34599299481506574
3183,12,1.317120109702331,-1.3274483242578021
3184,4,-1.646116582487639,0.7183058845255866
3185,10,-0.28156663806444937,2.3222532275964607
3186,10,-0.6181723041345947,2.5305222472107585
3187,10,-0.8661217356974,1.1693352973727864
3188,0,-1.5999870333393957,0.9208338742284129
3189,8,1.8198480401574078,1.1123882335089617
3190,2,-0.2656724675896784,0.013544771764367265
3191,0,-1.3432624360897518,-0.4549016840647563
3192,9,-0.10088977500131999,-1.7201926362269246
3193,10,0.5132563378783574,1.0754879581409125
3194,4,-1.3325412773161096,0.4790969720507258
3195,17,1.1142415227553664,-0.22795516015074568
3196,4,-2.4995418818072532,-1.0225998349378547
3197,14,-0.022981357102957095,-0.6086033572946172
3198,0,-1.9174328528172582,-0.03183491898062148
3199,11,1.367542987958605,1.269962226113421
3200,14,0.7136523915825702,-0.09010190843259216
3201,5,0.7092806123493698,-0.009537081046879446
3202,18,-0.6215999555391835,1.9711068918151398
3203,4,-1.6957544294810034,-0.09609776331373263
3204,12,0.869378856454363,-0.9887165310408823
3205,1,1.7004338008499322,-0.260820697717971
3206,17,1.7598424710647278,-0.7112297851073635
3207,19,0.773437719292456,0.5011741679704904
3208,1,1.1121667718329384,-0.48357814833397506
3209,0,-2.117824860785365,0.8940439207816901
3210,12,1.5409586543540066,-0.8844386480001598
3211,6,-0.7981209124563036,-1.0001170696195374
3212,1,1.2586675923798367,-0.010153037463679062
3213,4,-2.1022290981302874,-0.4304679241988933
3214,9,-0.8395400105671681,-0.6867973375519572
3215,13,-0.5623766102049216,-1.2266370902317685
3216,13,-1.017663878837473,-1.6700663784928975
3217,4,-0.8322272988734915,0.9617148205527469
3218,17,0.7594003783673304,-0.3745321930799245
3219,6,-0.20286992568188972,-0.3934336487988553
3220,1,1.255609574416652,-1.5939417155878643
3221,2,-0.2975864940804091,0.09792447327167665
3222,8,0.18899881871333393,-0.369683243663885
3223,18,-0.5666802506655839,1.9343188499298782
3224,5,-0.4534884187736774,0.9893168607461181
3225,10,0.007583880737173781,1.53218388839869
3226,7,0.6316612038954978,0.10659865937064528
3227,19,-0.8949395158543944,0.5086765990004568
3228,4,-1.0689413839856257,-0.8815641430888832
3229,13,-0.37096488183953596,-2.4266043854011006
3230,5,0.06387105795640186,0.4989737891107319
3231,18,-0.036124854000796514,1.0831605874266335
3232,9,0.2465505000316096,-0.04830716466544146
3233,5,0.6845999841648613,1.6032459541129778
3234,13,0.11647542010993865,-2.2561821523037926
3235,11,2.1079191800682637,1.0149433015705718
3236,13,-0.8823221109648016,-1.0380505324015519
3237,9,-0.7398618826596736,0.20347980089731474
3238,10,-1.893617143628443,2.1772926528591663
3239,5,0.4207595157987251,0.28142841877045083
3240,4,-0.2513788707288,0.10455089116389428
3241,4,-2.03491801569319,0.9429784714679497
3242,6,-0.9834874278252004,0.47156050963779833
3243,13,-0.49190598955230275,-0.3719816861987561
3244,2,-0.8371273075430914,-0.10007482059621899
3245,18,-1.303660461101944,2.138966390406875
3246,18,-0.5476485667533707,3.1086248789283224
3247,17,0.12545551742622876,0.1605622626242558
3248,3,0.572415151641309,0.19410365629691312
3249,14,0.6679887781147749,-1.4776081000018382
3250,18,0.0824694415403307,2.275502229717888
3251,8,-0.730110153377065,1.2056079897694276
3252,18,-1.2017340558434029,0.910585431992975
3253,3,0.42504809414943584,0.6019093192747824
3254,3,-0.7011278684372223,-0.9000435942451651
3255,19,0.5909083182895309,1.7577805831112798
3256,3,-0.042583947827588536,0.12806093400495142
3257,4,-1.6888035048457646,-0.13368023384198235
3258,3,-0.38263950727985563,0.05349071107814922
3259,11,1.0589547458958635,0.5146756317532807
3260,0,-1.240287026584166,1.0968913314969657
3261,7,1.203309386728013,2.0416297310380287
3262,13,-1.646414472980382,-0.9467123433334601
3263,15,-0.7728467568760388,-0.1239618293319143
3264,18,0.0030551276675493946,1.1471500061473594
3265,16,1.2583998399504368,-0.23451260910562416
3266,0,-1.5292536184635677,0.10849432822505108
3267,17,0.4826064113534772,-0.9176329599983581
3268,9,-0.7011974140096504,-0.3470532389836268
3269,16,0.005379228583168012,-2.2693372765129713
3270,3,-0.3109565770734708,-0.009391270426336768
3271,17,0.12237945842070028,-1.0540561315501014
3272,12,0.729142395693025,-0.14459531948759813
3273,6,-2.0948451030650626,0.10543085013162641
3274,11,2.3204661399592874,0.5135482626112179
3275,11,1.6782282159885051,0.4476035092975479
3276,7,1.1313110148392977,0.7010724422902078
3277,0,-2.255497060128268,-0.680501328217243
3278,4,-1.7374795491824995,-0.6601275575553632
3279,6,-2.462214043894619,-0.5456892814944041
3280,0,-1.5842502784503474,0.09079604203025812
3281,10,-0.6432831019967016,0.6933183350850192
3282,12,0.5204384608187298,-1.3736105736702098
3283,4,-1.1998175671479314,1.0086596561573313
3284,10,-0.26029386072558053,1.0430415076821227
3285,11,0.8023115943036675,0.5799414064855217
3286,14,0.8644454309365611,-1.7334142023707386
3287,7,1.1329828920260436,-0.06351790408446503
3288,12,0.5014547117524335,-1.2946224591179496
3289,5,1.1107220282085557,1.0658506659340536
3290,1,1.110138834888334,-1.1417060525056622
3291,7,0.769810650336954,0.20392174608887112
3292,7,1.5342495580050366,-0.31984938481893954
3293,8,2.5526722127462946,2.594186221773756
3294,14,1.697941082396771,-0.21204533437860787
3295,15,-0.07759078516085359,0.6228441313938539
3296,14,0.6712382743714931,1.036505709449888
3297,2,-0.1666952702226775,1.0791814271980584
3298,4,-1.2900516897089715,0.7901614522496505
3299,1,0.7886041439665107,-1.7155486257706842
3300,16,-1.0838469375264206,-0.6878392102713733
3301,13,-0.22636339452384896,-1.2871510395271903
3302,7,0.7931234963746885,0.5596950384518409
3303,2,-0.34141753091131527,0.22622384242573584
3304,14,0.3258220175073891,-0.6616344671280916
3305,1,1.1270808052907362,-0.5265617953111791
3306,2,-0.7333576677014958,0.8394417715863247
3307,18,-0.09485874029245282,0.983889172015031
3308,0,-1.2809718784805957,0.3684398638886255
3309,15,-0.1205806016742638,-0.36852533613034916
3310,3,0.7630808266830276,-0.48911846518848623
3311,8,1.4296037332336506,0.7987242456756969
3312,4,-1.5291832671048176,-0.5742920915594805
3313,18,-0.011466231634531783,1.3623614976475986
3314,5,-0.132797617929621,0.44447252015002875
3315,7,0.6324845529020089,0.38678561353042573
3316,4,-0.4721718514496917,-0.5301962476269254
3317,3,-0.3773633791868836,-0.6157339023231634
3318,14,0.5580338534775239,-1.2192867520001052
3319,19,1.9233477814935946,0.8423490313526493
3320,3,-0.04485021134269086,0.22299567018897337
3321,1,1.144349207851491,0.10860796571482408
3322,2,-1.536425687978422,0.15523064925121452
3323,3,-0.33860516450492023,-0.5176000161846274
3324,5,1.4169922649397844,0.18703010023311178
3325,7,-0.36332336872072174,-0.014089522462800942
3326,10,-0.6510018031748742,0.5436198166366811
3327,5,0.5416351917815311,0.9959013904908716
3328,0,-1.699997636417007,0.2688728194312035
3329,11,1.5288188421391573,0.7332525600286742
3330,11,1.1919864872221433,-0.19114942155802114
3331,10,-0.5168091679381037,0.964769492400937
3332,14,-0.03350282614534367,-0.913171707446458
3333,7,0.6979950451686553,0.5288443489092232
3334,9,-0.8825089725657279,-1.2294024893212525
3335,18,-0.890452109290046,0.9555308639384883
3336,2,-0.42731630168263635,-0.49425996074895245
3337,12,0.953499018006736,-1.2712999597247798
3338,11,2.234566655107165,0.6787209082452833
3339,7,-0.056321983670829454,0.8629458025788144
3340,12,0.5854784744166652,-0.6838157772927163
3341,7,0.794443523215086,-0.219073147216258
3342,11,1.68894904126927,0.4745616341160289
3343,0,-0.7859401662290145,0.7323249082077875
3344,4,-1.4335069742688828,0.5776977529757286
3345,7,0.37648741012414016,0.8049356796909722
3346,11,2.2069040396793373,0.9469805275457323
3347,4,-1.3168173777185983,1.1006899420519
3348,15,-0.592458513511705,-0.2782971203032952
3349,6,-1.4015544811565097,-0.8851754880695012
3350,3,-0.004128584348669751,-0.9787857835297895
3351,18,0.5945921271258604,1.7867464669523583
3352,18,-0.8132327516626717,1.3731808759188404
3353,0,-1.947832269856566,-0.3745252251400606
3354,9,-0.0353833864271852,0.23671573000235452
3355,10,-0.09554370347607462,0.7188202250925373
3356,18,-0.5702000895744664,0.8263338496819196
3357,6,-0.5396382550958173,-1.174909954735601
3358,18,-0.08316319494984996,1.0839158207135644
3359,5,0.21714320148596164,0.31864382911127426
3360,17,0.9204163489892094,-0.7703152856768363
3361,14,0.7043671032754482,-0.7015890117235639
3362,19,1.3554394665498202,-0.16565772279341529
3363,8,2.271934114503855,1.058522438725914
3364,5,-0.1364169259910624,0.23157224655329509
3365,2,-0.2179481202434223,0.881853824444194
3366,0,-2.242822564697795,0.043207124075692535
3367,14,1.147134123646834,0.0037725325772176342
3368,12,1.223186732567831,-1.0712230265819964
3369,5,-0.021402020000634764,-0.2668023764303029
3370,17,1.7623749312138148,-1.0906385450818292
3371,9,-0.10314695124693347,0.20948334909056548
3372,18,-0.9919319574062267,3.4561844658080405
3373,7,0.9698951374388964,1.0937367836563554
3374,11,1.0112637744824584,0.6076598703354493
3375,10,-0.14095004807987754,0.6207264707763575
3376,13,-1.715120569372413,-1.4178287841788704
3377,0,-1.5083556248671415,0.22332503697518008
3378,11,1.223761725700833,1.338415660027056
3379,9,-1.026880837698531,-0.2539439042331189
3380,11,1.135341868043298,0.8247648875965835
3381,7,0.9588980028773757,0.9277958053535246
3382,15,0.3128848608539409,-0.7314582494819651
3383,15,-0.6570675913850729,-1.2852263391053207
3384,19,0.3370492598779964,-0.97944339029252
3385,3,-0.4605427023925395,-0.8460782237582993
3386,4,-1.4400491316519806,0.5335814947032876
3387,10,-1.1625492885283881,0.6714492888743988
3388,3,0.6704696723974047,-0.8371555474826782
3389,0,-1.4572322913175006,0.13501977845050225
3390,6,-1.8850747863707806,-0.9517366577173612
3391,1,1.17244793224454,0.0242989524391721
3392,6,-0.9088826609364865,-0.10387954760744837
3393,12,1.1392636062310764,-2.228420650200204
3394,10,-0.7921753316296587,2.0818468224273157
3395,3,0.14576455107226585,1.7313517042856645
3396,5,-0.6059813323139196,-0.06029290572904518
3397,4,-0.6828402594297828,-0.6200727938756796
3398,18,-0.5331676411993024,0.5553151423631131
3399,17,-0.030339059544960613,0.025720750239623582
3400,1,1.3178193678349672,-0.27657976402605755
3401,15,-0.8105434262483948,-0.5455608135397197
3402,9,-1.3029444828247303,0.05356129091014201
3403,9,-0.2779912015288316,-0.8658227570088837
3404,4,-0.5094219761106895,-0.3114200380166295
3405,12,1.2898810500369475,-0.7283716997511641
3406,0,-0.9251583822335,0.4474371798107728
3407,14,-0.1910900288209374,-1.9041387175014814
3408,3,-0.4275577164993201,0.6745951704266894
3409,4,-0.8665718195591611,0.4579204136189584
3410,14,0.6468530062585258,0.4405721083551852
3411,1,1.802421598783089,-0.9528005324508886
3412,17,-0.02028200330339295,-0.8958678845719994
3413,2,0.6302359009049279,0.19627081954428013
3414,9,-1.1196456192794508,-1.4262673717688552
3415,5,0.10339913479402077,1.5042788594950989
3416,3,-0.509909112741702,-1.0663692378216887
3417,2,-1.1111301265326912,-0.42926233590403057
3418,0,-1.7992737054772812,1.5859839954285846
3419,7,1.1535858899136997,2.081164701289656
3420,3,-0.41941815759127765,-0.6889480641569121
3421,10,0.6227607809522104,0.7000232878542253
3422,14,0.5244019246513667,-1.4791933113766862
3423,9,-0.017622492755229452,-1.2789437261469976
3424,19,0.5608337642519098,0.2270550297968122
3425,9,-0.7735099849242084,-1.2825901437753597
3426,2,0.168713626522954,0.1457937571527811
3427,11,1.093297810955492,1.3289104706970518
3428,4,-1.6331675835747188,0.15012450293064272
3429,14,-0.06847168970931372,-0.5655352637336233
3430,14,1.1964651046232013,0.1101842598392919
3431,16,-0.8688358956677774,-0.4381036478230041
3432,4,-0.9450914762576561,-0.8553556758185059
3433,17,1.4236219569122273,-1.5086114990049464
3434,14,1.4601172673732878,-0.5014222970335526
3435,3,-0.8550141275498879,0.10880781168778061
3436,14,0.4672362355527467,-0.08646388942185403
3437,6,-0.23760099986847777,0.441097405549094
3438,6,-1.802139298586785,-0.1675265336537018
3439,13,-1.3664543484312144,-1.39092673139959
3440,12,1.0773529199036638,-1.3127426540936662
3441,7,0.266958735118984,-0.013775917739074894
3442,2,0.1626591349459424,-0.7096197089919871
3443,13,-2.011712474777603,-1.2408764531346612
3444,0,-0.9157826040501458,0.16039958731417642
3445,5,-0.24699000363444384,0.9932520521363083
3446,14,0.28029065620662513,0.35921367163981677
3447,1,2.2212074058419393,-0.5596928039912084
3448,12,0.9968697876925023,-0.6306573438964228
3449,6,-0.0012738976008233687,-0.6753491630070235
3450,4,-1.1174603814173445,0.47845213950406146
3451,14,0.16678678816589318,-0.18928108414189995
3452,2,-0.1380272601071207,1.0986428972779283
3453,11,0.8405984857147663,0.862076986918073
3454,10,0.3023885440271025,1.5001888824476486
3455,5,0.25433280881856485,0.8081359559909602
3456,7,0.10208584455070516,0.5664163604928139
3457,11,0.7673395203560736,1.0403883264578566
3458,10,0.171128819427897,0.8171265561758944
3459,14,0.8241904048640527,-0.45796007666028804
3460,11,0.8179619823101576,0.8667750871157857
3461,18,-1.0849343839513073,1.951330450096757
3462,2,0.24236088914007267,0.32477003897513285
3463,19,1.0639764777914171,-0.30177814187734436
3464,7,0.17090340001127782,0.12483179058536627
3465,11,1.197201401778429,1.0171862943221321
3466,3,-0.05138417348131066,-0.5202847649115766
3467,8,-0.33869104505807357,1.018906347775995
3468,8,0.014887482293543015,0.6864376321766408
3469,10,-0.19074122765926477,1.662534699499578
3470,0,-0.9550910853153949,1.0838170978638102
3471,18,-0.37481249662921595,1.2692125424602514
3472,11,0.680137228725658,1.0868995572490479
3473,0,-1.910178735248726,0.524767322751451
3474,5,0.7156477757057094,1.0850278681696242
3475,19,0.6610230291157215,1.0325509099084074
3476,18,-0.7692903026330971,1.2503097106479182
3477,12,1.9386434931759802,-0.4588111695016358
3478,6,-0.5772638106794035,-1.2853620248341644
3479,1,1.3607394044045833,-0.7050316222032664
3480,8,0.8458104754435273,2.130921591363926
3481,2,0.08362490181094565,0.11673192506388694
3482,9,0.1152651643278148,0.1559056210683571
3483,15,0.1734989769393128,1.3392512245269328
3484,3,0.37783252179899757,-0.6945964970555506
3485,5,-0.05326812098862309,0.4575217663740026
3486,13,-1.3649437208970363,-2.4707190960325724
3487,17,0.5199672164431621,-0.6351368377457797
3488,14,1.3040282328635222,-0.625861429149897
3489,7,0.8373103060212765,0.7621757418071635
3490,3,-0.32772843304864885,0.690139062930678
3491,8,0.49249849051935274,1.508961905691534
3492,6,-0.9598953336623259,-0.17033152621249115
3493,18,0.07167748354756023,1.8543065416180777
3494,6,-0.9343330986252516,0.1155007993573126
3495,0,-1.9500112627340844,0.19455566052046508
3496,17,0.5084653310863377,-0.0998576371379828
3497,7,1.1249165651623572,1.169479953384095
3498,4,-0.9263876458575152,0.7885682446631787
3499,2,-1.1690841965129466,0.8666903207137006
3500,10,-0.6993460052853907,0.5613605727704136
3501,2,-0.22891711172598195,0.12223477513084027
3502,12,1.0250450312150985,0.31338415889181254
3503,17,0.6154843177899669,-0.9048161077596641
3504,8,2.044447397048458,1.0098839271451183
3505,15,-0.37979045836640163,-0.03352820076165022
3506,7,0.38714801284361827,0.19401623261473247
3507,17,-0.14285402911079526,-1.5017941960391241
3508,9,-0.3803998710412602,-1.233038396056467
3509,3,0.038059802328749504,0.14970715756515668
3510,7,0.9628966976696047,1.371119770036767
3511,7,0.7046245514876145,-0.03516586764455238
3512,9,-0.34357019641414344,0.22485459788870152
3513,2,-0.9113638169730236,-0.4205158850870498
3514,11,1.6261323718608116,-0.20507490298588768
3515,11,2.3909598129042116,0.1709556328514703
3516,8,1.205466816528323,0.0671456426718479
3517,11,1.2322422810987417,-0.13241061776070906
3518,14,0.026736617465029255,-0.9716675635254728
3519,15,-0.6727159520114793,0.25146739371649734
3520,15,-0.7452871670082694,0.49972170977891756
3521,2,-0.6971135953843237,-0.1408962960598093
3522,11,1.4364908143533641,0.8314756925457905
3523,4,-0.8510743209655751,-0.2387107347499152
3524,0,-2.294044015246596,-0.8054836965524029
3525,5,0.24599955059279935,1.1939748359229847
3526,13,-1.571112388675131,-1.522973897147751
3527,17,0.794039614377369,-1.3942778791345278
3528,7,0.9317628698924123,-0.23811879431337538
3529,0,-1.5943028474121703,1.015135737746435
3530,12,0.5168628505999944,-1.6809531749969313
3531,4,-0.283602749100355,-0.002498345303252696
3532,0,-1.8178040808366671,-0.25288613871724586
3533,10,-0.8521567902997568,0.7677614953310096
3534,11,0.5931824250949536,1.314813919942078
3535,10,0.1960247715827412,0.9849316201735412
3536,7,-0.05273388868989652,1.0532520133090755
3537,12,2.040423844807554,-1.7850369813938725
3538,19,0.5950372086597563,0.3020561613707291
3539,12,0.7105676772351307,-0.6287916083928177
3540,18,-1.0333697745418016,1.282023096500473
3541,5,0.2725886223852462,1.1816757497330295
3542,14,1.4051557359661933,-0.15823734896459044
3543,4,-0.7235381713923298,-0.36872358291954
3544,5,-0.020746300057031125,-0.16531415316157602
3545,0,-1.9803287345677045,1.54741880901873
3546,10,-0.6284362179013607,1.6612006539474113
3547,15,0.024043854988893193,-0.5790277380210553
3548,5,0.5170067311792615,2.0197657842449566
3549,4,-0.29843392145725905,-0.6792797351412831
3550,13,-1.1944376261250362,-1.708160204957093
3551,6,-0.7488589099978951,-1.399443462690427
3552,3,-0.5337740867966791,-0.9644715036068015
3553,11,1.2397958072129267,2.369902696279694
3554,4,-1.4277925577160624,0.1567278089150372
3555,5,-0.85627943674497,2.174241595465251
3556,11,2.032720928526178,0.6115305616527748
3557,4,-1.1458957861644763,0.9673759402242307
3558,7,0.8087724861056036,-0.038145965221153356
3559,6,0.16129204080728962,-1.0403945095117233
3560,6,-1.472793878797664,-0.03411172318726454
3561,17,1.0066722687652492,-1.419741976402401
3562,13,-1.951925372852367,-1.421408242062424
3563,12,1.0913344834739862,-2.1986501618534
3564,17,0.17940678673184304,-0.5113827807375805
3565,14,0.697333459752775,-0.8076846349009937
3566,8,0.48678406779072514,0.8233399217095562
3567,16,-0.745692525386883,0.07031356323743312
3568,2,-1.3721850554104007,0.3210569538367214
3569,4,-1.2275959121559568,-0.8941876246806437
3570,4,-0.9588589769255307,-0.1281852672997308
3571,2,-0.8092636957840822,1.2734631538716892
3572,7,2.475841295764306,0.0452117954786395
3573,11,1.0415162878329551,2.1285484978513365
3574,2,-0.6245800419067428,0.38016555504532046
3575,0,-3.0948024514186954,0.3346542983268887
3576,10,0.1900201848320791,0.9789864638434527
3577,3,0.32773646463326284,-1.383141188443864
3578,3,-0.0695875862543481,-0.14872228786568678
3579,9,-1.0172425842509532,-0.5181618211086755
3580,3,0.21394292855567362,-0.4096209109765543
3581,0,-1.9005891303256548,-0.5329308341284742
3582,0,-0.8609007733153342,-0.294266755900415
3583,15,0.4279833131605008,-0.8020966454312217
3584,16,0.2052147297799182,-2.335538377850588
3585,13,-1.1671764876262203,-0.6714274664112442
3586,11,0.6488864916225224,0.9516499779693778
3587,4,-0.8208990447477026,0.019571747589629814
3588,17,0.06470201061361383,-1.576191511568242
3589,4,-1.6038584780858909,0.18705711840470712
3590,4,-0.7232794384488833,-0.6787327791240119
3591,1,1.7868818894299119,-1.728686315666011
3592,5,0.6913486893203722,-0.34779461301283005
3593,1,0.6984202034950819,-1.4895066912864126
3594,17,0.27073750609825165,-1.5575628503683274
3595,11,1.4682343464148777,0.2318310451486091
3596,0,-1.6977910110783667,-0.550350702048163
3597,2,-0.0699259705564608,-0.10893420210023437
3598,18,0.47666839213556994,1.1278228324725643
3599,17,0.09516601872416855,-0.33979338803861736
3600,18,-0.41688624009011804,1.2530575598290634
3601,6,-0.807003634970687,-1.2137029076164643
3602,14,-0.24890342785276243,-0.9815571030654391
3603,6,-0.054693356062348916,0.3046490918028652
3604,13,-1.0127819847304538,-1.369550290451355
3605,17,0.2477509687455293,-0.8342954467304675
3606,3,-0.6965379456208879,-0.35535631663710576
3607,10,-0.15434270359606606,0.619296606673836
3608,9,-1.1014641743024784,-0.2096881339783009
3609,10,-0.3705972831026233,1.0424885630145773
3610,18,-0.081885344656171,1.1400029889823307
3611,12,1.446136501712566,-1.711938587808356
3612,2,0.6566620999834897,1.2775947107574979
3613,19,-0.7430960349015917,-0.04715496267274796
3614,0,-1.3035180827584432,1.1051968425878076
3615,2,-0.37876071031654945,0.12035331060189583
3616,5,0.6093284924081208,1.0838924438463606
3617,14,0.45962376577405034,0.37040801753217906
3618,3,-0.7346479269185944,-0.12082292607340238
3619,9,-0.3756179309481366,0.08812438371896468
3620,17,-0.015228295012299138,-1.1528373529905078
3621,10,0.7038145847861547,0.7141842555066846
3622,7,0.42726830492011497,0.9173496608937746
3623,8,0.5371572534968394,-0.758556385204215
3624,5,0.30834264592423694,0.24771866215077115
3625,2,-0.517679290160853,-1.3405609087679555
3626,4,-1.34363627610021,-1.324700814315339
3627,8,1.5058412812345983,0.2961653561734711
3628,11,2.049541304490683,0.15778864816166804
3629,17,0.7737232648010356,-0.9014086193913025
3630,7,2.0227706040182727,-0.23061543046937563
3631,11,1.1183189667099678,0.11100484355732787
3632,6,-1.482183384277165,-1.332356958037536
3633,4,-2.1005990631624862,0.12374213421727977
3634,11,1.0264282260819726,0.3282205200089224
3635,2,-0.260722120190526,-0.4880083011977107
3636,1,1.2102959179074706,-1.055272459364086
3637,13,-0.531355357439628,-1.9253265399252577
3638,0,-2.5163432362053597,-0.30089475716246605
3639,6,-0.7584383912415854,-0.6136669083549665
3640,3,0.4539143286716493,0.5269123990554966
3641,6,-0.6827574420849521,0.12248113664516352
3642,17,0.8364969132625467,-1.2257970652399228
3643,1,0.6365456237592837,-1.9337373044841244
3644,3,0.21694414834045256,-0.05592863647243321
3645,0,-1.147524415301216,0.7378296701912618
3646,10,0.10118641382576585,1.4173796462001886
3647,17,-0.4943311213475455,-1.2876807038008793
3648,3,-0.1868072170732679,-0.8446116993063489
3649,6,-1.0305407163479974,0.3907927631859135
3650,10,-0.2361116588834754,2.438390968531994
3651,10,-0.7163820032181027,0.3039762774571551
3652,12,0.29779374780738005,-0.8468270956404531
3653,10,-0.26594937207182756,0.8852068327622985
3654,7,0.9309556848112903,-0.5262058802692586
3655,7,0.8591833308362906,0.6935908599661764
3656,6,-1.4966136129821783,0.5977439802526328
3657,16,-0.4043650227320026,-1.243216781978481
3658,14,0.8345304931192212,-0.8850591898437304
3659,2,-1.4761070185025602,1.334123329986943
3660,6,-0.517953308452857,-0.5707945358398366
3661,17,1.205983194968039,-0.6829369970648433
3662,18,-0.8428541287927767,1.9077881001597268
3663,9,0.5321850935677768,-0.10087896967300732
3664,5,-0.8356010319268528,1.2699543273240304
3665,12,0.6966546811428096,-1.8776195962312496
3666,15,0.16038586254036344,-0.9205132417162764
3667,10,-1.0647298370850398,0.7960250859310067
3668,17,0.9046111579869623,-0.07181584537429117
3669,14,1.663856388583189,0.20446626164230497
3670,9,0.06047369535971741,-1.651707616571351
3671,7,1.3219776399383782,0.3988151036632434
3672,4,-0.8292316578271363,-0.16339210695842304
3673,15,0.43789881392688096,-0.8725497674594015
3674,7,0.0038552068099607837,0.20875116353968662
3675,10,0.6295567178085028,1.0733244156552173
3676,1,0.8297649965441437,-0.6099115818949915
3677,15,1.0245463478603227,-0.7310147222891834
3678,17,0.5672540018014266,-1.4289882170641541
3679,18,-0.9477145268447222,1.8365045200731434
3680,9,-0.5697011011771798,-0.6271965514331221
3681,8,1.2202634458937147,1.092085749717163
3682,11,1.919041803690208,0.9693932373900752
3683,3,0.47601239692379654,0.11619362234235524
3684,17,1.0681290993503616,-0.5717166523660777
3685,14,0.10680644945717029,-0.019523296331600912
3686,11,0.8188738193128475,1.6357458016394892
3687,0,-2.173003112945875,-0.4330065778613686
3688,9,-1.5356990538557174,-1.7995286974219433
3689,2,-1.3946056947405672,-0.5545902950011998
3690,0,-1.0069577671813066,0.06075914509405481
3691,8,0.42963679815402567,1.752041790438461
3692,11,1.3357008390532743,0.19525013236541033
3693,14,0.7648698143346347,-0.4886917228144129
3694,10,0.40686494202330664,1.1581367961712257
3695,15,0.5086890402064651,-0.9511743264291446
3696,18,-0.034584161567762756,1.8103635368775783
3697,17,-0.0476694622762245,-0.026457475187429493
3698,1,1.4698306653247735,-0.2706467455800203
3699,6,-1.518934724579094,-1.2100724024873248
3700,4,-1.1475768418913082,-0.9494458939740562
3701,2,-1.159354002904996,-1.2199487414042693
3702,8,1.5875509914827328,-0.31266469348342557
3703,12,0.8484439839515745,-1.117203326128496
3704,8,1.495519681561778,-0.718619200352532
3705,12,0.7388381098756833,-0.8114520891824776
3706,2,-0.8532268311358711,1.375086767103265
3707,3,0.6042156629074663,0.9968590672750653
3708,15,-0.6045461348634333,0.33820781527894456
3709,9,-0.6384354670029251,-1.0363658418996875
3710,3,0.9994901566848324,0.26178525042950795
3711,14,1.1202843261794893,-1.2666126844291181
3712,4,-0.4835994433606317,0.02300112142551823
3713,17,2.2634664173690533,-0.5618801316293383
3714,13,-1.3215038244773,-0.6984190098040505
3715,6,-0.05679880960993153,-1.5833905941899626
3716,9,-0.8478906072222223,-0.03756023113589208
3717,6,-0.6723414984130426,0.25292464647641894
3718,14,0.4001227069883129,-0.010311838819499246
3719,10,0.655581644876405,2.2038792346814935
3720,5,-0.42804691742679163,0.5311469126775906
3721,13,-0.5458602626570497,-0.6919988257427885
3722,9,-0.4002236311829061,-0.29424182293620765
3723,2,-1.5665617189847008,0.0305886923284469
3724,12,0.8167660149599143,-1.1849474332203602
3725,2,-0.45046551610080726,0.49373467189479525
3726,0,-1.812962308370959,-0.4019753419165275
3727,4,-1.249399565368451,-0.8042955211275011
3728,15,-0.25483255368987995,-0.35530406832450206
3729,18,-0.8994070396858571,1.8455750652335625
3730,2,-0.14116043091776656,-0.8438548440937612
3731,13,-1.0517131801830286,-2.3394327167753266
3732,1,0.8710337198071225,-1.4653979710481957
3733,2,-0.9093489173359525,1.0375941992625406
3734,13,-0.4182496044479946,-1.7468859286929828
3735,18,-1.372631267496725,2.2065502202603637
3736,14,0.3704302665796157,-1.499712655467659
3737,2,-1.1958479507067181,-0.062247754354283015
3738,0,-1.1511224580601616,-0.30908347046255424
3739,12,1.8599784943613609,-1.0868696828395183
3740,9,0.13176437050459697,-0.6516988369013897
3741,14,0.663284631837175,-1.4848762805683449
3742,7,0.5191739450318293,0.8183492454537217
3743,3,-0.4532382241140999,-0.6490054630527489
3744,4,-0.2504157820941547,0.36819043598045736
3745,11,0.3486559598281294,1.3232261134856733
3746,1,1.2671031349093325,-0.13281247411826866
3747,12,1.33946760086278,-1.4626136282712858
3748,6,-1.8600227952208621,-0.5910324833870009
3749,3,-0.7408186035174389,0.3267231633189754
3750,8,2.277578874714558,1.5306623804584694
3751,4,-0.3387972781695277,0.19193773174641648
3752,10,-0.37359265298826533,1.6962907749500133
3753,13,-0.3553856026800641,-1.0376040191804807
3754,10,0.3826970160638082,1.7381244754212046
3755,16,1.273699506976014,-2.4335244748457683
3756,18,-0.1858972919789482,0.8661554159470233
3757,11,0.9667084388196467,-0.016285253691448568
3758,3,-0.04656035081683238,-0.7983537538441803
3759,15,-0.23149147697796071,-0.6702731754449798
3760,6,-0.11353601217385996,-0.5378415831167614
3761,2,-0.5347621613760696,-0.9815252246153858
3762,11,0.8176700271036937,0.676184600196672
3763,3,1.0612238057491494,-0.11905039337556515
3764,19,1.95905564383579,0.9542246327116753
3765,2,-0.9065503142241439,1.0278094110039309
3766,5,-0.41009218286559257,1.2477209709351818
3767,0,-2.2220185472777323,-0.43363828140581506
3768,12,1.256426133783241,-0.3341077798429054
3769,15,-0.29183877144907583,-0.30001791007641554
3770,3,-0.8963210418820002,-0.7295344593222642
3771,6,0.17172909239851028,0.4420188498435063
3772,7,0.9797736366835537,0.17952569844612112
3773,7,0.531555404592883,0.3236493452328788
3774,11,0.8041619293353401,0.4451550500935931
3775,14,0.42990901377191293,-1.0921972561232691
3776,13,-1.3256276107635694,-1.458149020611373
3777,10,-1.6099285607839116,1.734234748042888
3778,11,2.5356079588848925,1.3703846787254137
3779,10,0.1591419771048899,0.8212064217975198
3780,4,-1.2559850554184222,0.9327656958950132
3781,5,-0.1791613764440392,0.5013677181965788
3782,4,-1.1740625421392619,1.0282952482382266
3783,2,-0.2818764934649487,0.12380165310295314
3784,11,1.5933059990710083,2.2751788787508893
3785,19,-0.34321589918821266,0.7925504747803334
3786,10,1.0276966865133694,1.7192633783810223
3787,10,-1.3495120709109256,2.076983297811339
3788,7,0.6278935047461871,-0.5235566295088929
3789,15,0.7339638541077085,-0.5455753079146692
3790,19,-0.26049656658887144,0.20234391614680589
3791,3,0.007077153587981832,0.0165717514856511
3792,6,-0.6749462753039391,-0.4685423652553299
3793,14,1.5095276465497738,0.08441321594809238
3794,13,-1.3933729926411011,-1.611117077164303
3795,6,-1.5920235219457175,-0.22197203892030548
3796,3,-1.0171808690857511,0.9797514904953977
3797,3,-0.021714208185605773,-0.6661307866664833
3798,16,0.046974922572086894,0.4342699295179988
3799,18,-0.7597927478821024,1.889021096963344
3800,14,-0.4060784750525026,0.244991575953623
3801,12,1.8049698808678871,-1.1148311501733459
3802,2,-0.45832211506048554,0.9689511879685814
3803,5,-0.419360031219048,2.3627232019569044
3804,18,-0.23929674249605026,1.7861669590917781
3805,2,-0.7507632071522241,-0.3108128108068427
3806,5,0.1681798869485341,0.7629291566064712
3807,11,1.0004857872323083,1.2551057977139504
3808,3,-0.055047203713837395,-1.0357191879408139
3809,0,-2.331119703349446,2.1571192120256146
3810,0,-0.6455294717933484,-0.16871050256291004
3811,7,0.8601255004758184,-0.0895400459075756
3812,3,0.23897213533032144,0.6722697775186394
3813,15,0.2070708092237977,0.154531107729072
3814,0,-1.3098726520388864,0.7220797663647046
3815,16,-1.6482165129782846,1.1066482980506303
3816,13,-1.9492477329726714,-1.4947436125136384
3817,9,-1.0385268163552102,-0.7302917216477246
3818,16,-0.6159240402646521,-2.011520864425156
3819,4,-0.8494613740776583,0.7353955369992475
3820,4,-1.3208748070513614,0.4144700507292371
3821,11,1.3649792688190454,0.6036290350959154
3822,4,-1.4234690362757345,-0.22040544848760696
3823,2,-0.46242983788272735,-0.2690061642757606
3824,11,0.9384062779827689,1.7067820659204855
3825,19,0.7072141068158914,-0.08771169670529277
3826,6,-0.44647830331273547,0.014753358459071038
3827,5,0.7004513172944447,1.590667705708257
3828,17,1.7409840465847788,-0.09143951588629085
3829,14,0.14194882657611554,0.7101688315090211
3830,15,0.4906462786110523,-0.1420747084820744
3831,9,-1.528820560248541,0.2789333447086698
3832,4,-1.626827525126791,-0.5270087078122505
3833,15,-0.9424443383498378,0.25761986570414375
3834,11,0.678691364491174,0.9208829705286731
3835,6,-0.6573687971349945,-0.8587396506030065
3836,7,0.8461373786293349,0.16326414625284572
3837,2,-2.1596366641841085,2.284044451567491
3838,16,0.25234379672048207,0.21595958944460522
3839,18,-0.3066981434823005,0.9041831634003947
3840,13,-1.1387712175166254,-1.7925031407318057
3841,3,-0.9611565835091055,1.0923474592274027
3842,10,-0.0651948176723826,1.5186333716142797
3843,9,-0.3162514953087349,0.09126247937523796
3844,14,0.6588808411383944,0.05514544385818712
3845,4,-1.1546587159281387,-0.7609995260164611
3846,18,-0.0955929209101999,2.03629844601815
3847,16,0.4886833889398246,-1.393760776315393
3848,14,2.3816796108303007,-0.4879590475990826
3849,14,0.32581255353954025,0.08120134365671716
3850,10,-1.303794539391043,1.2557155240858566
3851,17,0.44679111561215906,-1.2843151434453468
3852,2,-1.1200842257141839,0.05461044893072626
3853,13,-0.6334219965007074,-1.815397368162374
3854,9,-0.3621842729998325,-0.6437183427104867
3855,12,0.9063288782159415,-1.0441093455576704
3856,5,-0.28119594473441,0.29932027929618366
3857,5,0.4841349902574564,1.155345274302284
3858,17,0.3841217830758514,-1.0267239144076499
3859,17,0.6200086959109533,-1.264237649007378
3860,14,0.3651021320410996,-1.0219218820094003
3861,14,1.1656152663794022,0.05506966891328779
3862,4,-0.9713941074286855,0.3068137963550762
3863,2,-1.1307203299883577,-0.9160753234015948
3864,2,0.19287771657068573,0.17025363032017712
3865,13,-0.016266389976468648,-2.5578234066347796
3866,12,0.5410647369110821,-1.960953533687655
3867,6,-0.5550614810544398,-0.2938259488328224
3868,1,0.9329262486289532,0.18556933426945527
3869,1,2.0392240045031893,0.1000603373142669
3870,3,0.32780481274313317,0.3420414209141295
3871,18,-0.5086396446597929,1.632720499159179
3872,10,0.06704903726210304,1.1118634114928045
3873,11,1.5762928391848305,0.6425100737664972
3874,7,0.5317133463455097,1.111242540120876
3875,1,1.699684406757131,-1.5077106543377035
3876,4,-0.8767167789765586,0.2585401498069012
3877,17,0.6609412178531975,-0.34994588629896384
3878,5,0.3584246695031164,0.06781583281642826
3879,18,0.5178918923164992,1.4096820901293998
3880,15,-0.746598121479518,0.7350341769486647
3881,3,0.39118674748967813,0.5907850864042842
3882,15,-0.011043517933766485,-1.6840957433602068
3883,0,-1.3105737440946017,0.18264934368410707
3884,10,-0.027505924706046625,0.9547487069884903
3885,2,0.1975773990349928,-0.43723126987810873
3886,3,0.7501725736070992,0.39554397083521636
3887,1,1.5614356155696059,0.2900290932296933
3888,9,-0.10718236191128268,-1.0071853814711969
3889,15,-0.18016787040781415,-1.0006552573961596
3890,2,0.030737970726479463,1.1036416231107307
3891,14,1.1003731844783138,-0.38203972103095263
3892,15,0.6987738606014513,-0.4647682396631583
3893,7,0.7619017170450869,0.4051315730460947
3894,0,-2.206235052249196,-0.055625650345223966
3895,14,-0.07598644410893356,-1.162060174798509
3896,7,2.323215106899133,0.09087112455898327
3897,18,-0.5789783789867422,1.18209822332495
3898,7,0.0620029582784278,0.22479772702867115
3899,12,1.3403316294510064,-1.37847512016088
3900,0,-2.2441394112295123,0.2118278604824628
3901,6,-1.1047404969857266,-0.10761198913702316
3902,12,0.5269845085688019,-0.9914599083435435
3903,12,1.1843645481042142,-0.9497187223866849
3904,9,-0.8592851014597523,0.12874012588204758
3905,15,-0.23576807653736462,0.009457293585063375
3906,7,1.3367468465174175,0.5004199584027654
3907,15,0.1825623828907029,-1.3022887505187728
3908,9,-0.8495971382557188,-1.3450122668783484
3909,12,1.4386462479444746,-0.6083018513761163
3910,8,0.5952218254439288,1.9755678543001807
3911,5,-0.24190291879224554,1.500588550979777
3912,10,-0.21529982216794769,0.656542335841511
3913,14,0.5283496003623941,-0.07242372793582443
3914,2,-0.760805756093867,-0.06406931156890323
3915,4,-1.9298425802502188,-0.33804071377913875
3916,3,-0.10941441449643531,-0.49883733059594354
3917,6,0.11970478711663876,0.13405722785812413
3918,9,-0.11221306472080157,-1.6931205397649127
3919,3,-0.5552523716490515,0.28293088405939903
3920,10,0.5471179464418277,0.7702459430922584
3921,13,-0.952257066820289,-2.1911828907321786
3922,15,-0.15823149908635825,-0.3555980255862575
3923,9,-0.1561274718637297,-0.7360495451009101
3924,18,0.017972659787050038,0.721296854217891
3925,1,1.0777328131235997,-0.9735681107029034
3926,0,-2.429295938283184,-0.3856694863228686
3927,10,-0.18522570328851412,0.4694103610517989
3928,13,-2.1539214269162756,-1.2599897606958024
3929,11,1.884708585195279,2.7426107720962083
3930,2,-1.492680199790916,-0.6427911895984236
3931,19,0.882360146876163,0.9699484725129731
3932,17,0.6139123032391115,-0.9420995645355091
3933,13,-0.4775075311837126,-1.6546050199232243
3934,17,0.42333894513862297,-1.3563386643061681
3935,18,-0.11144321133498572,2.1584305744366064
3936,5,-0.3200234971254052,0.3283232283970512
3937,14,0.4574850203109431,-0.07509974119040826
3938,10,-1.123111637930869,1.3340590704097914
3939,10,-0.11814627119605386,0.2915335111595484
3940,17,1.1364589905204274,-0.6729982662233165
3941,10,-0.937780122705873,1.0172126357568676
3942,13,-0.8547777363077491,-1.0130794482645178
3943,2,-0.08149308618117306,0.7025828466985631
3944,5,-0.17854035762660062,0.5203587041595445
3945,18,-0.517805215829091,2.563871131183832
3946,12,1.1896636320820302,-0.8676408982954149
3947,17,-0.3545705392244651,-1.4124888710175916
3948,18,-0.06084608743709306,2.1511623932630077
3949,12,0.42545778966720454,-1.044588602619921
3950,7,0.6882722938950339,0.14948068262964026
3951,17,-0.29255595914748833,-0.8377878473228768
3952,12,1.987179994583354,-0.4839890663175411
3953,15,-1.467257514513263,-0.08023988605032523
3954,7,1.1188678726262509,1.9678692895266616
3955,14,0.2709867918751772,0.27064016626768717
3956,11,0.6148112821854979,0.8846336193786417
3957,0,-2.4342886399809074,-0.31898274665559495
3958,2,0.11941723230400111,0.03626256765691279
3959,15,-0.08265872930804506,-0.4521133291011052
3960,14,0.8744857142501405,0.1298047368257552
3961,4,-0.8213586394643543,-0.19266294814000728
3962,1,0.6122295424926789,-1.650739229004489
3963,6,-0.8717007167681898,-0.8117085050523124
3964,0,-2.4199012017645125,-0.13788746483959008
3965,15,0.40887415604834554,-0.8203225148231182
3966,15,0.8101699454746555,0.05008875827262895
3967,8,1.7523128567087418,0.5240523816516081
3968,4,-1.0032890777443326,-0.2701561872883905
3969,11,1.5356351435846727,0.16142593270257544
3970,15,-0.47555523207633743,-0.24502730645440113
3971,7,1.5925442227082274,0.09339900814450201
3972,11,0.9864785331137584,0.3579601399964905
3973,2,-0.09756503068034694,-0.3325361670536629
3974,1,1.9072756080308033,-0.8694523784402463
3975,13,-0.9248211638824781,-1.5938565714440025
3976,6,-1.3525495270189654,-0.26691408716652354
3977,18,-0.38428462928300766,0.9469963502323273
3978,13,-1.0132254831861547,-1.7804327956151467
3979,4,-0.8420355539314872,1.1300168318837032
3980,15,-0.7191342735903836,-0.44901048443980324
3981,13,-1.3270538074051894,-1.8237278605058242
3982,16,-0.33853158793507654,-0.4364833418219251
3983,11,1.404283020667607,2.3711068580103194
3984,17,1.1119517852622363,-0.947529881225774
3985,12,1.9333113550287762,-0.10721736760664737
3986,0,-1.7376556530698628,-0.4850353985075443
3987,16,1.747320201532837,-1.3939429042491398
3988,5,0.6067804739319905,0.33114487452920444
3989,14,0.19438855022273435,0.09490538124497602
3990,13,-0.14653730622601296,-1.3139759530575903
3991,5,0.2447108195322213,0.5743685760443703
3992,10,0.36299117950071147,0.8094753452483249
3993,2,-0.5303273392677978,-0.004763260975904109
3994,18,-0.20606149416613995,1.6951170033118805
3995,1,2.043891207885986,-1.16537244612818
3996,4,-1.3427359473240226,-0.0733811597492823
3997,0,-1.2833772021947152,-0.09435199939569897
3998,0,-2.6558080861501154,0.4909137065070838
3999,10,0.26850814586289373,1.0031416933908177
4000,3,0.22725639543704237,-1.3696639376876902
4001,15,0.2708242299804515,-0.14344801936859936
4002,11,2.2576241649331252,0.4010732437100769
4003,15,0.25158714984229186,-0.0024162853763755035
4004,14,-0.3144930601985957,-1.7776973119725128
4005,5,-0.03310650510512575,1.851680558549592
4006,9,-0.45263217814539053,0.09956794145560639
4007,7,0.4301975913456468,-0.3451094958179733
4008,11,1.4411546357094196,1.28004619634766
4009,7,0.6665514441532939,1.2467058472082726
4010,5,0.08499536459346566,0.3292762860537252
4011,14,0.6532312115776018,0.6545178602772505
4012,8,1.4986399348244328,2.250126503892307
4013,12,0.5882060106932179,-2.070451049368365
4014,17,0.4109313341827986,-1.0152757484877613
4015,13,-0.4491307106136012,-2.0858811314475387
4016,16,-0.01672576813835082,-0.7348787699257004
4017,5,0.16258731226867842,0.4772005116620042
4018,18,0.9550276248105245,0.6472803820492687
4019,9,-1.030055516443736,-0.5503585860624253
4020,5,0.7634335113750623,0.36359453440589373
4021,5,0.06439129661847093,0.37166769666837757
4022,12,0.10595080235260093,-1.3969802527881188
4023,9,-0.7641269507309828,-0.7694524429766784
4024,5,0.7620302914897858,0.3641615941733923
4025,7,0.23335282468775218,0.4317967740486685
4026,11,1.728796973079149,0.05050301624571986
4027,12,0.6384613456006168,-1.0248789415322168
4028,15,0.450560043349073,-0.6435082810483215
4029,11,1.0977956611907516,0.9049992485072067
4030,15,-0.21929692644965795,-0.3564733118264382
4031,7,0.550556923171522,1.1139748413076516
4032,5,1.4593289295756695,0.7046657193927388
4033,5,0.2117829229950806,0.31296303370302536
4034,13,-1.2363164014020618,-1.6016426295206654
4035,0,-2.2876379900283013,1.2793340713292416
4036,18,0.9766517571679287,1.4887955596333893
4037,9,-0.33124043784506085,-0.6614613564832573
4038,2,-0.8612560998743471,-0.45696359488788785
4039,18,-0.13593662686080465,0.4290242698888771
4040,4,-1.0380795234141749,1.0168364427673608
4041,5,0.6156573076907632,-0.19078944063142939
4042,19,-0.7916315185542423,0.8910720283783533
4043,4,-0.2671836988975252,0.7525740020677791
4044,7,1.4265507855458834,0.06632108561360425
4045,18,-0.6833948169563054,1.4165442207842278
4046,6,-0.25137319317293116,-0.8472748490217478
4047,3,-0.5917763109543823,0.7451929341607512
4048,14,0.6212513454720052,0.19124122726120615
4049,10,-0.05310504463293407,1.6985085545771939
4050,18,-0.8322444500007378,1.081022693399619
4051,7,0.894671100161273,1.737258282909977
4052,12,1.3238509554692284,-0.6716806766635605
4053,10,0.29458288514631,1.0616635448208396
4054,18,-0.6031563444866765,0.7198467839479428
4055,10,0.33580034569604433,1.8859983751132283
4056,4,-1.3426879379620085,-0.215614458096253
4057,11,0.82603480208165,2.2052029381482003
4058,7,1.3887318860691278,1.5681299951641816
4059,11,0.6985027379057972,0.5105773223643747
4060,2,-0.39680156791506255,0.5816513754256816
4061,6,-1.6811517127478666,-1.0758001719225854
4062,4,-0.9542599643131363,0.4258619849526806
4063,11,1.5996096529438972,-0.15589039862584667
4064,19,0.7709309653007347,1.1532335649738505
4065,0,-1.6204493436329914,0.8814440053349156
4066,2,-1.6255308391098087,2.586855141333832
4067,14,0.5197549208321351,-1.6183792592304276
4068,17,0.023375486261543732,-0.3703888347615499
4069,13,-0.6264074108644951,-1.7233136281667776
4070,10,-0.3813144417481426,1.3735388297455025
4071,3,0.39200510839754904,0.36183159335344073
4072,15,0.8974615554917366,-0.130352263513603
4073,3,0.41557822653837756,-1.2919453536488477
4074,13,-0.16478970809360963,-2.0170715024443044
4075,17,0.15674556667148487,-1.2959218020741583
4076,15,0.3966055893042613,-0.3675409054373332
4077,8,1.7053934332372118,0.3363283570238806
4078,13,-1.5337734957329485,-0.7912555913000177
4079,17,0.028230049377946452,-0.9275071899190852
4080,5,0.8539252232449417,-0.10336025642512563
4081,1,0.16523356255536054,-1.8309462465659208
4082,0,-0.7105521274512137,-0.133625363723783
4083,15,1.0768866512356807,0.46312084289021493
4084,6,-0.12289417669267981,0.05460213601856758
4085,7,1.4514816086915603,-0.19560842222659652
4086,14,0.3208529308542599,-0.48510295019628813
4087,0,-0.955924597582197,0.16296138590213766
4088,0,-2.068840714711754,2.3079339312549134
4089,18,0.40753320205177007,0.9275106727057743
4090,13,-1.017621955764739,-1.5565517196819048
4091,5,-0.19483985721909292,1.947627490297273
4092,12,0.7029036182998556,-1.0021123579193065
4093,15,0.2247104292042951,-1.4157040999791133
4094,7,1.5937162933231495,0.8918634515781589
4095,2,-0.599328796468721,0.8201994547842646
4096,7,0.6432892203294194,0.5536263948189392
4097,9,-1.0772450148969095,-0.46546015245852707
4098,12,1.9341904736331623,-0.8480710029953112
4099,10,-0.4146189034031374,1.0625773556990283
4100,9,-0.6319202672893058,-1.3585361281545612
4101,4,-0.6055985119771633,-0.002131756722344048
4102,0,-0.8878111093245948,0.19726161127033182
4103,4,-1.2400719748075932,-1.6437665282643408
4104,7,2.038531913548693,0.3204060468507608
4105,14,-0.7551628110788041,-0.14375640326784045
4106,17,-0.41382728777005834,-1.2979130479950445
4107,6,-1.2715572935717787,0.6320352796700692
4108,6,-0.9021001023864231,-0.6729688359655216
4109,15,0.19482412039026947,0.2329712276105254
4110,2,-1.3087364640438874,-0.36241535701683864
4111,11,2.1904896601022594,0.5750480000979784
4112,18,-1.0882666671892356,2.453102748223911
4113,0,-2.2502540710351413,-0.445121654350491
4114,17,0.568980762616215,-1.8401781022433197
4115,4,-1.0971953941447217,-0.9659673934277402
4116,6,-0.4938202789756073,0.3224705471052622
4117,6,0.016058184222500327,0.21290238561248764
4118,13,-0.7345199247270939,-0.9891486227591523
4119,2,0.231789613954637,0.26875357715531306
4120,11,0.742896328873794,1.3031491610834713
4121,13,-1.3893146404999734,-1.3209862696229286
4122,19,1.6279660391227082,0.76287844163994
4123,14,0.32918901563570013,-0.19299186208816083
4124,2,-0.8302025836953918,-0.08203260039613618
4125,13,-1.1237516623819053,-1.2935815714161965
4126,6,-1.4421421060648323,-0.4622302740763392
4127,12,0.5119419594172007,-0.7851448882413856
4128,13,-0.4764997237658773,-2.3508119346450354
4129,15,0.002427542727100134,-0.5880190416392435
4130,13,-1.1941989083782942,-1.317259793444513
4131,3,-0.22957624163584725,-0.8017634784637634
4132,17,1.3144357785865755,-0.1752272391576345
4133,9,0.1513116639223466,-1.3169061581294004
4134,9,-0.1614786112960392,0.05906892098773864
4135,13,-0.7907128759255084,-1.1669582621404957
4136,18,-0.8780653620303622,1.2736045075683098
4137,0,-1.7439197442351853,0.7396534430024556
4138,18,-1.4066766031154394,1.2431158978014285
4139,8,2.4386693015675975,-0.17708307823593958
4140,14,0.056792672137882416,0.8195161566675714
4141,18,-0.37099989890393203,0.9635833205082117
4142,9,-0.5369630009895832,-0.21411770554851448
4143,7,0.4642528847708746,0.12697156464439022
4144,0,-0.8384526243255761,0.15583374679891443
4145,3,-0.8234113167038144,-1.100218779145703
4146,11,1.7729710053308654,0.5932210650546675
4147,18,0.02250309312184525,0.7785031678411177
4148,7,0.14515441542187055,-0.013552883292612852
4149,9,-0.7260570843568376,-1.0419855505797078
4150,1,2.2590092293743833,0.34272313461414255
4151,14,-0.8845399046818768,-0.727117954423058
4152,7,1.486901254588353,1.2478794751593436
4153,3,0.29848026715166337,0.6183440128026374
4154,14,-0.08571086316600744,-1.070609811622949
4155,4,-0.6888452250016326,-0.5602815133726525
4156,13,-1.1358611280400022,-1.4233616945301284
4157,19,-0.3263226595861829,-0.22439153481193813
4158,8,-0.9746311142236327,0.8683599173634555
4159,8,1.6471756284078656,-0.06639367703371078
4160,12,0.43577904422983155,-1.6951745997787675
4161,12,0.8636839588299563,-0.5755270513829629
4162,18,-0.06519510546948731,1.7735959085426714
4163,4,-1.4715423062997368,-0.2715338663765248
4164,9,0.4021083173391118,-0.47327092505435464
4165,15,0.6810875075707201,0.9853543702539529
4166,12,0.928776597897419,-0.2814328678162805
4167,12,0.34711607009442685,-1.5380484721879177
4168,14,-0.9044570185624102,-0.34166132939762045
4169,0,-1.581367383694386,0.9422549374943137
4170,18,-0.0008216292116320171,1.723651145102669
4171,1,1.8081474925503358,-0.4138173607045036
4172,4,-0.7551171856354908,0.15717594602343474
4173,11,0.7536928335647378,0.718395032715472
4174,6,-0.303251702343429,-0.8077940397407344
4175,7,1.2845055331938087,-0.7283731143357175
4176,4,-1.3594035924857473,0.3187967896006722
4177,8,0.25494781023819435,0.14809077534534412
4178,15,-0.7108128705235397,-0.6243043589401359
4179,8,0.5096259431300064,0.8149953345235934
4180,7,0.1936854342500016,1.3186185141688995
4181,0,-1.2426204863580053,-0.30328518925500386
4182,7,1.2572774225790049,-0.48824843562202314
4183,18,-0.3625591786237253,1.8363440561423248
4184,18,0.783302845538248,1.8249559012940046
4185,13,-1.1950369108299392,-1.9106277128354667
4186,17,0.30218470024031185,-0.87279117050336
4187,18,0.7027410593612634,2.0437393678327758
4188,12,0.4805992402791514,-2.2268867295078203
4189,18,-0.6822278496430693,1.588383620205324
4190,5,-0.20336103493687616,1.7383519042539894
4191,10,0.4761026905228755,0.42822623658835557
4192,18,-1.4478755953558686,1.4439625603774482
4193,1,2.1756050614682465,-0.8171033062977067
4194,3,-1.028316042969825,0.612785997041142
4195,6,-1.1341580111753167,-1.0713854078018719
4196,7,0.5235433994721697,0.9761593838407471
4197,0,-0.8836072129473052,-0.19675909392287264
4198,18,-0.5136779192096217,0.6695972209918627
4199,6,-1.9970782304965518,0.14250863165611033
4200,18,-1.2815306717310353,1.2749715330756501
4201,14,0.8294353833387698,-0.016195725073337264
4202,9,-0.2010392125463191,-0.08288607483214104
4203,10,-0.2947523948321344,1.6702579446584678
4204,0,-1.485704912017696,-0.19811647107033958
4205,12,0.6416919621492476,-1.5939152995151658
4206,6,-0.3874143024558568,0.2479433405547436
4207,14,1.523082300340945,0.3503983702389286
4208,10,-0.5544954375286136,1.2132577897725316
4209,7,0.5088955795007901,1.17986640693725
4210,4,-1.5235728878284622,0.2658101532042054
4211,15,-0.3392989564256485,-0.9555888452967425
4212,17,1.053455082460704,-1.1501888434020235
4213,11,1.409881535910938,0.6119346548857304
4214,0,-1.2386813295395516,0.11509263797854992
4215,6,-0.856814371357883,-0.671632146573356
4216,14,0.7359490016038033,1.1383817259138296
4217,5,0.6111766545389411,0.7451032032609547
4218,0,-1.8134584953903767,0.1290763965258635
4219,6,-0.7119914414699767,-1.0657215786746783
4220,14,1.762792683897091,0.24066216661923806
4221,6,-0.6661085929065769,-0.145111566100375
4222,16,-0.22737031628788987,-0.7712544603766229
4223,11,1.6177737624729902,1.4918472420146285
4224,16,-0.9829641220630053,-1.2434834094466294
4225,9,-0.7585073209111701,-0.5464273736344205
4226,18,0.5449894596974408,0.696005778559658
4227,0,-1.1104236195101456,1.4360184886839127
4228,2,-0.8787750423914319,-0.00321580593963119
4229,15,0.8569934066161551,0.2649569986586168
4230,12,0.5215529213888359,-1.2158121421116568
4231,0,-1.9882794560779111,0.48600510277299597
4232,12,0.605003887466812,-1.000875881044204
4233,2,-1.1687713604501897,1.2110157088754014
4234,4,-0.6678330141434333,-0.168476863430484
4235,13,-2.122478785538337,-1.828556988771665
4236,6,-0.9547888054676222,0.7324716781965374
4237,2,-0.41269107580328834,0.04058471741806687
4238,7,0.6976292019987108,1.6572300574339052
4239,9,-1.090910353151589,0.4180845027860415
4240,13,-0.30952072339476255,-1.8091467113422781
4241,11,1.2344750328156073,1.3148572518522363
4242,0,-1.5801749450767482,1.4210622446915597
4243,8,0.09260258867084707,0.7639202321328629
4244,15,1.0116809368423778,-0.6860969012762829
4245,2,-0.2540597539346662,1.370998358177538
4246,15,-0.5190318213605861,0.1398857816187195
4247,2,-0.2150308876032164,-0.5124091221883905
4248,4,-1.996428568629068,0.7692336273370151
4249,0,-0.656960675604653,0.436977452884244
4250,5,0.5218907207601399,0.9842450844540204
4251,9,0.39961300063285327,-0.8404015835223014
4252,17,1.4743247151114918,-1.9050559664174944
4253,3,0.4815138443861638,-0.11260180331031068
4254,7,1.732439389566168,0.8039301634506189
4255,5,1.243624586696552,0.7185941096924802
4256,2,0.6717685898259015,0.3936223917024516
4257,13,0.12776499885015702,-1.6472513171112306
4258,6,-0.37950323323153795,-0.1881826205237763
4259,0,-1.039030254445199,0.5011512995420937
4260,17,0.9340248765645693,-1.2030102343266709
4261,13,-1.587877602079741,-1.0570238993591001
4262,7,0.92866510500377,2.081359878444529
4263,2,-0.5478154728770115,-0.21907503715999088
4264,7,0.7775809703474896,1.5647760852334691
4265,9,-0.349311193529083,-0.3743070314005394
4266,7,1.1993532823450603,-0.2288518090308548
4267,7,1.4466569175174728,1.8897859309959475
4268,7,2.234460234813367,0.6505040717964712
4269,9,-0.38372973718219766,0.05176921777061735
4270,15,-0.16974922134609366,-0.6452667290584497
4271,4,-0.759441017169317,0.7795892224426565
4272,2,-1.0462946404655238,-0.43118952964522633
4273,14,0.8157145864047699,-0.5873442020494901
4274,8,0.7364877387967339,0.25748155599509276
4275,2,-0.1266020776161364,0.2247711439113924
4276,10,-0.835604662567936,1.5818362297757462
4277,12,1.2609598881213897,-1.806777873406278
4278,17,0.22212059818440336,-0.013724722584283335
4279,1,0.7832840853706089,-0.7185673506593162
4280,17,1.3102234006236928,0.004316385670500587
4281,3,0.0014942273914163768,0.7387439769488794
4282,17,0.9593204937564179,-1.1138571463501634
4283,3,0.6290446858989927,0.42046069007744924
4284,10,-0.4432198083145126,1.9204114323780577
4285,18,-1.1019105700604743,0.6884935019197799
4286,2,-0.909931785259736,0.07584387084022491
4287,5,0.34970020697468435,0.21443970807296625
4288,17,-0.006161724386042484,-0.05690589153215687
4289,1,2.4402828455754535,-0.49592546248401087
4290,10,0.3292049299361211,0.8271747128951411
4291,4,-1.5857489323457208,-0.10714301078602141
4292,0,-1.9073966135709592,0.6040663949414201
4293,18,0.2963246307955955,1.8977699087988165
4294,19,0.15267742812379384,-0.0002780462059831006
4295,6,-1.014414722130943,0.3950031529735597
4296,7,1.2148288417674276,1.2378621808330734
4297,4,-0.6355059422715904,-0.09256150927623176
4298,13,0.18057852439828134,-1.402198198785203
4299,6,-0.34612365803734085,-1.7818955548513062
4300,7,0.7224207804723273,0.1597310560761237
4301,17,0.4716516512074837,-1.571217377642179
4302,6,0.05484428613642167,0.030691573053322964
4303,16,-0.12176210997898808,-1.4891096271120432
4304,2,-1.026426813830667,0.17419210951339803
4305,17,1.2111114209453757,-1.5170172557783417
4306,14,0.8809150766893481,-1.100261392794112
4307,0,-2.494257566636755,0.7155841711108731
4308,5,0.9863634343494236,1.338136619579931
4309,17,0.664714352196154,-0.469146764513846
4310,2,-0.5761530785289665,-0.29309761814002033
4311,4,-1.7439180551450972,-0.20082303580702923
4312,12,1.025473925899096,-1.246390348874647
4313,13,-0.843497775753943,-1.776594632942463
4314,11,1.0357416527081966,1.2672303777646985
4315,3,0.5186882422720183,-0.4904412447788805
4316,14,0.0917410679196605,-0.6366158872396714
4317,0,-1.863433667668114,0.516945491873538
4318,3,0.031683762185613945,-0.38220664241728936
4319,10,0.47443322345004935,2.269466050823658
4320,5,0.23991619430152886,1.4616753944767211
4321,12,2.379697353199123,-0.8951131318795758
4322,9,-1.161515897708278,-0.3130650570843343
4323,14,0.3643669480171869,0.3832633969219456
4324,18,0.9794169185765551,1.3511179716664563
4325,7,0.6272997702942035,0.3696958459883377
4326,6,-1.4921776234130337,-0.1607886098395839
4327,1,1.2480479084193727,-0.005026207800263359
4328,17,0.17092188094891378,-0.9831127990658055
4329,9,0.15006987951828626,0.39235596959460467
4330,13,-0.4870592790823098,-0.9224906026454482
4331,14,1.0974602929298576,-0.5846775881065163
4332,12,0.5733667921218979,-0.4727804161563756
4333,7,1.7246529357381113,0.28964956284266125
4334,7,1.165324385517692,0.13579726883800824
4335,4,-1.7365060542642996,0.4563496217796977
4336,6,-0.3242087807530415,-1.0225798447419632
4337,5,-0.488446905543707,1.1541300082368944
4338,8,1.5576125377598677,0.060591216174292584
4339,3,-0.48674313893815624,-0.701663475063165
4340,6,-0.9160305739095405,-0.6451820020314455
4341,9,-0.147864554318026,-0.7264814963890127
4342,15,-0.2911077752781729,-1.0215506007268293
4343,13,-1.1717699726907218,-0.9873682153905173
4344,16,-0.02197482482402703,-0.6756008210885369
4345,6,-0.6206505448073163,-0.014761443551336025
4346,18,0.05271710015069195,1.6556701708995702
4347,13,-1.30270804469555,-0.8246703462815386
4348,19,0.27647581313579456,1.0392973228529974
4349,0,-1.1805899276296659,-0.5661264682647227
4350,3,1.283058366861324,-0.22812688932126307
4351,12,2.148761396775012,-1.6737383124389693
4352,13,-1.1729552502847935,-3.1352851707953473
4353,17,-0.7178161241263704,-1.2520261353190207
4354,4,-1.1440425300717039,-0.36162232598625627
4355,15,0.5613389573823604,-0.8114609379435325
4356,5,-0.9225220279326368,1.132564894375142
4357,18,-0.6883989235871776,2.134949306044821
4358,14,1.0271527840552759,0.2829774561187379
4359,4,-0.9138302612812006,0.9011749394904136
4360,10,-0.2052903676053202,0.31254166387975635
4361,6,-1.4883526399378055,-0.21541649138270408
4362,12,1.2269514421243848,0.18919196347695683
4363,17,1.0960816406798957,0.4308923336529084
4364,8,0.537005821168323,1.048224894447932
4365,12,1.1858550290648062,-0.7761282021452788
4366,17,0.9148264735996685,-1.4396918103163643
4367,13,-0.17536238667369197,-0.9927888683917683
4368,4,-1.7536209423160913,-0.1447028289298427
4369,4,-0.6954663389988133,0.23153431749435338
4370,5,0.37725689718388483,-0.22452884688809416
4371,3,-0.5697712667602964,-0.5086330647323839
4372,12,1.7485149672000726,-0.6395506334766958
4373,7,1.0105932883806465,0.44303699080013054
4374,9,-1.064040916899109,-0.5045789909121569
4375,6,-1.9567818914568718,-0.9222305076735293
4376,18,-0.358022356667817,1.993967208317802
4377,7,1.869974173912302,-0.025870734772237385
4378,7,2.24455175163025,-0.7337421207206678
4379,4,-1.2679844263855748,-0.9429984605578996
4380,8,2.0543459424117385,1.1828053371130796
4381,6,-0.22843854676088,-0.18608009129261105
4382,8,1.398370274274156,1.035572786283259
4383,13,-0.5110532702217998,-1.3522175155577238
4384,6,-1.039762877270353,-0.4157290345547226
4385,4,-0.3694166229984657,-0.2346157468418727
4386,8,1.2385001340157036,1.105348918027286
4387,9,-0.7215336313345005,0.1314178888130551
4388,0,-0.9549451242722318,0.6922346513969617
4389,6,-0.7871609133962693,0.20192146730653904
4390,0,-1.6295522329196486,1.9868299441931576
4391,8,0.46186449343840086,0.21859041776959096
4392,6,-0.36537122333279864,-0.6028157332669959
4393,14,0.23699467384535353,1.148118536530721
4394,13,-2.336953482741489,-1.944812082125881
4395,13,-1.6204474507241682,-0.6414420744079936
4396,3,0.7593101943133586,0.011594487203856836
4397,19,-0.0034062007952394154,0.24644688759260083
4398,6,-0.538826150199347,0.08352060249827385
4399,11,2.396757799133198,-0.2850676750530803
4400,13,-1.377908239858833,-1.9495342895248513
4401,18,-1.1820858286336093,2.0417966101803944
4402,15,0.6496728078367957,0.5286320163908632
4403,17,0.4729011789346866,-0.49058704994550556
4404,7,0.660302023106097,0.8080056523411547
4405,11,0.6656704065512837,1.841418017858933
4406,14,0.7003569827387613,0.13460807161119598
4407,7,2.386121665780861,-0.4549353233734054
4408,17,0.24905831749506083,-0.4590463891413664
4409,19,0.6299726864248597,1.6073738180674688
4410,9,-0.0839176423662392,-1.5371848127882248
4411,7,1.5860818320261834,0.6291126618696883
4412,0,-2.102454723080071,-0.6734983031400976
4413,5,0.4848396340278847,0.8547955205243358
4414,1,0.6924589301079993,-0.9434830407855281
4415,17,-0.1979650753770411,0.006470515611070254
4416,2,-0.04688255430819903,0.020068233773621078
4417,10,0.27689611116720775,1.412666143335121
4418,1,2.919412127321649,-0.6079927406941308
4419,1,1.6358161420198931,-0.5316843245148238
4420,17,0.06812311787455774,-0.6129095938709128
4421,4,-1.5409136360393756,-0.04870344067752871
4422,5,0.19326853370861047,0.6114894769103631
4423,15,-0.3031787927999818,1.1106014973729341
4424,10,-1.211310639755315,1.7321188463892054
4425,17,-0.10275216157770174,-1.4586030056549995
4426,9,-1.4848381830888175,-0.2369027241302131
4427,0,-1.4866435044846427,0.3522118941947613
4428,7,0.442821099508365,-0.40972621709317475
4429,4,-0.9038917510778108,-0.18169854420048215
4430,14,0.497816395020603,-0.34454137109790606
4431,6,-0.6832743432476073,-0.3396398131675845
4432,9,0.5707898604090349,-1.5992331909321083
4433,8,1.4415213633130068,-0.9100867811115352
4434,13,-1.3213168502953117,-1.5948109515185573
4435,14,0.42202219573108574,-0.8448623073080079
4436,3,0.1503705518781167,0.14661737308033923
4437,4,-0.8512881098991558,-0.0007476221733649951
4438,4,-1.543488930778123,0.7583822595182211
4439,16,-0.41450552459106593,-1.883913933231036
4440,18,-1.0929951954055144,1.9866271656940486
4441,4,-1.9236240129705195,0.006294276619605904
4442,13,-0.9132431050149304,-2.191100835428306
4443,11,1.778830250486112,2.423129433576321
4444,2,-0.824323585831258,-0.5453394715848906
4445,2,-0.5827516874612556,-1.3764183455537276
4446,9,-0.24751535747778433,-0.10139354950805898
4447,13,-1.074910354712628,-1.0620696759935164
4448,18,-1.1186317340197156,0.6458004785874203
4449,1,2.0795413252935964,-0.7991376396478944
4450,0,-2.566778450553583,0.2927552616903702
4451,11,1.3866614986252939,0.3902198502304624
4452,8,1.396956544921595,0.39200045622573093
4453,17,-0.03559525329746846,-1.351026331334847
4454,11,1.5782481157899366,0.14268283701394288
4455,9,-0.5027096170039185,-1.0303212762222385
4456,13,-0.5943494889855052,-1.7549040000554053
4457,6,-0.49340622685054775,-0.1975021908172782
4458,4,-1.420215697166965,0.7840208825781999
4459,11,0.6969872213280188,1.3248172825891997
4460,8,-0.7291673934559776,1.5196774023598025
4461,1,2.2127104727824896,-0.7502892355709956
4462,4,-0.43742564416636814,0.11662970367338178
4463,19,0.97678953070827,0.5816686275497782
4464,14,-0.19403114384790612,-0.4973087486079631
4465,9,-1.2582197550378207,-0.2425960669893855
4466,10,0.1846250803423112,1.5387790848827705
4467,9,-0.2799183614357654,-2.279754317946311
4468,0,-2.1752321634862706,-0.22598832185072468
4469,7,0.20291722696761919,-0.41851638348835124
4470,0,-1.560472328227146,1.1159769215554343
4471,13,-0.947854573649497,-0.7971960483800498
4472,9,-0.5658379498038413,0.27157506186185765
4473,14,1.0424063861309436,-1.177144406788982
4474,12,1.2578153681288995,-1.8514404154136321
4475,0,-2.114047734603446,-0.8469834323100539
4476,3,0.31956302346510496,0.6316084800303318
4477,2,-0.5922343756292807,0.711244314293989
4478,14,0.6071078205222303,-0.2499709340776884
4479,14,0.9719641261623924,-0.32957543086901986
4480,2,-0.9934563372715751,0.5389052097540907
4481,0,-1.214549033760303,1.0549484370137783
4482,11,1.526998540512996,0.23715748032781295
4483,4,-1.7658654645245713,0.4541341835375269
4484,2,-0.9760152704221149,-0.04782798670689551
4485,4,-1.7160997287338302,-0.3776438538702315
4486,7,1.6785611073172622,1.346055274736425
4487,13,-1.799700345804021,-0.4880750627181293
4488,7,0.8263701729611816,1.5470493264560568
4489,4,-1.8596538089243226,1.2719504540326523
4490,3,-0.3394383300686489,-0.6623117874832418
4491,2,-0.8601798701740027,-0.6001905911069981
4492,19,0.21721041776778652,-0.30727054049087044
4493,0,-1.1307781644034003,-0.4222794278891723
4494,2,-0.5818983847701875,0.40383221134083774
4495,9,0.7314683054053182,-0.8069695366432297
4496,1,1.0283200788693005,-0.31217933138754456
4497,6,-0.2280163560145318,0.4259418142198014
4498,17,2.1867570494633384,-0.9492600395120325
4499,9,-1.6553234295882466,-0.347930035025039
4500,6,-0.8015496663124705,0.3507091237901509
4501,13,-1.144435254217809,-1.5063697836062562
4502,11,2.2900570567262757,0.6068767551482203
4503,11,1.33744932435431,0.5227013719285453
4504,6,-1.2027674574557956,0.4433851350517031
4505,2,-0.2634493301367138,-0.3224857471823951
4506,19,0.2912199880438437,-0.20310467690671077
4507,12,0.22927465360393037,-1.4421447308039943
4508,10,-0.9600292427321372,1.555642455983094
4509,5,-0.7205616390691145,1.5838236859762334
4510,7,0.8943126758136026,-0.5885305834724016
4511,18,-0.44895631436447575,1.0950393275398163
4512,13,-0.7250702030781555,-0.3884729653192286
4513,18,-0.5496094738469314,0.8834297447034148
4514,16,-0.2271429945728334,-1.3740500302213603
4515,17,1.5341627770651123,-0.2732628617372984
4516,14,-0.5633614936369096,-0.7876775755477416
4517,3,-0.5923733053747258,-0.6505906398258346
4518,1,1.6932674745612821,-0.5763246719960139
4519,0,-2.0203226592098846,0.20181323945954915
4520,2,0.07745109240910489,0.7598257491427687
4521,3,-0.4382808457288659,-0.469950490580012
4522,9,-0.8697184111229335,0.13655533701930883
4523,16,-0.6912431683292627,-0.10647296351451871
4524,5,1.1814192772841965,0.046437873806226035
4525,5,-0.4290316423677539,0.9055104168529086
4526,7,0.06848731457243451,0.6192302729546001
4527,5,1.0146700896623189,0.10158241965278365
4528,2,-1.455221765645202,2.418756750294245
4529,0,-3.0273466217865934,1.0465816731435453
4530,17,0.3280430219669127,-1.6678824627309479
4531,4,-0.7627162156187272,0.18563064102651425
4532,18,0.41023006260257894,1.5303391108400823
4533,13,-0.36889208595961126,-2.498102167146486
4534,1,0.5437427203850258,-0.9737251675369087
4535,6,-0.405003225257958,-0.7323561924996156
4536,9,-0.6664944668380466,-0.10516729991435557
4537,2,-0.3703964144024135,-0.14438132594549336
4538,3,1.1271234172319284,-0.3322049987737922
4539,12,0.7197346310644663,-1.975707617359415
4540,7,0.6527922103836836,0.8210492642843825
4541,9,0.053243506133150466,-0.673356194974121
4542,9,-0.7247002317099158,-0.5031650071225511
4543,3,0.45039846199032635,0.22384115861095605
4544,4,-0.32560673955835223,0.5305201785728969
4545,13,-0.2162531061976191,-1.833077803505443
4546,13,-1.0692074224976371,-1.42527139741643
4547,10,-0.12979057401168062,1.2920755977981637
4548,2,0.1478152560358112,0.45869992078226796
4549,12,1.51806697189765,-0.39026626116580465
4550,4,-0.8765176219192068,-0.925269749668852
4551,11,1.9365163653721715,0.5514411989722838
4552,15,-0.05920960548893762,-1.1872243190161085
4553,2,0.20168318194227172,0.9703317356995258
4554,16,0.02419768040504021,-0.9166230194714675
4555,16,0.20380628630355022,-0.7790751806132863
4556,6,-1.069516774055882,-0.35221981111433115
4557,13,-1.5128336223511678,-0.8357929941336523
4558,0,-1.4241700426116193,1.1328303845866776
4559,9,-0.5250946421651858,-1.4895669296346497
4560,6,-0.7714027203956136,-0.6894897533758008
4561,1,2.0033817944256107,-0.29061620050594406
4562,7,0.6439389143790141,0.6534338791187934
4563,18,-1.9303401184328894,2.0431687843979818
4564,3,0.3426140848228813,-0.1989499555934942
4565,1,1.4896234156119867,-0.6305496398484942
4566,14,1.3058735725432842,0.2873660543402939
4567,13,-0.6065699799695161,-1.7431863511657202
4568,5,0.1489346813045774,0.42828162694326827
4569,2,-0.8241952547234089,0.30839941165540186
4570,13,-0.3925877716629909,-1.5658003450418925
4571,13,-0.4318983936504224,-0.3698188626828532
4572,18,0.16023277846189907,1.4112313797158946
4573,13,-0.5812678222306332,-2.5708890319052955
4574,15,0.32709535317577065,-0.965850657352428
4575,5,0.10614807024976122,0.9060465712811158
4576,8,0.15742630136756228,0.5524670549170471
4577,0,-1.360911217931781,1.25392175547149
4578,10,0.322746156020483,1.77074897237866
4579,6,-0.49219390039850935,-0.6004327566856977
4580,4,-0.7886653431310523,-0.4808016123901095
4581,5,0.6617532869050756,1.7768087906646042
4582,12,0.33007173208080465,-0.5218225645474721
4583,2,-0.29041249217276555,0.32166201523555926
4584,17,0.009688937801149154,-0.9041227121695847
4585,5,0.3134007715403527,0.9394884738579524
4586,4,-1.006526498853623,-1.25166564973474
4587,6,0.07784536145179431,-1.4956609272382257
4588,17,-0.03346277765276551,-0.9176779619967117
4589,16,0.3139745270424358,-0.5470210589143377
4590,14,0.8039495103808402,-0.018505127869635027
4591,4,-0.6734629512046756,-0.7288243105094012
4592,5,0.695360843698516,0.12340731989263676
4593,15,0.545911575782946,-0.4208533139640628
4594,8,1.5538651481916246,1.4176347654445323
4595,8,1.808538084719424,0.8963304960863013
4596,0,-1.674133097243727,-0.5598105609901517
4597,11,1.9709756101980596,1.2870450681193208
4598,4,-0.9251990591362341,-0.19220222457668512
4599,14,0.6844667890594409,-0.2840787391027061
4600,6,0.6208112481183032,-0.3995924785871068
4601,1,1.3737131866636645,-0.055952293309495756
4602,6,-1.0623727908881646,-0.3421378401077698
4603,3,1.298078615125594,0.27578010655900564
4604,2,-1.1794019897642383,0.2038297409755999
4605,11,1.662598238459968,2.072521951598845
4606,13,-0.7676041535077848,-1.1105179729191352
4607,13,0.017962869948281612,-1.3122779546827699
4608,17,0.004513080871900859,-0.7542235777897762
4609,1,0.4569720787725803,-0.8976652193326696
4610,3,-0.20174623788497223,-0.23326040568108564
4611,9,-0.5344795587002326,-1.5192807290677868
4612,13,-1.5753884883262463,-0.8667209689151727
4613,14,1.6367939096698505,-0.5876359513262719
4614,5,0.8418905755703883,3.60241595409454
4615,15,-0.22591754272599854,-0.42290605101134887
4616,7,-0.0951878301955907,0.5164431398589028
4617,1,1.7905617095613338,-0.451204803140316
4618,7,1.549806430690946,0.008213600519900825
4619,9,-1.0679309097091763,-0.012660821179981073
4620,14,0.5192389902084205,0.06125582721350529
4621,15,-0.027157318450251378,-0.18267281427038487
4622,6,-0.747147336682659,-0.28472387026162665
4623,18,-0.8967793179981928,2.1432599878382685
4624,13,-0.9200927085530518,-1.2832278936834811
4625,8,0.5108780695032799,-0.3766324612498114
4626,12,1.0114839477893645,-0.18722491984191234
4627,5,0.7868700026110558,2.231491221136007
4628,7,1.1868713005763143,0.32766387752140885
4629,2,-0.2220457220634136,0.5753731214545142
4630,19,0.6915108990248893,-0.4246932465140951
4631,13,-0.08341228971542398,-2.0766061291897513
4632,2,0.10621224650529285,0.11979946257828822
4633,0,-1.6898953026720958,-0.2726847454167415
4634,6,-0.8693740056171464,-0.831926730818868
4635,13,-0.931080421167724,-1.9753091133786946
4636,17,1.436778372829084,0.13290036669295768
4637,2,-0.8250569404300697,1.5678731362923723
4638,19,0.39183346735192737,-0.23536931410111503
4639,4,-1.491249992341495,-0.21577430903900144
4640,2,-0.7057314353462744,-0.5060605435475813
4641,1,2.1856338277575325,-0.7833558505376728
4642,13,0.10759512339492514,-2.4055220210472363
4643,1,2.0181652861020947,-0.9722709070768323
4644,8,0.0864775197488352,1.5408187111871725
4645,6,-1.4829540979958924,-0.3192539707917514
4646,18,-0.6665366916819583,1.7240456451427986
4647,15,0.6806591154653545,-1.031321490934256
4648,7,0.7305309671389395,-0.26713596091197966
4649,12,0.3371023893537945,-0.7487329948681409
4650,2,-0.12424633954410004,0.6394568930009926
4651,7,0.11428357952585214,0.5493396407586504
4652,0,-2.0889380590329463,-0.5170335017181098
4653,7,1.5554237988851938,-0.10590104454579721
4654,10,0.029713594669064092,1.3508133821355752
4655,13,-0.236803519101702,-1.0193478951309538
4656,13,-1.4355247877796304,-1.926027976125465
4657,3,-0.5113425689864577,0.6079463663162221
4658,9,-0.052940283796515414,-1.8838370322647124
4659,6,-0.6793003865830882,-0.9336567307372026
4660,1,1.4162489738486006,-1.6770676739610955
4661,12,1.4941188471111477,-0.5564109711403906
4662,12,0.6255460928904587,-1.2155162976429896
4663,6,0.24345499731720288,-1.1631402993836037
4664,5,0.4627076414622983,1.3371162890763872
4665,12,0.21593916764269724,-1.7881319196063103
4666,13,-0.7328979461908897,-1.4966153509058355
4667,4,0.32870478986403184,-0.4114222272462055
4668,0,-1.6078151579165352,0.5069314199719311
4669,8,1.1928068689754656,0.8793375121654105
4670,18,-1.1729348789135041,0.9252452680683362
4671,17,-0.32770093498576325,-0.33543723558308264
4672,11,1.674998462799939,0.7456986730843538
4673,5,-0.5171020571404041,0.9632061213731933
4674,4,-0.5148218203343221,1.0261250433089575
4675,7,3.1973178657397496,-0.8359440457879828
4676,6,-2.089460382163296,-1.1811430787282844
4677,3,0.12263780831732468,0.03472697896107873
4678,17,-0.4954104203215607,-1.5796455152143456
4679,19,0.07220602085486881,0.13176185787571706
4680,7,0.5717556029382237,1.4791260258287515
4681,12,1.2059848433041058,-1.3721029444001227
4682,19,0.5570943378827337,1.924745779602926
4683,8,1.8207955649474026,0.10043896047759299
4684,9,-0.5408997656826724,-1.4913227666016773
4685,13,-1.3068039834711027,-2.0532282298487634
4686,7,0.6043239075477231,0.04041245187041799
4687,14,0.8197650958304439,-0.3028311876253985
4688,14,0.574699819314791,-1.400981664441612
4689,4,-0.619240718967929,0.7366359362010326
4690,13,-1.1498925520531191,-0.7839071879062003
4691,5,0.5127747886586642,-0.2642723872179443
4692,6,-0.22843093412277693,-1.8877940565613045
4693,14,0.3659863406913485,-1.0683586668808744
4694,2,-1.2035531180659929,-0.044128397566654286
4695,0,-0.8099890641912557,1.129753335051116
4696,18,-0.07652297061817158,0.8498623804477634
4697,6,-0.22544418213272352,-0.899628693683699
4698,2,-0.6402701337731507,0.7748208070305989
4699,5,-0.21678064543348707,0.8115414208864805
4700,4,-2.058895645467726,-0.15366809084788496
4701,12,1.1091365236711768,-0.10357060357268211
4702,1,0.6676272153059342,-1.4964100873594588
4703,5,0.1384590367345093,-0.1201161371626118
4704,13,-1.7536342903583664,-1.7929750282904282
4705,9,-0.4628529982481711,-0.23059557892634922
4706,4,-0.8782523381191367,-0.11298895253994433
4707,18,-0.18620161248631262,1.3827501949431038
4708,7,1.2002637784163603,0.01233446193881492
4709,3,0.1563146941139775,-0.023537613219911685
4710,19,0.42870400849473866,-0.7974317784925983
4711,2,-0.8802056481573024,-0.6424581684140946
4712,2,-0.3603550184622375,0.5410666403048914
4713,2,-0.4903391861073803,0.360700001489998
4714,18,-0.5376202065185148,1.6106067012238445
4715,12,0.19683285451351615,-1.0368601411507756
4716,7,0.6664055661011942,1.3991374140708899
4717,5,0.247280120077107,0.17001250830389641
4718,7,1.3719106109359653,1.4231884200308929
4719,11,2.2054943786948042,0.9505917001647998
4720,14,0.5103582717535271,-0.6074461763873039
4721,4,-0.41118415768334027,-0.7143893367931257
4722,13,-0.8078353726894514,-1.4806334836544761
4723,9,0.1391077752095234,-1.0059739376129262
4724,8,1.7478593527033581,0.8379963353621127
4725,0,-1.876082445234891,1.0439848792291038
4726,9,-0.6213058206407639,-0.5390220901070539
4727,2,-0.4450848181331762,-0.5762843324380549
4728,4,-1.3388521345567097,-0.6385621478320511
4729,17,0.8164243918782883,-1.6506242873087378
4730,10,-0.22420714221314766,1.3523840643688627
4731,10,-0.17703557704735118,1.2487075874139193
4732,1,1.133458399953068,-1.782750961993094
4733,14,0.5409916239741014,-0.8322602925752329
4734,2,-0.8322189785864771,0.23529380480979778
4735,0,-0.8075311289545559,-0.03985968119581052
4736,11,0.6998711013254949,0.8193150136687676
4737,12,0.7796231628010715,-1.6231419051871367
4738,12,0.7252600827405001,-1.3494266659314909
4739,13,-0.6930926388963762,-1.4743000389883958
4740,5,0.8817784083116877,0.1580322273511247
4741,7,0.931611497338698,0.06470964294465281
4742,6,-1.91959888257011,-0.4366237316168506
4743,0,-1.8969592159311888,-0.6347845585209935
4744,3,0.17176831574540533,1.484955313208694
4745,1,1.3716754659413624,0.069954126596644
4746,4,-0.43364953512459586,-0.2001852536592342
4747,9,-1.0430296280242177,-1.9471389599412878
4748,1,0.8658267441127914,-1.0908046301493937
4749,15,-0.4171052225244112,-1.5552841744548114
4750,5,0.4407640200901361,1.2245838484568778
4751,3,0.48052221257789357,-0.4365922038005926
4752,17,0.6002339404736066,-1.2161489556082155
4753,12,0.6482419957390757,-0.9698946459114652
4754,12,1.1114809781064199,-1.1156269679497888
4755,12,2.0132186319134653,-1.0091312583644887
4756,17,-0.24913401337251612,-1.4886570441050277
4757,3,0.44754158585824705,0.03478952159425243
4758,14,0.12888665615448933,-0.4919368775122979
4759,15,0.30560079446016497,0.7486922662470722
4760,7,1.9175409297018844,-0.12482672387445719
4761,7,1.6212484784535601,-0.5167122731934739
4762,4,-0.9682420660392066,-0.852087557223113
4763,17,1.4532196144805565,-0.6696210254302565
4764,5,0.28973369791498377,0.7254298138903471
4765,17,0.17771505930386672,-1.70589267065536
4766,17,0.014467195860132285,-1.4675165416317637
4767,16,-1.2170642377731364,-0.8294318936747962
4768,0,-2.1585415292870063,0.3724271109784148
4769,18,-0.5595153693229081,0.8953843607010428
4770,4,-1.7846406399676196,0.4898812963755283
4771,12,2.248054822578795,-0.7118481417333166
4772,3,-0.49159681311468856,0.752795135718589
4773,14,-0.029736403489942054,-0.8244205009933924
4774,1,0.6185053461879488,-1.0634921728480522
4775,19,-0.42942447229801983,1.2095904722312352
4776,10,0.07355297060281296,1.644627466433518
4777,2,-0.6729894326663585,0.8832911352400461
4778,11,0.5423983219532337,0.6117670305224121
4779,17,0.40720884167150234,-0.8492786752860204
4780,18,-0.08675443612993326,1.881056337458591
4781,12,1.166899418381244,-1.1304555359180974
4782,8,1.5964849899267433,0.8947412884974443
4783,15,0.4710383845688126,-0.5151396548944401
4784,7,1.6887243511930052,0.23103443264828064
4785,3,-0.35947038828470984,-0.21834759835555065
4786,8,1.28762424908917,1.6627940262085015
4787,5,-0.8127322587479714,0.8001181072851942
4788,7,1.5240927937296405,0.09917358511656811
4789,8,1.4887537284674384,0.8182272712399824
4790,14,-0.021104449236916824,0.3032919170880603
4791,12,1.0601650077134634,-0.06671302729204524
4792,2,-0.6274669323478423,0.5223154507480484
4793,0,-1.2049244705213737,0.7539915147551258
4794,5,0.5274403920592493,0.7481808436157847
4795,18,-0.8215470421887119,1.073457082151294
4796,7,0.8701320214164765,0.668206690959567
4797,15,-0.07991528523278,-1.0013323791325501
4798,13,-2.2558186062952372,-1.7302029642392542
4799,15,-0.6034097612016703,-1.074044835861247
4800,2,-0.7689832330463304,0.8057001752906302
4801,6,-0.8396857934231078,-0.6407635619875575
4802,10,0.11113981349728927,1.5287544014615888
4803,17,0.6338546918009835,0.5005467556342619
4804,2,-1.121622114875478,0.9598414526092636
4805,12,1.7723477992636283,-0.43432989092977403
4806,15,0.4580075309632064,-0.7909776772743609
4807,5,-0.262778033880104,0.10810961888576337
4808,17,0.4364951043437095,0.13804906636036096
4809,14,0.4135809583282799,-1.0146216066410272
4810,4,-1.452260183295156,0.2306379616045848
4811,19,0.9366240037372112,-1.3639683741672017
4812,15,0.17432933546975457,-1.8404943871266417
4813,4,-0.8143342337475732,-0.7632805684808682
4814,15,-0.6276904648514033,-0.8326532988154265
4815,19,-0.8126264608916486,0.7899987775971918
4816,7,0.973653578297295,0.28987194300329
4817,0,-0.6555716171169753,0.20483574588398062
4818,7,1.3049481924374287,-0.395793598618136
4819,19,0.8544854854291171,0.41632677642106974
4820,5,1.3686608394203164,0.2612552237326537
4821,12,0.43813430701715134,-0.68170157130419
4822,5,0.5867934564782356,1.900350755964599
4823,19,-0.20324079421750843,0.612043700159341
4824,19,-0.8899486728923328,1.5813370145001675
4825,0,-2.6740741136925363,-0.6883466918163621
4826,0,-2.0953099492723797,0.07272573778797695
4827,5,0.5949567037199366,0.37665665815245003
4828,19,-0.4432908074385029,-0.11251334508241857
4829,18,-0.05568406701395915,1.0563011619179483
4830,12,0.014345179506024928,-0.5937088583403333
4831,15,-0.7626680432981814,-1.6692537444080462
4832,5,0.11532335893415144,-0.6760945003865417
4833,14,0.104834395234966,-0.11225904426376146
4834,7,1.5847539432852156,1.0209077642266806
4835,9,-0.4537825513577378,-0.01954303380256216
4836,1,1.5203275714087354,-1.4085616265596024
4837,2,-0.01780072814168785,-0.41133130564423714
4838,17,0.543251842809238,-1.19385724913586
4839,9,-1.3450472307600383,-0.8416331948804058
4840,4,-0.5127825254322363,0.10784378555952463
4841,0,-1.647838266368615,0.16411287305848227
4842,8,0.9914271409613243,2.030633102704506
4843,17,0.7561033399657576,-1.2066497460212144
4844,0,-2.0261754969823476,1.1132515348795429
4845,12,1.095558247097196,-0.26817624006710966
4846,15,0.8037789141081315,0.7497585169054062
4847,2,-0.4565227851260791,0.3801345234636542
4848,12,0.9796242612096988,-0.6826322451229674
4849,16,-1.2479465489531107,-0.8644920498841089
4850,7,0.4620751508079443,-0.30505258446359906
4851,17,-0.032737548380697756,-0.6235344186759436
4852,5,-0.08370754184361148,0.5329758835064183
4853,7,1.2992837636592347,0.023868001845157857
4854,18,-1.5257136153279183,2.090857566977869
4855,15,-0.6762623024729022,-0.7855771089581137
4856,9,-0.38181812144855704,-0.4632176626157076
4857,11,2.5721147924639456,1.5498322949358807
4858,5,-0.12412058358814318,-0.2259808315144713
4859,8,2.3002295769513985,0.548509184420569
4860,17,0.9786760092234108,0.5586580969376288
4861,19,1.0826535618629882,-0.04662988317973732
4862,7,0.9344535162275408,-0.8557786965641447
4863,5,0.3968900422585174,0.7090900171101943
4864,0,-0.96577967507678,0.1183388971251152
4865,4,-1.1862928786709481,-1.1667849784004953
4866,7,0.9622763315535956,0.6845831670090947
4867,18,-0.45554221029906256,1.9210487259363065
4868,5,0.5045625005988037,0.8255778703705818
4869,16,-0.6983779715569712,-0.019246176803170333
4870,19,0.542092507876801,1.6921225122354748
4871,11,1.6205829845519524,2.2999883406460886
4872,14,0.4789844857593292,-1.1342779395527343
4873,13,-1.2445812254780235,-1.7876024269782405
4874,15,-0.3510509837906514,0.7317811751606561
4875,5,1.4100021211690739,0.50116235719446
4876,18,-0.7753994186899664,1.5935828025945784
4877,19,0.890477030692762,0.2725230278968487
4878,0,-1.2955565952153107,0.4161752925751952
4879,15,0.01193338022429401,-0.8482509456221853
4880,19,0.2033094544434567,0.31443831609793793
4881,11,0.7153546917123524,0.4782065542306884
4882,5,0.33978453997661145,0.647966112013901
4883,2,-0.15519300924211626,0.08155039212886593
4884,5,-0.051233042738637886,0.9466916170954155
4885,10,-1.1846408435061835,1.3092433965079961
4886,6,0.08698859070006641,-0.9332960302787632
4887,14,0.09116880581683126,-0.33458087202285075
4888,18,-0.49574664764554643,1.2814257220224834
4889,14,0.7799979740779822,0.4936925186595395
4890,2,-0.163905017584902,1.007666007779239
4891,7,1.2066015462445896,-0.8099627076072649
4892,4,-1.0241151339260803,-0.2613371362082497
4893,3,-0.9690774291209615,1.0347306383907846
4894,16,-1.2834981921082884,-0.6430327834175336
4895,13,-0.8696325477816391,-0.8076801077807918
4896,9,-1.2918297339774116,0.27990030840591706
4897,6,-1.4531651706224666,-0.27667209822544425
4898,8,0.5799764958606787,1.3935297975522896
4899,14,0.509651109014595,-0.32224573406929663
4900,3,0.6603666824947845,-0.8651487582685529
4901,14,-0.23265975484939766,-1.2364431380417686
4902,19,0.6278279542264327,1.8853543782667022
4903,7,0.9724295734248394,-0.7418341105807686
4904,19,1.4816584829849115,-0.3354713653872512
4905,3,0.9907054388745011,-0.011048948370387
4906,13,-0.5436602170665306,-2.392429423540036
4907,13,-1.0187620858468718,-1.1727611845295394
4908,6,0.2544634344624377,-1.4083515247182399
4909,16,-1.2224992220869866,0.3154885709221565
4910,4,-1.075318410869052,0.5004612416268827
4911,10,-0.06829514613591288,0.6413176266128914
4912,13,-0.020111513195222613,-2.0781568387248512
4913,1,1.0351656685576327,-1.2306286414218461
4914,9,-1.7737106311712463,-0.4009781190309991
4915,10,-0.28302622196672367,1.5124263148342503
4916,6,-0.07463479082746592,-1.0554034017213623
4917,13,-1.47638297225126,-1.6368813203454962
4918,11,1.4668449881416408,0.3600740443282485
4919,19,0.9818478734447826,0.6926464515782433
4920,6,-0.8747775030764294,-1.6477734012154042
4921,10,-1.7100947245581488,1.254647491337978
4922,14,0.9599890929756439,0.14202932723991832
4923,18,-0.997153450202384,1.5412208067008433
4924,19,-0.8046504305327397,0.03017053706330637
4925,11,1.0551454848356983,0.19900991418783606
4926,3,1.0120678621607793,-0.41777603500268556
4927,5,0.4933701699835135,0.27766745258669256
4928,11,0.7155401123319779,1.5079259127079896
4929,8,0.5601136425327566,0.21339067925773317
4930,3,-0.24093016468833262,0.14364460347154556
4931,18,-0.3000773613007685,1.9863475734815232
4932,0,-2.1575384522297774,1.9571799822138214
4933,17,0.29968606148036214,0.029231459690511132
4934,6,-0.8239203966746824,-0.3996833167084001
4935,0,-1.5415832077462897,1.8397125609397968
4936,14,0.5144757844690837,0.7104226152278305
4937,19,1.0237652276872373,-0.2752317933595579
4938,3,0.8652366430208189,-0.18497514405433368
4939,10,-0.3457333550141751,1.4171392595770056
4940,12,0.822759018881803,-0.06941406486053363
4941,6,-1.3354704701466107,-0.6541680405697482
4942,0,-1.0047197882139436,1.6900097051774947
4943,11,1.2179443804565355,1.143914385006217
4944,1,1.1902994828679547,-0.4587689841331514
4945,17,0.9016679970863057,-0.026640520237034712
4946,4,-0.6845774170151369,0.17234297387718397
4947,12,0.3433609371359689,-1.20657480816454
4948,15,1.1837018311763856,-0.4054356559288191
4949,8,-0.1598965327002735,0.604276431329083
4950,6,-0.4747164786695949,0.2338517751506395
4951,17,0.4381251438094886,-0.5272063417205303
4952,17,0.04023421487687537,0.27512865910719386
4953,0,-2.3986692544498704,-0.4015759614274658
4954,19,0.798504642217463,-0.24455732672922728
4955,0,-1.7594389019802112,0.41001689993449014
4956,7,1.6858147156048477,-0.03203564611038883
4957,16,0.4823352874589055,-2.6574563212672473
4958,4,-0.10926143533835338,-0.005065540644763753
4959,10,-0.38425553906469784,1.3364491295348842
4960,0,-2.1107819078732204,-0.3592417650753169
4961,3,-0.0432160987821846,0.47315075218105
4962,6,-1.7744770559539078,-0.8016722018091811
4963,5,0.15097015485949625,1.6091282420370332
4964,3,-0.42165962370057297,0.15873386319176125
4965,1,1.4340590808647133,-0.45077646240251046
4966,11,1.7235986640647605,0.578212653510298
4967,0,-1.0207814143171399,0.8579384033131379
4968,9,-0.006518880552284696,-1.7313800380300637
4969,4,-0.904075680393059,0.3484673101160869
4970,11,2.242302200949221,1.3537540353110051
4971,9,-0.24435606635118534,-0.6859419554470404
4972,11,0.5835886535526373,1.085018818523507
4973,15,-0.7013008658168048,-1.017328348947617
4974,9,-1.2036894263410896,-0.6414867581301066
4975,14,-0.18218391858351174,0.27585125219886186
4976,17,0.8033966296670388,-1.0115644552557146
4977,10,-0.482596399359155,0.4876934655878142
4978,7,1.5228951195320677,1.2786691839755338
4979,17,0.2784533209431077,-0.03334046788749094
4980,15,0.7726178898225888,-1.5505231963561206
4981,4,-1.4808570868844524,-0.18284390728826957
4982,16,1.4525108598884156,-0.8023062697558767
4983,6,0.38616580469417433,-0.4357162186407252
4984,19,1.9060691382322523,-1.2403339321864049
4985,3,0.2875571397352468,0.2555586959022284
4986,16,-0.2279084535394241,-1.365967444858591
4987,16,-0.1718208868773178,-1.020390965691448
4988,18,-0.4846927389438632,1.5638294076191384
4989,11,1.3385137676872076,1.0782211938096895
4990,3,0.4756904803643783,0.6804635790229909
4991,11,2.232120840370277,0.025908323755784772
4992,10,0.11670628983598455,0.7487720127919365
4993,4,-1.0611733987962157,0.5348609071381707
4994,3,-0.4634238139488012,-1.2734903409346299
4995,11,1.2572293627908426,0.7580036210975247
4996,6,0.04616387919968304,-0.5695566458911226
4997,4,-0.33009192333237614,-1.1409520286083357
4998,14,1.3963159349239478,0.11393947438778396
4999,15,0.5264678364667081,-1.657668044502221
5000,6,-0.5639833549601051,-0.5455996603013786
5001,18,0.1389283652123587,0.7276170198952348
5002,3,0.29846578458861045,-0.28768227678607144
5003,2,-0.8969647420313108,0.48807001047028736
5004,14,-0.001460903034071982,0.3603266182997411
5005,1,0.7779561979083358,-1.4338563955269437
5006,17,1.421837772636415,-0.2622047189029282
5007,6,0.08872546323771599,-0.7177007379718735
5008,0,-0.6505263512527857,0.458558254991096
5009,1,1.2309640460370241,-1.272425269956001
5010,3,1.174729374497674,-0.21397010735090918
5011,19,0.4940880836847341,0.060932296001399634
5012,8,2.3233874034208135,0.6846838878268514
5013,15,0.566438332604699,0.8973132584879429
5014,4,-1.2219491830822302,0.6777259349649224
5015,12,0.34903633137118867,-0.8095427920156375
5016,0,-2.5180515584164986,-0.12903953111784797
5017,15,-0.27072223275253987,-1.0303796530781342
5018,4,-0.055267637874118966,0.3362549686804821
5019,3,0.7728729993975363,-0.5668894014874906
5020,0,-0.8700275537132871,-0.44791883437038993
5021,5,0.37139102613662395,0.9991435325596381
5022,13,-0.44368301152359896,-2.410432472075501
5023,10,-0.5761467809531702,1.4518251102501074
5024,9,-0.6846954152042063,-0.5115250418980881
5025,7,0.9823092647631808,-0.5537084109202189
5026,7,0.47465979053953794,0.6829181061662016
5027,8,0.7289717799216134,1.3491907739232196
5028,1,1.0736997247619042,-1.265378266193512
5029,16,-0.810137810381219,-1.7978242222520444
5030,5,0.45747637006402997,1.0181081524597946
5031,11,1.2276834976687998,0.5898553429317315
5032,10,-1.7325714698542938,1.706792142013991
5033,16,0.05945545772282683,-0.5369356476819728
5034,4,-1.6239710548995712,-0.33150829052924274
5035,18,-0.447031049303624,1.3202819563155752
5036,14,0.6720006189523805,0.2640990592366503
5037,14,0.6544744241189792,-0.45010882108259914
5038,5,0.689382203223986,0.47755715307791974
5039,0,-1.0469106762030091,0.13967976200751406
5040,6,-1.1423325708523007,-0.7055982809719177
5041,17,0.9162183673679415,-0.1835465230227497
5042,4,-0.7085543863841764,0.30258570334823015
5043,2,0.8289020622704144,1.3858341452546634
5044,14,1.1514012447495,-0.47484003854728496
5045,15,-0.07868715834067638,0.48599640280873024
5046,1,0.9268791465636544,-2.2766442226694714
5047,15,0.2324654038003435,-1.2649898304715372
5048,11,1.361401975104376,0.34742998436573297
5049,18,-1.3173108865845227,2.338470064992059
5050,14,-0.09710717578394962,-0.5939146530337459
5051,0,-1.4578372154795478,-0.4522296365558634
5052,7,0.9139221768624217,0.15529204488675402
5053,9,-0.6157332148223529,-0.4211000831533141
5054,18,-0.14280153938411538,0.7121415244740928
5055,15,0.09175761261525522,-0.5639665873020268
5056,18,-1.8419939006092023,2.401222698422636
5057,13,-1.6023122663507385,-1.5778464304920345
5058,5,0.25015213714452206,-0.25505709386261455
5059,3,-1.3891008730161996,0.18334124311754926
5060,2,-1.763139159061521,0.04727808758327789
5061,15,0.5599498358432794,0.5785401736599485
5062,11,0.6610691581205432,0.2433465922790366
5063,11,1.0078459626205414,0.8529328862232304
5064,2,0.23861302918670255,1.0902562335762689
5065,14,0.032087317696010725,-0.27203664036624103
5066,3,0.30307303868134755,-0.33349288833984203
5067,1,0.9454043364345033,-1.6832379790868293
5068,6,0.39261424434466646,-0.0024899012232569287
5069,17,0.2607194775151962,0.0757112327193903
5070,2,-0.9923346039124231,0.9018609506280019
5071,13,-1.5787487237050428,-2.1438049169344584
5072,3,0.515088930344704,-1.6794659800214247
5073,14,0.6241515152741531,-0.4048030914508943
5074,11,1.5063246173505982,1.149975749799316
5075,16,-0.8717827814917835,-1.5177625024911974
5076,15,0.7112333490688687,-1.7397309577984874
5077,19,1.4775894834609444,0.21709247281521332
5078,4,-0.14214819541442936,0.5428691681779657
5079,18,-0.4709708366558743,1.5125149052682276
5080,6,-0.15448292519251802,-1.2826334827119925
5081,6,0.7513264367251556,-0.6521778174890209
5082,18,-1.1046109255209133,1.4290008451558815
5083,15,-0.712029160305951,0.31751031187397266
5084,1,1.958488995503516,-0.45382853468684303
5085,6,-0.22140073330821144,-0.5520569759383098
5086,3,-0.3676356986418286,-0.3475902129263603
5087,0,-2.1928130747192416,-0.3585148482644121
5088,13,-0.7024127504400697,-1.0391924166798114
5089,7,-0.029607959063679634,-0.14578803673832672
5090,0,-1.218548001784048,1.4450359386439247
5091,12,1.5777201917035324,-1.5991624064252914
5092,5,-0.30095838259808577,0.4554375304841937
5093,3,1.16113442759533,0.28886170555680096
5094,5,-0.04699427998056892,1.0515871326600976
5095,4,-1.6880052451837706,0.3729355675568479
5096,12,1.7643996280961713,-0.15214233918784809
5097,3,-0.6010068518068604,-1.2723471694473434
5098,8,2.4284349906073976,0.5216598716444655
5099,3,0.23789569152797735,-1.090131255808712
5100,14,-0.2075847433904349,-0.9419300200169001
5101,1,0.7378852678616801,-1.4407529348025068
5102,5,1.32981781289286,1.1791565095286896
5103,14,0.6494346156014451,-0.17718143903965655
5104,5,-0.40380117895688994,0.9362530968201948
5105,7,1.1944254921393571,1.1389302956265235
5106,3,-0.3312369307241469,0.932493904515826
5107,6,-1.0209204436472534,0.13053792395804903
5108,4,-1.4061875229457277,-0.5830206829726288
5109,12,1.7913293043806249,-0.1887181850816013
5110,10,-0.024619104910793638,0.4540909572818301
5111,7,0.30412371828757584,0.4983555613682558
5112,13,0.0970813602954412,-1.7343279755102996
5113,10,-0.3361366146894215,0.7282459712000179
5114,6,0.11792337465582278,-1.6178909693427261
5115,14,0.0962444240572082,-0.22648580099407728
5116,15,0.6138668229673695,-0.478997915040981
5117,6,-1.5937964408656446,-0.21115409813537123
5118,6,-0.18535229213012605,-2.130738613944596
5119,8,0.06147560180446125,1.3411338305268112
5120,11,1.1510507932299074,1.9629920526363458
5121,14,0.058085902361466775,-0.4970486864694417
5122,1,0.5125319807583476,-0.4435823232960885
5123,9,-0.3460954814366312,-1.3726974135660361
5124,2,0.008400141987028929,1.2210904642373792
5125,7,0.738496237211487,0.8238315506518189
5126,1,1.9292792296879127,-0.8127087978470036
5127,17,2.1890233379608373,-1.051389978473404
5128,14,0.04266252835664752,0.3788297842046228
5129,17,0.5005701127365512,-0.4392958625761216
5130,7,1.4941726182652393,0.43368944044310104
5131,13,-1.3943111493109734,-0.9186871200227926
5132,3,-0.8985297492829797,0.2746466668783174
5133,6,0.5820585891440715,-0.4834635143196555
5134,13,-1.416215598437546,-1.0029039801574868
5135,5,0.9334662110584013,0.376007753838877
5136,1,0.817660111431481,-1.2053388709490864
5137,4,-0.7775387086615603,0.7946454324335829
5138,18,-1.2464417535163081,1.6304280271942402
5139,10,-0.5093046763529709,1.9836497305104819
5140,10,-0.9855528711994018,1.6064827535707105
5141,13,-0.8424464378521314,-2.501624728512018
5142,10,-0.1155571101559217,1.4587298624583618
5143,4,-1.2288189590937286,-0.03326453910012612
5144,6,0.12315251554230275,-0.03976462766192903
5145,19,0.019995173371990124,1.123933709188414
5146,9,-1.0947365653999896,0.6617951996310906
5147,14,-0.01605427591183415,-0.13730496893363922
5148,10,-0.1324871747729669,0.5783252663799139
5149,16,-1.281372215943013,-0.6510169156671219
5150,6,-0.13263220355167968,-0.5077448190952983
5151,12,1.5590451079790897,-0.5789818970481398
5152,12,1.1212984391603018,0.14107068917936855
5153,16,-0.08426889350029344,-0.7610602950755406
5154,1,1.0195998899171497,0.03997384395901005
5155,5,0.9506145511972597,0.17797223835568515
5156,15,-0.0457839131703168,-0.3988711628380907
5157,17,0.45973543896582497,-0.47039695360737127
5158,11,0.9472463323257436,0.8690057823656993
5159,0,-0.8945307819744328,0.9623160716347879
5160,12,1.6695233137946743,-0.43674569262502694
5161,17,0.6917929110470379,-0.7439489007509652
5162,4,-1.116559975795429,0.8126185965050342
5163,16,-0.9139748214959994,-0.6530716455227646
5164,13,-0.9114409424558252,-1.921964243773382
5165,10,0.014757958656250013,0.8069003355351066
5166,19,1.0754611922604118,-0.2904916620242293
5167,17,0.6754326145264712,-1.0314324273911966
5168,2,-1.8099621277405942,0.7470108525643164
5169,19,-0.3230579398785365,0.8220773172250987
5170,14,0.9803139000987036,0.7420359114813551
5171,14,1.6329716695096672,0.26886430056552374
5172,14,1.3489357359433598,0.5641047067201915
5173,14,1.694552068461757,-0.6371403497571564
5174,14,0.14740368488076208,-0.6231207655671339
5175,13,-0.7180351508925821,-1.3281677911235297
5176,18,-1.328063630752861,0.9945901697606787
5177,6,-1.3150494315272985,0.3074953929165022
5178,15,-0.5645617563117213,0.5920087685770208
5179,18,-0.5953829836716191,0.8574021307221248
5180,12,1.5812683675589108,-0.7375372474008268
5181,11,1.5827574947003535,0.655877294441282
5182,0,-1.4098877839756858,1.4733308159847278
5183,16,-0.31223203875527394,-0.12679035497028407
5184,13,-2.1078336728444538,-2.007583692113277
5185,0,-1.3992961077588137,0.8976766911754973
5186,15,1.076656154407327,0.2090891116618204
5187,1,2.180914162557704,-0.07889845782546748
5188,7,0.014356253461261069,-0.34306343310707016
5189,16,0.655807963429088,-2.733786902578644
5190,2,-0.3878331806553165,-0.0627574166482036
5191,14,-0.43215933601118234,-0.7012537120187357
5192,14,0.8219255359550448,-1.492823259812465
5193,6,-1.4393121528744481,-0.4591532273730098
5194,5,0.362020404281535,-0.4313418576086373
5195,9,-0.04014853510239294,-1.7968785794826714
5196,16,0.28927505655376495,-2.1242430977335163
5197,1,1.1587801474490937,-0.8414432189974089
5198,10,-0.2812804992200074,2.1490452500493307
5199,15,0.3404395988964654,-0.280447632504235
5200,9,0.020885491010513013,-0.05567907352705176
5201,8,0.5352561961120166,-0.2158802728110531
5202,18,-0.8038213864039533,1.1729680822118047
5203,12,1.5567561477332204,-0.7739999227968055
5204,14,-0.15136554657532716,-0.48590991184498883
5205,9,0.3029291502967927,-2.0586649823469743
5206,10,-0.948857066565304,1.7580184259921239
5207,15,-1.0219250862045828,-0.37587588064507643
5208,6,0.4464336787346251,-0.6124045201632566
5209,4,-0.7080312180251,-0.4283624528907139
5210,0,-1.1323387966104765,0.14421446067212912
5211,17,0.2194877764352905,0.07020648223457546
5212,0,-0.7220262075038912,0.34925592233595376
5213,9,-0.23097898071879966,-1.256551209524932
5214,15,-0.15447497609893565,-0.5468821826113919
5215,10,0.576154968025932,0.9873130139056796
5216,13,-1.2970897547866618,-1.7522595897557507
5217,12,1.4526603113309167,-1.5007951948220992
5218,4,-0.9114813563189601,0.14307385230091227
5219,19,1.5967052398294224,-0.47125716320528394
5220,5,1.0044310905386085,1.9332980438740033
5221,7,0.5399631767192707,0.050929224794843825
5222,18,-0.3013544918129206,1.0755550324840042
5223,4,-0.5051327497396453,0.673462124396369
5224,9,-0.6798668133548209,-0.11532318212271443
5225,2,-0.10639413600321397,-0.28230143937363705
5226,4,-2.1304536519539274,0.9890088429047161
5227,13,-0.9690533764337708,-1.5666065644833005
5228,6,0.18174011209996277,-0.31056297104255987
5229,7,1.4948495672211475,0.8386690655444121
5230,6,0.1426642886114645,-1.0259208923703014
5231,9,0.23602036118814082,-0.40460817897018525
5232,15,-0.32589529404624684,-1.1606579773583658
5233,15,0.9956939717089223,-0.6203516430530565
5234,18,0.05375298069276513,1.3117734043883713
5235,11,0.9481637887534868,0.3506979839301526
5236,16,-0.6066621148612023,-1.6447723340953604
5237,9,-0.07596398522973209,-0.6302660736406278
5238,0,-1.7364013902129567,-0.3442440822284469
5239,0,-2.322303730044632,-0.4523122409778313
5240,5,-0.40407354262776124,1.425712031795134
5241,2,-1.7199366536235665,1.4943870852543482
5242,4,-0.5764468058042674,0.8789754170806117
5243,19,2.0509293058246203,0.4345219117547784
5244,5,0.5113330350726375,0.38571657671069487
5245,3,0.3243872970372411,-0.1631126955305453
5246,9,0.2444213396557751,-0.3980918266930759
5247,6,-0.9687779807376914,-1.0665417152775287
5248,3,0.9366705763194851,0.38136283877257754
5249,2,-0.5294538762047772,-0.6956371270069293
5250,3,0.7330339843979096,0.4801446323836523
5251,8,1.0468773780075173,1.1960123006555103
5252,16,-0.7534291463312884,-0.8711745314287757
5253,9,-0.23032755998283583,-0.05423492304026193
5254,9,-1.46646586254783,-0.9745763248803863
5255,17,1.949889771159716,-0.7012432337264733
5256,9,-0.8691253697247889,0.19127984250397365
5257,19,0.7252173709194468,-1.0876822491291647
5258,6,-0.7703565757933075,0.4126051050832748
5259,2,-0.401320854653294,-0.6427388305799836
5260,14,0.06565319709243672,-0.1929657877146345
5261,2,-0.5375466594632786,-0.7858109515110752
5262,3,0.0549916480983772,-0.10471968360727638
5263,4,-0.7325393694393759,0.33902077049234697
5264,4,-0.4994739628576967,0.08207315550303887
5265,15,0.1174160243044428,0.37075702822904305
5266,2,-1.3375770138043845,0.2351274693539252
5267,15,-0.19236945390242557,0.3752264850472072
5268,1,0.9668599353350879,-1.0356832584709152
5269,17,0.4735271375440983,0.30034482094381193
5270,8,-0.056927948752437244,1.426756082075583
5271,15,0.43622545147123354,0.16285448044822504
5272,0,-2.198532410104145,1.1171573132168864
5273,2,0.2185967937314088,-0.4788551377966202
5274,7,0.7609821366614211,0.8729125732904995
5275,14,0.010747975187542473,-0.6794783688870157
5276,19,1.357511343576815,0.08941784429199694
5277,18,0.9071536296024316,2.044414349391094
5278,16,0.46585025996729124,-1.2575857276787032
5279,15,0.3444005917875921,-0.13219713785889606
5280,18,-1.050715860788868,1.9397899107078342
5281,4,-0.9426743076291569,0.5159961526918537
5282,7,0.5222472014137433,1.0870993502857964
5283,13,-1.2446228323448483,-1.8097314205836668
5284,15,0.14437896918962523,-0.12118835659201163
5285,12,1.3403750861645556,-0.6609381554157491
5286,9,-1.1577899886619396,-1.2381243171949174
5287,12,0.1470025200102568,-1.7683352084388633
5288,3,0.9143339658197527,-0.3015047832324623
5289,4,-1.0372188258969128,0.832936962182305
5290,1,2.523203016819763,-0.692691520700733
5291,2,-0.9496521365451243,0.6136980543925045
5292,11,1.6880285147507532,0.1505254828127991
5293,5,0.8581935208986249,0.7214072933010393
5294,4,-1.3536364586474194,-1.3496735570564429
5295,3,-0.5918931151285347,-0.7366594612122066
5296,15,-0.2739969742588163,-0.3102913067957262
5297,14,0.24712486860331892,0.7273861237624615
5298,7,1.73711145841933,-0.5105368356464011
5299,2,-0.15252854518336545,-0.2418407650282019
5300,17,0.8021953793379831,-1.600864797278286
5301,10,-0.4640338101256047,1.5227103156403077
5302,1,2.0608199679252293,-1.1803303186729075
5303,9,-0.3222464560014605,-0.2963782681771049
5304,14,0.7056037312542995,0.18744142560390184
5305,18,-0.46678940209580794,0.575602318653706
5306,15,0.1900356300509526,-0.7507015340162022
5307,14,0.6846008145322051,-0.09363059224075776
5308,9,-0.4605809464848116,-1.1992432246280489
5309,3,-1.363996511658427,-0.0766457807888063
5310,4,-0.4350277757530055,0.025743395886005906
5311,17,0.44948607652371514,-0.8290434324006642
5312,11,1.2646292157767023,-0.08115076833379482
5313,4,-0.849212020730718,-1.1924949296927712
5314,10,-1.269765974528894,1.2268322734343124
5315,5,-0.5653323409074877,1.527226641879432
5316,13,-1.3047050861618021,-1.5017352439316107
5317,18,-0.0586743648023472,1.6291902861767134
5318,13,-0.8568986745252475,-2.6234544453919373
5319,10,0.4557973031762454,0.45762072752827965
5320,11,1.0669090435283144,1.0825636788655821
5321,11,0.845689474103062,1.60292506980541
5322,12,1.5127632068797263,-0.35709274936111324
5323,5,0.5034754166890443,0.3391115817299237
5324,14,0.38962266199788786,0.08825994186853837
5325,17,0.05440046648623181,-1.0380682257341438
5326,13,-1.0664232233616926,-1.6930164810789827
5327,13,-1.213800668583172,-1.2877786244463965
5328,18,0.7322307675582046,2.168661877710271
5329,6,0.5834477669763998,-1.3223341259932917
5330,14,-0.2835197361375603,-0.5174297732615115
5331,19,-0.3373868842021913,1.2194927494238366
5332,17,0.9984212197529987,-0.13675402006619558
5333,17,0.18421731179431147,-1.8377415359582248
5334,6,0.5840485765311142,-0.47809015930151527
5335,14,-0.3571961093946122,-1.0732394765802074
5336,4,-1.493748210378354,-0.7058084887196705
5337,10,-0.3723276245034854,1.0610103699117142
5338,12,1.88988574926649,-1.4464507394460002
5339,4,-0.3899409501318855,-0.24869289252247112
5340,6,0.45645629008632743,-2.083739095876509
5341,12,1.098996207448405,-1.5006148926657017
5342,18,0.5132446206309492,1.2576466730930735
5343,11,1.1794634327776463,0.3142884562598645
5344,16,-0.8705791917679137,-1.2505359305015915
5345,4,-0.26236593460091895,-0.18207584326160103
5346,14,-0.10198492122377384,0.6212169464132808
5347,2,0.44635082818781874,-0.6601744477460147
5348,6,-0.9451292751337569,0.5061976606184398
5349,15,0.1454118912267273,-0.32416507022666957
5350,17,0.9790688245979504,-0.05358174775655768
5351,15,0.4978250426985471,-0.685261777402263
5352,17,1.4248125877927662,-1.2608725387726483
5353,11,1.4001096355163551,1.9723991732516104
5354,12,0.19204877282976637,-0.011667642466657458
5355,12,0.9446148728821173,-1.214531602124991
5356,18,-1.266408633878993,1.140777116744866
5357,9,-0.7631684690564733,-0.7853517015972937
5358,4,-0.9925212889180166,0.3379555447868185
5359,2,-1.4849122675880444,-0.07861466033350369
5360,14,-0.2738705762362585,0.34597704460570206
5361,10,-0.4760418682820286,2.6495404030293996
5362,5,0.8976653276060285,-0.2975881493675698
5363,10,-0.4260186697532437,0.3717232289888636
5364,12,1.1611839091126046,-0.4127904727403549
5365,10,0.2005254128109958,1.4817538922529268
5366,2,-0.35797842937157653,-0.9927264510355038
5367,4,-0.45687644470546246,0.14334536784047278
5368,1,0.10012258070828947,-0.3880372996167453
5369,15,0.4047365920185472,-0.2275846046715781
5370,7,0.3431351091549169,0.011494282371551121
5371,19,0.8186281317271464,1.1988655525217462
5372,18,-0.699448172814217,1.366475738836301
5373,18,-0.7904466699853376,1.8160976099138268
5374,18,-0.6143342707273318,1.0075384836895116
5375,19,-0.26903020428958224,-0.39787291731913876
5376,9,-1.1972938089779956,-0.3540120016783221
5377,2,-0.8849773254571729,-0.5522442853010319
5378,5,0.04422827479160202,-0.10720511118133762
5379,18,-0.5428097273405634,0.4418273970565724
5380,13,-0.1661932797006466,-2.7119285529347823
5381,13,-0.9316643691731981,-1.5076844378046363
5382,5,0.4238175327755926,0.38238776224454657
5383,0,-1.301028898340054,0.023892376521036533
5384,17,-0.032568229765146506,-0.49901211398775847
5385,5,0.7763870754431592,0.5205027469029533
5386,7,1.4720792504882714,0.7644726354143881
5387,15,0.18026691108245949,-1.5039839165606863
5388,15,-0.9888440312708102,-0.621755491771044
5389,11,1.848511592117222,0.3976899384316182
5390,2,-0.39144221321886297,-0.49940808003487014
5391,11,1.8729545603790074,0.562091570988605
5392,1,0.6493594168849554,-1.3151230179671076
5393,12,1.5809059456709527,-1.0174873372809425
5394,7,0.7922440713097798,1.3966701656262288
5395,12,1.5582963571469985,-1.7710342128942864
5396,14,0.0884504307102981,0.07023810833509342
5397,6,0.033453042078117445,-0.556484049476769
5398,0,-1.3681045339286373,-0.16727479228548106
5399,0,-1.1493815547439783,0.8602846198847073
5400,6,-0.5386375555687863,-1.16460323029889
5401,6,-0.33024712006784224,-1.176563802589587
5402,11,1.1574751531215322,0.8422143264129639
5403,4,-0.3593543112040138,-0.47866106006700504
5404,5,-0.09896786672538323,0.597375694380645
5405,9,-0.03886391071513507,0.014853757175142292
5406,14,0.6569666315850137,0.6118304297708473
5407,0,-2.5912223200548286,-0.10822310875335778
5408,4,-0.14478092641081375,-0.2137953213341972
5409,13,-0.5973004154201472,-1.7489830183945185
5410,13,-0.770620284934941,-2.1007325546868767
5411,10,0.3361047990633114,1.0804005023039904
5412,2,-0.6812151547409661,0.396259896706338
5413,3,0.6968453636979297,-1.0972313668773588
5414,15,-0.5561916693835725,-1.0688018357199902
5415,19,-0.8731584918937988,0.5193137999720956
5416,4,-0.5650883413554098,0.5438046979939922
5417,7,0.22010940644155233,0.5940568928912131
5418,11,2.1648025836171905,2.5822755630567875
5419,17,1.2052356575824952,-1.6341735709706353
5420,11,1.969096462673895,1.5137505263925821
5421,8,0.5354846643000944,0.5295836592415573
5422,14,1.12180711155673,0.2994796035244323
5423,13,-2.1509467657566486,-0.8792782225595354
5424,0,-1.7735536272277088,0.2887611417769988
5425,11,1.0315458989417794,0.6180707875298384
5426,18,-1.5746485446531184,1.7820672430882927
5427,15,-0.8005689858533146,-1.0081656241232306
5428,0,-2.5437105882649016,-0.016171186550854182
5429,8,0.5059472808424074,0.9866585149388786
5430,7,-0.37855642372592796,0.4208358369923541
5431,19,1.1735552382835495,-0.22836421487056308
5432,12,0.23641175183885607,-0.9960128511378474
5433,2,-0.7369936167050292,0.39956687082538217
5434,5,-0.7460475400641093,0.3807339257017434
5435,2,-0.8053029785304132,1.2787518406566727
5436,7,0.07608396416032157,0.5067150481144752
5437,13,-1.8328890784600829,-1.0851225062172192
5438,3,-1.1164228744004618,-0.6487990037779404
5439,14,1.0352217053997428,-0.57708005706833
5440,5,0.7581596505421441,1.1795046841531693
5441,4,-2.131561971496797,-1.0933240041566232
5442,10,-0.6596346722062966,0.7825898160845334
5443,7,0.6509789777943047,-0.19683809763611188
5444,10,-0.09087996115564755,1.3370258735481466
5445,13,-1.5352092369367774,-1.4607960666466546
5446,17,0.6840910856972343,-0.820921442379065
5447,15,-0.2015498638035631,-1.095283251698681
5448,12,1.2369703963572714,-1.4095718540774391
5449,6,-0.6793084200504647,0.7785620267776596
5450,3,1.0407164225412207,0.13309318022152505
5451,8,0.10898196010601467,1.0405895129761162
5452,4,-1.074131380375505,0.08391118104023917
5453,17,0.5334149767694075,0.4509377825514129
5454,4,-1.3926223545912848,-0.17184833046152068
5455,14,0.8635865185799427,-0.33487789786964134
5456,9,-1.7396082225368152,-0.20201268626655194
5457,15,0.07461753070176524,0.5448522843075893
5458,9,-0.7504091543986651,-0.7936507512781138
5459,10,0.24478724530745385,1.3900821253857925
5460,14,-0.2588489964930083,-0.0750168817935657
5461,16,-0.12183346083185632,-0.6797253334522202
5462,3,0.41466952834123605,-0.7671013222709406
5463,16,-0.12128286437538789,0.15879618331309955
5464,12,1.7683264218273096,-0.20004615940401727
5465,4,-1.3401996977815465,-0.07603981395703459
5466,14,0.6352561475654935,-0.9242638098555089
5467,19,0.17483241506843225,1.5827185982013474
5468,2,0.13339790030227636,-0.9353392223128454
5469,10,-0.5646910410978286,1.220264240045586
5470,13,-0.74669973390633,-1.6153891798791975
5471,17,0.2744404742697098,-0.4776599300952353
5472,16,-0.04913647165082648,-1.5500704173637272
5473,5,0.27189837967634506,-0.1918969476247768
5474,17,0.399941074492645,-0.6106430772687597
5475,19,1.9954421479609232,0.3194854004927438
5476,15,1.0980123448898285,-0.16273693961624433
5477,18,-0.6662856653661396,1.9446205697179832
5478,10,-1.6570561589100725,1.030095125742324
5479,4,-1.5260566747928705,-0.17890328848508086
5480,2,-1.3016370774554504,-0.39886410437988534
5481,12,0.09187919575148543,-0.9862731408415691
5482,0,-1.4536909829645615,0.9820261718933233
5483,7,1.7711797992798926,1.202122605114171
5484,16,-2.0447743176327813,-0.7527404833426956
5485,15,0.3238014030508558,-1.7851710910318344
5486,14,-0.11903224625735451,0.05046268716793874
5487,7,0.13634569895542617,0.16211579286958952
5488,4,-1.276659302966267,-0.7546094473178813
5489,10,0.5638685226684073,0.9746363377209036
5490,10,-0.5024583649560816,1.5759798506778608
5491,0,-1.1886125004758963,-0.4410286199507065
5492,15,-0.032392947392942496,0.31143289399211754
5493,13,-0.293145091840517,-1.4638277854529096
5494,0,-1.3848220239471016,-0.06593078394877107
5495,6,0.09860543627022486,-0.38964610605729794
5496,12,0.814018301267244,-1.9142577856133567
5497,15,-0.3517339185805111,-0.6821648039302692
5498,7,0.44664250123388305,1.0384358683067991
5499,0,-1.7650811480555284,-0.16578828875245907
5500,3,-0.013809195511987395,0.7593439951546249
5501,0,-0.759797715342088,0.6798851221680814
5502,2,-0.2642216449751247,-0.3038871323282174
5503,8,-0.21811229792096545,0.23054529712330407
5504,17,0.13667727386070946,-1.005016317690987
5505,4,-0.7871394868414219,0.7006652899335627
5506,3,-1.053071932060805,-0.6471145785210473
5507,9,-0.41743017421749784,-0.6203171371109772
5508,12,1.0258142294148749,-0.9111817486396961
5509,10,-0.6655757995337148,1.2860595219771238
5510,14,0.4479852644659446,-0.5740389792354453
5511,7,0.3165774438445169,0.5108899759923256
5512,14,0.4077192400932598,-0.0029994085639683038
5513,17,0.5264295687008159,-0.44116571566416923
5514,17,-0.43806176118294465,-0.5826925188854122
5515,14,-0.3784944598124512,-0.2140792425886289
5516,6,0.19312419231228245,-0.11499230013412522
5517,17,1.0071257486434848,-0.574000339364604
5518,12,0.5029683862333931,-0.8404260618715553
5519,9,-1.0479492056978736,-0.9178295437259858
5520,18,-0.9758880045684872,3.111999470936505
5521,13,-0.4624900685044541,-2.3060666800003142
5522,10,-0.7381365933096221,2.1111682465988046
5523,17,0.7075441635460913,-0.5658760190752111
5524,3,0.8308529290689959,2.0314369260474225
5525,10,-1.8878676252670126,1.8672719387066434
5526,14,-0.4345429249182019,-1.0465103913773328
5527,5,0.22169505189308777,0.06912005835114496
5528,17,1.1756153170875632,-0.7150523771303114
5529,14,0.7234356860272617,0.1313081211582812
5530,12,0.736752206749858,-0.26939548940135905
5531,0,-1.6284292187812102,0.4393847123501433
5532,2,-1.205554127871831,0.6299677935386054
5533,17,0.15310086523463087,-2.130883428748635
5534,1,2.0186684851799566,-2.145699980105274
5535,14,0.7746958578282092,0.29541052565375125
5536,2,-0.7846947195812687,0.45132420954821517
5537,1,2.6912484130329206,0.20742099254282184
5538,18,-0.9225736733865046,1.2096894830541107
5539,6,-0.7802830140559593,0.3691459381362981
5540,10,-1.576896381520102,1.6201427091274607
5541,2,0.9299147085595226,0.7946860771796367
5542,17,1.0771300928074075,-1.034794127191404
5543,0,-2.2436271063744413,2.1152684583367907
5544,18,-0.6900213777303227,1.6307960746857106
5545,3,1.0398256261346708,-0.7576771278423073
5546,9,-1.3480284858120628,-0.5752325438978624
5547,13,-0.6439269182683024,-1.4537136967482724
5548,7,1.3232495385805054,1.3247185933814407
5549,4,-0.7089763325878754,-0.495944875748621
5550,4,-1.4141804351293714,1.419257054216383
5551,13,-0.5911961274755567,-2.2194862209903023
5552,8,0.12724601704111202,0.10337809131523339
5553,13,-0.7447735287495444,-1.4255441464986942
5554,14,1.3720265652159669,-0.9982569763161229
5555,11,0.988983514375603,0.6539258153250482
5556,15,-0.9881950286821743,-0.46319763951108556
5557,10,0.17811603905915427,2.410215615053823
5558,15,0.6731588186463906,-0.7146249096330834
5559,14,0.5209322189166488,-0.9512932581123853
5560,9,-1.5701124050830617,-0.49101212960763363
5561,9,-0.49893750270313014,-1.47435634149166
5562,1,1.6520580395646134,-1.9703624225183487
5563,17,0.47678293222903073,-2.126306124237525
5564,6,0.35560431397379005,-0.019000830181659788
5565,9,-0.8122845520905074,-0.9867547308632447
5566,10,0.9768536041820479,1.109041664888412
5567,8,0.03133251000062197,0.588158134476015
5568,14,-0.9377629578874328,-0.7851574017287513
5569,7,1.1524776535114634,1.2978953883549003
5570,2,-0.6445189860734389,2.296256771984688
5571,7,0.9924116109261792,-0.19144131215124052
5572,5,0.6196680860202015,1.256995872399518
5573,17,1.0018276255088914,-0.09717224515050416
5574,1,1.6615061279880683,-1.3392745962478285
5575,0,-1.751999700449458,1.0340192049572918
5576,15,0.12406616928423411,1.325881454896073
5577,5,-0.08003074876209763,0.5835513853438761
5578,7,1.391621399238317,-0.03724994491536513
5579,12,0.9334667173517524,-0.6615972140115959
5580,13,-0.7280840070999414,-1.1433911708281257
5581,2,0.11175323511310911,1.6668639990849932
5582,9,-1.332325872799998,-0.5709492237615249
5583,14,0.04588036105148513,0.5789061925440467
5584,11,0.7438161422861359,1.8206024721736818
5585,12,1.4906401308649637,0.3626858178269276
5586,7,1.2495625922228766,0.8174684951957288
5587,5,0.059901839899099224,-0.4434839019718537
5588,0,-2.5575583629144876,0.6021763342115033
5589,15,-0.30442566809343924,-0.1687427226976018
5590,10,-0.9674117987643257,0.6496234670976934
5591,18,-1.2276447800784658,1.2886972524839286
5592,4,-1.7755303400902622,0.713963172719085
5593,10,0.49252276799745925,1.8719634501974443
5594,10,-0.601217622528966,1.5320614556835994
5595,5,-0.5121760844842583,0.9411710829333938
5596,11,0.8201475524963073,1.853223829806521
5597,13,-1.524382928695833,-0.8891022008321167
5598,3,-0.012621255203028463,-0.603470092727768
5599,13,-0.8251688268683146,-1.2988140147853104
5600,7,0.7284346778551545,1.216858209435218
5601,16,-0.6926939055255777,-0.8855506547855744
5602,16,1.1627265843621244,-0.43187944232883363
5603,18,-0.3181100949189037,1.586960931473286
5604,12,0.6528580754043918,-0.8980641391651851
5605,19,0.3655963937664565,-0.0039524645696039605
5606,9,-0.867645091585389,-0.5751249076847876
5607,2,-0.26063912596784894,-1.1985117908043657
5608,4,-0.8815690167454788,1.141134417981564
5609,17,0.9550208505741629,-0.2970046237125164
5610,8,1.6419434921941436,0.5991797969620077
5611,9,-0.8265828291571982,-0.9306416171044287
5612,4,-1.2358378135795227,-0.0626505917893673
5613,7,0.431264717079826,1.5744772267140006
5614,15,-0.19995721497595328,-0.9305442266602726
5615,7,0.9917299315238794,0.4549826654589521
5616,3,0.23503964036449662,-0.47910267747605295
5617,4,-1.1011021156811154,0.5792592338165007
5618,18,-1.0049352395500246,0.7320777080553107
5619,10,-0.8600414646705177,1.023919392669438
5620,18,-0.18881925371917946,1.7651505209251042
5621,18,-1.0862736622317257,0.8006227706309682
5622,8,2.3546370946223014,-0.14119918824089592
5623,2,0.18026867535548283,-0.15954342006111547
5624,2,-0.2933768171496905,-0.8019224502758229
5625,0,-1.5331418660724279,-0.5926834594869309
5626,0,-1.9252767965348698,0.15934242740158672
5627,0,-2.3461786591108837,0.9633966981243254
5628,0,-1.226512655402571,1.4356528527129329
5629,0,-2.638587238084841,-0.32133552308264085
5630,8,0.36925183140496637,-0.2107972461325544
5631,6,-1.0591489690187528,-0.009107856113137958
5632,2,-0.5322260228888477,0.9786559769630951
5633,14,-0.24347514628589323,-0.41806522214289293
5634,18,-0.4674668325787114,0.9721772373631181
5635,7,0.4402704093434607,0.9677283756220562
5636,5,0.23136818411250057,-0.22443095161535168
5637,3,0.13854985440005357,0.4059696119453519
5638,2,-1.6212350818567405,-0.030143419449154687
5639,5,0.5886301655427304,0.5625452995323852
5640,14,-0.16988059052417026,-0.31042789720126046
5641,12,1.3782299835279115,-0.9231411041390728
5642,2,-0.8697713215303062,0.38757021352390225
5643,1,0.8821750356231475,-1.402362622266151
5644,7,1.2913433941396242,1.669861617008173
5645,13,-0.3144182071037697,-1.1815503228069235
5646,0,-1.2908164759670355,0.36088544427789
5647,17,0.028769124481957287,-0.07827787525467374
5648,4,-1.0820320303521989,0.12326534132367341
5649,8,1.42006786780355,-0.22186716976740847
5650,5,1.0926720021371792,1.104918959402365
5651,19,0.6309588809295711,-0.10304745141236242
5652,3,0.32749767748297925,0.7392818654384902
5653,11,1.8837864270038243,0.8608814264508297
5654,2,-1.8140828002037126,1.2882907904359544
5655,14,0.8283739972270673,0.7267212320543872
5656,13,-1.1704245781922087,-2.136770301195612
5657,0,-1.611438234005823,0.3145972303090911
5658,2,-0.13563013988041311,-1.0181350539089946
5659,12,1.4193996888411824,-1.2218616918443048
5660,5,-0.11969882226797365,0.45876414071803
5661,9,-0.16388333570031993,-0.9491535453824762
5662,8,1.0058126555300955,1.8340909488918642
5663,9,-0.06864555058869187,-0.14273501566117952
5664,8,0.725223535775071,0.6770997644953677
5665,13,-0.07817905101041253,-1.9615099418939905
5666,9,-0.8492317754433352,-0.30149550941852643
5667,2,-0.003528738389865597,0.6264845423841738
5668,18,0.10180017050671045,2.952071774326555
5669,16,-0.5098398823023039,0.07910423293616203
5670,9,-0.6524035027046413,-0.12882001227969528
5671,9,-0.5838690484845152,0.06217444165023186
5672,9,0.30283891248233097,-1.2445121224186744
5673,14,0.4754918510628639,0.34321511796227905
5674,4,-1.6545909908345249,-0.07977176253447323
5675,9,0.12200995311692951,-2.5066286484558233
5676,14,-0.39341003828225446,-0.4147350792537711
5677,2,-0.18934176706874828,-0.13843045930906625
5678,8,0.4306780095349898,0.8683339480987601
5679,0,-1.6700771514678874,0.6176214224926725
5680,2,0.16539444079845453,-0.28242713372646067
5681,3,1.263060983475824,0.6627733713838461
5682,9,-0.5142693356583757,-1.5048456317510548
5683,7,0.4004333542687348,1.5268227902115512
5684,10,0.35421277715931926,1.186430806593536
5685,1,1.7041584965992935,0.11151871396190648
5686,11,1.7627195557314186,0.0022529915465189176
5687,3,-0.21693612550160463,-0.07494653869675033
5688,11,1.8806166443551093,2.5801047481425785
5689,4,-1.1490940491179065,-0.41116204583048094
5690,10,-0.19222969073152815,0.24467608568490418
5691,15,-0.37888140379711094,-0.09272016432636193
5692,14,0.40933498044817546,0.18765967041352646
5693,6,-1.0519857580599605,0.6629009524180256
5694,15,-1.0019314427034458,-0.19464212892013716
5695,7,0.4323683523026392,0.07290902813838933
5696,13,-0.6278688993391364,-1.3767258899978396
5697,7,1.0597857020891064,-0.8288786137699483
5698,15,-0.0920089549614691,0.7197750794292455
5699,12,1.3633839601035789,-1.602870542459935
5700,9,-0.285531910444795,0.24391475479934638
5701,4,-0.7053468846895729,0.05048750270768029
5702,18,-0.8401294006576819,0.9626164967958939
5703,4,-2.0036862104869853,-0.6323905601311748
5704,14,0.8325899134327986,-0.4538659839900644
5705,2,-0.545977014603249,-0.40050818986943915
5706,14,0.28488729179499994,-1.1489872208078162
5707,17,-0.017868168109014017,-0.15730154512299932
5708,5,0.07596781595830812,-0.20585218280524673
5709,5,0.8811844311623416,-0.08472574897182153
5710,10,-0.12481922140826363,0.6159888813226978
5711,5,-0.20072932729615656,0.12172565138582522
5712,15,-0.4268387113581335,-1.059970598467398
5713,14,-0.08237737094903748,0.31648870876913193
5714,1,1.6347599561116164,-1.8589845137390495
5715,16,-0.4899821580696757,-0.8580759758377338
5716,15,0.8229586778382588,0.397441528281783
5717,1,0.4513045431672211,-2.344554933688407
5718,0,-1.3247023152619017,1.2708887238654065
5719,12,0.30262395832269634,-2.278453359408496
5720,9,-1.3021305732781525,-0.4612153765906883
5721,3,1.708064296234488,0.49573246498642237
5722,17,1.493984123100249,-0.062246005173468726
5723,12,1.8498134502178318,-1.5312162535466654
5724,16,-0.9606594746854326,-0.48737507509714595
5725,18,-0.7162222131774831,0.5705448525941224
5726,15,-1.0805333606852012,0.07708906544309707
5727,7,0.20700301293016113,0.012318220196450956
5728,9,-1.8997614737524304,-0.7795401053137168
5729,3,-1.0287147030053323,-0.6378176212308442
5730,3,0.8997843681787653,0.3051243400914165
5731,0,-1.5549375360787576,0.06804286833226217
5732,14,0.4732907642871687,0.004649838834337634
5733,1,1.094993089344262,-0.8459455105947088
5734,11,1.5650393591951748,0.8564018504442634
5735,2,-1.4045064675564864,0.08257410265736709
5736,10,0.3282278105098592,0.5175455902466194
5737,15,0.13830431353541672,-0.31276564751082336
5738,17,0.9168732075745178,0.35805833315962154
5739,0,-1.626646431182295,0.6848826023219787
5740,1,-0.028909794274354784,-0.8635586334044822
5741,2,-0.29639855243220087,0.7261721224015519
5742,3,-0.8055383030987056,-0.4119055342704823
5743,4,-1.682377991142063,-0.23379656201504626
5744,7,1.257326938309152,1.1174716716016828
5745,19,1.8420968453963982,0.8923480786416492
5746,15,-0.42063634018533297,-0.6357813425969022
5747,14,0.4622656225215468,-1.3395518121123715
5748,2,0.26353835199009645,1.2106116930002089
5749,2,-0.9804820096668719,1.0247610576701194
5750,4,-0.8684066653143055,0.38987565593367784
5751,3,0.40350751185099815,-1.1137249548718213
5752,6,0.15530412257361753,-0.9661527471414509
5753,14,0.894612191964653,-0.5689822521957596
5754,19,-0.09797673968196931,1.2160495969199097
5755,1,1.1554452171524803,-0.7169288239232285
5756,7,-0.02152893676953297,0.701835724744762
5757,17,1.0151033438482417,-0.477231519980521
5758,13,-1.0089897046832774,-2.868649114127371
5759,1,0.6568434111853674,-2.168472096813155
5760,19,-0.1269502270654528,0.8660979651586305
5761,17,0.07576820551104552,0.02023759928388287
5762,0,-1.6486655021328105,1.3177179508898833
5763,3,-0.2025127111170837,0.44020611188372255
5764,14,0.1914621257866196,-1.124452046190771
5765,9,-0.8014543135786183,0.46024331692683584
5766,8,1.2964822367373146,0.013548163455540236
5767,0,-1.4485104477777646,1.153254991357892
5768,0,-2.4839990116798623,0.07584530359153834
5769,15,-0.812628477893976,0.6609923885815037
5770,15,0.28160663723176477,-0.12932152737971062
5771,4,-1.2123175623170515,0.023235348021757814
5772,13,-0.9005741588209533,-1.7274944906840763
5773,4,-1.9177674069719612,0.13339274107733887
5774,7,0.8398035175024916,-0.9879699362826051
5775,5,0.2653576029248798,0.7832219550417623
5776,9,-0.017842966941419458,-1.0053431584174854
5777,18,0.29083342705122434,2.003889910780182
5778,16,0.5501857807498639,-0.5445445969014648
5779,17,0.4817447605149309,-0.2019544674316015
5780,1,1.6097784390853789,-0.5341588172785571
5781,0,-2.082033923083589,0.192263747224483
5782,2,-0.48270214934149486,0.23226529274069083
5783,11,2.25269992182566,0.5837524570515733
5784,5,0.7592378733634726,0.944291409441367
5785,9,0.39929333005113893,-2.0357319851230233
5786,16,-1.2451189701013659,-0.9485084086241544
5787,16,0.056224149466723085,-0.5665937530831358
5788,12,1.4569335364953768,-0.5285342426867271
5789,16,-0.4237855141090297,-0.5947959423948259
5790,2,-0.3435457613461433,0.7249503581869291
5791,13,-0.9657744999114526,-2.284381606277959
5792,3,-0.2590218909713746,0.679504090016526
5793,6,-1.063621823466937,-0.5250448831265803
5794,17,1.0399841564046424,-1.9735338145702284
5795,10,0.06832712505196378,0.5051298145173057
5796,11,2.731276020309191,-0.19016277447641308
5797,15,-1.3158099378603838,-0.2682310083730255
5798,12,1.6063383694567472,-0.46871118390059
5799,8,1.0033072940403531,1.838390556893395
5800,11,1.191585914224488,0.24280460975881318
5801,15,-0.7535088250054235,-0.6090903160391027
5802,7,0.40425246729578607,0.9294997523398686
5803,9,-0.8455533687073103,-1.5122565027063761
5804,0,-1.3262667835632387,0.5622791173745587
5805,15,1.1141556273424207,-0.3644623780409675
5806,6,-0.5412834347383474,-0.8166278177556684
5807,17,-0.05795517610858651,-0.22768865584081122
5808,8,1.6316854048936105,-0.3013411162086672
5809,4,-0.44287072255668586,0.41295153780545024
5810,5,-0.20560356735652763,1.365593320082086
5811,4,-2.093835530536468,-0.21795203821216563
5812,4,-2.375432696690982,-0.19213274964365784
5813,13,-1.5427364337852412,-1.4301259054039526
5814,3,-1.1141177304387488,-0.005385929652199009
5815,19,-0.9149380556647165,1.4360085662340738
5816,5,0.4817211113734862,0.5697387097209463
5817,6,-0.494191069781923,-0.49141235186384014
5818,1,2.617913836983254,-0.47080037699283994
5819,4,-0.5720379186101762,-1.1270620311020403
5820,7,0.5958406651748447,0.41367488795786295
5821,9,-0.5157499497941398,-1.286121726941038
5822,18,-1.175017631981688,1.2911089878102748
5823,15,-0.04600793365979519,-0.5234099477220944
5824,9,-1.2560871564946432,-0.5146131697180978
5825,15,-0.2458493480867589,0.22513905330666606
5826,7,0.8675164804905866,-0.16641521247657623
5827,9,-0.07905897696068838,-0.3215650085572576
5828,2,-0.9739548482728191,-0.04414426736579206
5829,1,1.7418875009353665,-0.3157296662310818
5830,12,1.5575338404909103,0.14485480577896787
5831,2,0.2661549716854595,0.05687083289345957
5832,4,-0.08742954044977179,-0.3589036869720187
5833,5,0.40430614789507885,-0.459791051608151
5834,13,-1.2612706341655866,-1.7496098566122806
5835,15,-0.8259754233370687,-0.09847319909642764
5836,14,0.4447582163412887,0.8728427781613867
5837,1,1.7281884353943737,-0.9398502004667864
5838,4,-1.0223690275807604,0.08886136075957576
5839,3,0.18628390026185532,0.04219854596893355
5840,6,-0.4980942320943446,0.0456817965778887
5841,13,-1.9863432507677115,-0.956040270339069
5842,5,0.8981037865423052,0.7871481082618671
5843,5,-0.03255699417559133,1.57604805455952
5844,6,-1.1903367723971248,-0.5118263963134295
5845,4,-1.4738675985042278,0.7296635275527611
5846,17,0.003982571547505939,-0.37140551348626155
5847,4,-0.5369019584753095,-0.7747255241882895
5848,6,-0.6157450346352376,-0.22723044750770047
5849,15,0.09087894194017052,-1.0497416689560257
5850,12,1.7837890790659003,-1.246126335205683
5851,9,-0.6500377888233255,-0.9225529431872508
5852,17,-0.25625726281914196,-1.2816107353296053
5853,13,-0.963843946719887,-0.788654991126736
5854,9,0.13941598619028023,-1.3337467385368185
5855,9,-1.1805972632934192,-0.9996792929062429
5856,12,1.4806125840823756,-0.43676313898301483
5857,15,-0.34711500974677517,-0.9894774337226641
5858,11,1.0746997667051088,0.22753446451816728
5859,12,2.044119469726848,-0.9200126235809551
5860,4,-0.4145072151312515,-0.8655710040270221
5861,11,1.3454543250144628,1.0254515591299442
5862,11,2.244518074694045,1.5889192816162807
5863,7,1.6366237687839957,0.19098905391347767
5864,19,0.12025892922766977,1.1391158111551614
5865,3,-0.3092046472731983,-0.7417052575189378
5866,0,-1.3428531016212577,0.1259216889968957
5867,2,-0.011284363506681532,-0.37148765716232135
5868,7,1.6151662180884745,-0.42101865010788037
5869,7,0.25697059959351204,-0.3879598645201769
5870,9,-0.2510213566368742,-0.2596596487385739
5871,17,-0.17755959998412574,-0.5044421927506293
5872,17,1.0050393354781282,-1.0455423918781983
5873,9,-0.3985927628567251,0.531905452171656
5874,3,0.08087260670523333,-0.05886777905461301
5875,12,1.0471124884946557,-0.39142233056152564
5876,5,-0.7128295141594587,0.8223660700669205
5877,12,0.4219793917946764,-1.2769824815712902
5878,0,-1.5974986819870336,0.29444644257350466
5879,18,0.35638903255414156,1.1453942296693864
5880,7,0.8838833803987467,1.5382672646862605
5881,10,0.21829689062821758,0.9359569614877713
5882,13,-0.9849360087566656,-0.7811244894225469
5883,11,1.112117141324712,1.7886607715434584
5884,9,-1.1048090296781108,-1.8192087095137042
5885,16,0.15285337194603335,-0.9680265953133479
5886,16,0.4124426850734916,-0.14178427616654837
5887,9,-1.106698043043238,-0.4147353652986686
5888,17,0.17839612322249157,-1.1369281712203883
5889,15,-0.4501225738850284,0.17090132397637542
5890,0,-1.4068648329597837,0.05280045577245281
5891,7,0.13307117602209564,0.13629272473564483
5892,14,0.8846217986287196,-0.6257144620511541
5893,11,1.7313972470713221,0.4722632732116451
5894,13,-0.6864414561048602,-2.302046901926423
5895,2,-1.6288085464992221,0.6295870565376227
5896,6,-1.5804139525780974,-0.5089500429048786
5897,10,0.8826243114533039,2.630721466945006
5898,3,0.2351068093142812,-1.5344558983842431
5899,11,0.8287461076454579,1.279213791300829
5900,3,-0.46073449603798505,0.24172623934968002
5901,17,0.0990387883051532,0.09769225519371648
5902,16,0.4192100349908575,-0.628836636718168
5903,10,-0.6434487181352554,0.607001291895079
5904,0,-1.400308447318472,0.9159607517351452
5905,11,1.5313443986916462,1.0923206769065508
5906,14,0.056048235014999837,0.32719092311578607
5907,4,-1.9190275688926521,1.137024445088291
5908,5,0.8406939392814838,2.1182706809618495
5909,0,-0.9331768520596295,0.44706807746877053
5910,6,-1.26641745098548,0.9929920296282962
5911,13,-0.9015041471262918,-1.747697309401116
5912,4,-1.7526936014712844,0.9998857009016486
5913,0,-2.1061445582588494,0.11355621288845749
5914,15,-0.9518224704168954,0.3250133153544374
5915,17,0.5617087706454306,-0.011987933137258069
5916,9,-0.5014111396202839,-0.5989834450665802
5917,2,-0.7359888032351461,0.741724961152788
5918,4,-1.2274520835978397,-1.0002780754376326
5919,0,-1.679881932610291,-0.27839624598121354
5920,7,0.8426517988038231,0.20192642324391824
5921,8,1.4926294052378974,0.2390271588152975
5922,0,-1.996751357043526,-0.16519563179773125
5923,18,-0.01786074545599936,2.1162795210120753
5924,8,0.3898978750394731,1.0511640919452305
5925,15,0.2773364382031659,0.5989409714535526
5926,17,0.8191066930039607,0.23874264016525068
5927,11,1.942636751030262,-0.28282923979529123
5928,7,0.6261609510755396,1.602743981440577
5929,18,-1.9965811167040954,1.4081736744969096
5930,3,-0.3289640283477622,0.25513833015314114
5931,4,-1.2460168171738681,-0.35473519381883006
5932,12,0.13269408040771144,-1.1683261588535867
5933,2,-0.23733978676189565,-0.5317671480593762
5934,3,0.053759796538676935,0.20288378600517923
5935,18,-0.5204179271544775,1.8078165337338143
5936,14,0.7758316291318634,1.0314555070374094
5937,5,0.7214467931314125,0.8195640814708223
5938,17,0.36689631879688117,-1.3425593879824553
5939,17,0.539922068621172,-0.4814722439946094
5940,6,-0.9007484583296331,0.3849264162123173
5941,17,0.9833969279298431,-0.9122691688549638
5942,3,-0.49902258277376654,0.11133430262518879
5943,10,-0.1767880863157972,1.4826424183859312
5944,15,-0.23405493002965122,-0.23479589543869253
5945,0,-1.534011774040167,-0.4576557847624802
5946,4,-1.568564099863344,0.9889226593462592
5947,14,0.07714490335027344,0.6395241527463493
5948,16,-1.3946115438561257,-1.041305895367864
5949,12,1.7387120348082177,-1.1702928690949952
5950,8,0.4332049459187297,1.6398745713511178
5951,5,-0.6353860164480006,0.411786426218186
5952,10,-0.16084471060314792,0.44729226667260624
5953,13,-0.5577034761119852,-0.6638860974406654
5954,12,1.356081767728367,-0.5769161227845269
5955,7,1.0366278051224251,1.1308846335914782
5956,17,1.2003930442761799,-0.1567953046533282
5957,18,-1.2888866565039434,1.4746131654374268
5958,3,-0.6585336894963796,-0.4697425302798362
5959,6,-0.07098585886542401,-0.9764406229815524
5960,14,0.579603533732098,1.1358440197235409
5961,3,0.23184934307947144,0.22930605499937862
5962,3,0.5023492515761717,-1.2716551875548958
5963,1,1.8673513883442903,-1.0175663864115174
5964,4,-1.6194667964722262,0.5759216521278737
5965,16,-0.3549490862678193,-1.2604178176332674
5966,1,1.3597399378985129,-0.24708264578884429
5967,8,2.180589339147391,1.8370529120396526
5968,13,-0.7115993219140431,-1.1238527751958514
5969,14,-0.32277036332717973,0.907919970596768
5970,2,-1.0194380751995051,0.37862412405848905
5971,8,1.7599978093880697,-0.696500432734052
5972,7,0.472621907355409,1.3021164618540217
5973,2,-0.837017111620122,-0.5830255442420178
5974,18,-0.5540945567148307,1.398832422318936
5975,11,1.483712275852386,0.17533751675629616
5976,12,1.6370705895562572,-1.2852484796036379
5977,10,0.2965266776730152,1.0051221480709067
5978,1,1.6284762326237565,-1.4043711963876058
5979,2,-0.564093539452294,0.27457778335207983
5980,17,1.1200799193029027,-0.38805839672114584
5981,2,-0.551581187620632,0.04949995589359818
5982,7,2.1337252866340717,-0.2781130319015058
5983,3,-0.41871652774542667,0.24726977346599732
5984,18,0.004647851054042972,0.5279873630959387
5985,2,-1.133439951883745,0.6668191042382345
5986,9,-1.098180569158057,-0.9593151964025927
5987,13,-0.1810605674740822,-1.416152423287181
5988,10,-0.42138478690157904,2.235940549435269
5989,16,-0.9589450895327328,-0.269152503695497
5990,9,-0.6804655893299588,0.04956722640399921
5991,13,-0.7294168719830288,-2.159443295712277
5992,15,-0.006585759993975899,0.20564022761776837
5993,9,-0.11860014270630205,-0.23489665399507653
5994,7,-0.10181716715827675,-0.38748792509688296
5995,5,-0.3259810144272575,0.5643289699743629
5996,7,1.1359579121370171,1.3764484234932954
5997,2,-0.8467467390715302,1.1738553478089522
5998,14,0.5016048349047844,-0.8930467911256756
5999,14,0.24629826153523401,0.4411485219416257
6000,3,0.6214246590116586,0.33050222740988794
6001,6,-0.1669809500460659,-1.3334035996721918
6002,6,-2.106600523720495,-1.5548001510236742
6003,7,1.6605059291266868,0.15284246588505737
6004,11,0.8490288854244616,0.42509176743049326
6005,6,0.44677267476750376,-0.8423195350762083
6006,7,0.8853714069707332,-0.20427239693698165
6007,3,-1.2720681104095377,0.1270606944549753
6008,5,-0.3718234719975556,0.2823909248245407
6009,16,1.6882543839637485,-0.7917342769133611
6010,1,1.9677289562991125,-0.3646444919072938
6011,0,-1.4116405506881615,2.0323441537791136
6012,5,1.127051768168588,0.3143015965928359
6013,9,-0.8011952851731106,-1.3561680951566282
6014,2,-0.8073538176595624,-0.8013508452461653
6015,10,0.28798391178477806,1.4665667495061152
6016,14,0.9875383280539021,-0.22990358395435465
6017,9,-1.166941039711014,-0.5038367023894429
6018,17,0.3002761842175505,-1.0112648182314254
6019,18,-0.8448958186677263,1.5192557216256632
6020,5,0.1482588263407065,2.0235434448216556
6021,15,-0.05259571648620656,-0.8684585552858105
6022,10,-0.287313180380698,0.887988418265242
6023,11,2.4352403144537984,0.23158079655610586
6024,6,0.1385888189278701,-0.4997424398534923
6025,7,0.9711306496706353,1.2698893661969703
6026,11,1.591737896964662,1.3682090331167847
6027,14,0.9853058406796146,-0.6758277935739996
6028,6,0.3396429694274401,-0.035056776953606025
6029,12,1.7721407051193303,-0.9189256826902508
6030,4,-1.138385712153163,-0.16853096302206452
6031,17,0.5847070496191785,0.00393522289995037
6032,11,2.050805219816787,1.665554709979786
6033,9,-0.03002182014691504,-0.5295446220012712
6034,12,0.6018467068907429,-1.8362232841402673
6035,19,-0.8110440859666023,0.20200860306063442
6036,2,-0.0451119943245754,0.4452207378495831
6037,6,-0.83550595115201,0.08097653622383581
6038,2,-0.18971893861885475,0.45893415947572264
6039,18,0.5741992265633813,1.3156091602446
6040,1,2.1106345525152275,0.10495707269332176
6041,3,-0.29463427661553987,-0.12665986207036076
6042,1,2.190367507804098,-0.8149377841756178
6043,8,0.03585496397542952,0.7027479075432693
6044,17,0.4704540160495026,-0.7761775245415188
6045,13,-1.6426906026022197,-0.48734258840510264
6046,9,-1.5793489196345194,-1.0782265746770026
6047,0,-2.176295546351932,0.7580734410005453
6048,17,0.49928386108357564,-1.34287932362307
6049,18,-0.2418789369457791,1.2185140499157832
6050,5,-0.07624372676145262,0.5736271483091944
6051,14,1.4239872545725327,0.1713184260085293
6052,11,1.599849938365274,0.26336918948827576
6053,2,-1.5368015872818062,0.18169745660401265
6054,0,-1.5711662002693378,0.9104482375875151
6055,16,1.2781687686326386,-1.9817406010849448
6056,14,0.7769690581055205,-0.5706373566754734
6057,0,-1.1818812382373722,0.6995925156102757
6058,13,-1.1420726565975898,-1.0946961951364738
6059,7,0.44454836560587835,0.5716670214491911
6060,13,-0.794867543467999,-1.1059775990420533
6061,7,1.439642591671384,1.2318169200110076
6062,17,0.5549322873827449,-0.10544295864648325
6063,19,0.868995047428686,0.2595076227483416
6064,17,0.7415738571188227,-0.6765274725480859
6065,10,-0.9776579573279607,0.998900526489736
6066,13,-1.3063449214197167,-0.9369487618381487
6067,19,0.3570069444985764,-0.7715755189460162
6068,4,-0.48621670472137324,0.14542475139378283
6069,13,-0.7445217323393504,-1.0075121892749355
6070,13,-1.6980079552378458,-1.5936892927581656
6071,14,-0.002659807609387944,0.44306302181056434
6072,0,-1.3093852682553198,0.7819481776850303
6073,5,0.6495156138718998,0.1197922095059136
6074,18,-0.5131944941427931,2.1619934417937454
6075,4,-0.7549215221414033,-1.2299696164479161
6076,9,0.14801563896467856,-1.5874383079040744
6077,17,-0.5293324992199653,-0.4716919698971294
6078,16,-0.055329313478419975,-0.8623318302953159
6079,6,-1.4712000363573494,-0.2415145324841236
6080,13,-0.2922588626470319,-1.2079675347227987
6081,4,-2.02587474464297,1.1078133412183566
6082,9,-0.7512917152578414,-0.19917720585223858
6083,17,0.4952268155113006,-0.5942690757361432
6084,7,0.40241360351937544,0.6915391400532025
6085,7,0.4129273052394874,0.23845592626031356
6086,19,0.07866029790725997,0.7191799579531981
6087,13,-1.6811834088842303,-0.6297192940818512
6088,17,0.591331629261656,-0.6757004988006512
6089,2,0.0380201879979675,0.11264782987034136
6090,4,-1.2505023862954623,0.6939950402110417
6091,10,-0.6818559543471435,0.8580780191677405
6092,19,-1.1937737161525817,0.07863919071031347
6093,6,-0.3301036413801662,-1.5655559682206739
6094,2,-0.035076266713139494,1.0440029888418105
6095,17,0.45134202025249764,-0.6458394071030034
6096,18,-0.38367209539139585,1.1662550208292064
6097,7,0.6952630244869835,1.153900096523229
6098,6,-0.9908083194377193,0.00854536215974572
6099,18,0.08204256855052655,0.9832784952297734
6100,0,-1.7476027443794937,-0.2043107365422908
6101,15,-0.08546844203127286,-0.5729052248440136
6102,2,0.4557508086263033,0.32726907659380994
6103,3,0.4194697673388072,-0.830247509324288
6104,0,-1.0237810133182075,1.490994262637759
6105,16,-0.9488266819001986,0.47499303421526945
6106,4,-2.281668261129295,0.4503442130004429
6107,10,-0.4481591583234943,2.141548755570173
6108,7,1.007612130844939,0.3498569414124867
6109,0,-1.4730835736046066,0.32173791466534946
6110,18,-0.14500732144917533,2.6115232344749275
6111,2,-0.971521419188931,-0.5231026056718115
6112,9,-0.9303398790186636,-0.36508741505892556
6113,14,0.925019587529653,-0.3155433027427297
6114,1,0.7670366061518945,-0.8570392112776257
6115,13,-1.5747391874803105,-1.3921073896435083
6116,11,1.246113163326695,0.02982805180208932
6117,11,1.1065575957127496,-0.033169100258916215
6118,4,-0.6368973769526681,0.6434487642807112
6119,17,0.1515580943321925,0.3741092469303476
6120,8,0.6626149193598769,0.3703062714276962
6121,4,-1.0500870487954737,0.08692496150950435
6122,3,-0.28917505625001516,1.0321144295072653
6123,6,-0.5652834069128205,-0.030647322330698
6124,6,-0.44621448623636367,-1.3253976652899695
6125,18,-0.25957904667184334,2.249693123031745
6126,5,-0.35238139014107667,0.8203927543227364
6127,14,1.7431174608857816,0.19970347081485357
6128,0,-1.6779297909436046,1.4565005965211004
6129,10,-0.5025232154281553,1.0942419730139725
6130,16,0.24209440085455702,-2.942564075071906
6131,5,1.236521365745841,0.31360140034866635
6132,1,1.8217439037275427,-0.9084469735796005
6133,9,-0.9016043911601163,-1.5609427673888878
6134,17,0.8279317444206575,-1.3490316547778523
6135,12,1.4085178048394262,-0.8537863484051855
6136,9,-0.36735501729384773,-1.0548980487439543
6137,13,-1.7089282088557731,-1.0751576061741586
6138,4,-1.2630856471831116,-0.4481010876535411
6139,4,-1.1567606971896098,-0.6312200985367065
6140,19,0.6797593549780112,0.630998460922409
6141,15,-0.9647664538649895,0.3811188295208023
6142,3,0.02975431370510928,0.5338074444215288
6143,16,-1.0099272867881133,-0.04024157229100195
6144,13,-1.410702835613564,-2.2377632782363848
6145,5,0.6782210486711358,0.9086647408057504
6146,9,-0.08247587773836355,-0.6202306565211517
6147,12,1.4205479423583098,-0.767866212603589
6148,3,-0.0721511144924148,-0.9946776157845223
6149,4,-1.632568016553954,-0.7079507483209098
6150,18,-0.8241800699464603,0.9922798349922327
6151,2,-1.1000853254999667,0.02141384440096644
6152,4,-1.875481406287822,-0.33043725925566164
6153,9,-0.6354287851574704,-1.1466339214801726
6154,18,-0.5190967472929111,2.174504244956096
6155,5,0.7165586576422134,1.8240427703091122
6156,2,-1.1824332832635511,0.9181126625839019
6157,8,0.7803263614885405,0.7990360075542032
6158,17,-0.11478967645887898,-1.6817376044253276
6159,11,1.3763076835823733,0.18774560843298904
6160,0,-1.1358545970367588,1.8844371673161304
6161,17,1.2338360583775048,-0.4349574129084753
6162,9,0.5850264870328749,0.021907108409385714
6163,14,0.572349722052063,0.2882490166296754
6164,11,1.2900313040845812,1.1278596427939784
6165,16,0.5627427784744226,-0.8818314212837286
6166,14,1.1226680686474728,-0.2241969916069652
6167,9,-1.359610305673669,-0.7399473369508757
6168,10,-0.8844328617548056,0.4857908683172963
6169,6,-0.06939286863346615,-0.49865591425252753
6170,13,-1.3761355374844362,-1.7332099627335318
6171,3,0.11568958855363995,-0.9287441444393068
6172,17,0.2991155140048754,-1.5833187745000463
6173,3,0.7272103253104769,-0.9120362820653756
6174,17,0.5409072889296582,-0.27147359627817375
6175,0,-1.5843168956260605,0.12546075101014192
6176,14,0.5296747566264377,0.2550328620178501
6177,8,0.10702292421882863,0.9988558833185618
6178,10,-0.12069359712094187,0.9009054558934473
6179,19,1.1108009821796565,-0.672342375318792
6180,3,0.7228596357675509,-0.33738161739164807
6181,12,0.7641118936509907,-1.3526023770941373
6182,4,-1.0090365609613272,-0.35607029736409285
6183,6,-2.218524633245291,-1.3940912848851472
6184,17,0.1677854990997901,-0.4229005599223433
6185,9,-0.048977651288055965,-0.4305515571449007
6186,1,0.43928859460447867,-1.070276549357781
6187,4,-1.6706671594645859,0.889302244609929
6188,2,-0.8096786873960607,-0.6304754368255032
6189,11,0.7490940006559009,-0.037662086691922975
6190,1,1.5182261043284007,-0.9893970482604444
6191,19,1.79129222664129,-0.04202113462945298
6192,17,0.8234329650584431,-0.8242631142221255
6193,6,-2.248541621253588,-1.2073494763532773
6194,6,0.5549391901579626,-1.1477149467405792
6195,7,0.6599589328451108,0.20940207399003472
6196,9,-0.8015880397437453,-0.15342598439862495
6197,12,1.5364392078088556,-0.068971789049292
6198,10,-0.5781275447106127,1.3908007380822147
6199,5,-0.13463540093626924,0.6238493311405658
6200,10,0.30432207286163815,1.6774725193775486
6201,19,1.5814769463956535,1.2010891316753864
6202,13,-1.7033897544602585,-1.6983145977168315
6203,9,-0.7264153715580957,0.6077036065154303
6204,15,0.7017632560966014,-0.5314728529495127
6205,3,-0.5865834580172183,-0.3618046085152122
6206,11,1.6901925990734863,0.49423448388290336
6207,2,-0.11511387066468708,-0.24991944184649256
6208,3,-0.3218829712465103,-0.3050112734543098
6209,4,-1.7292928692159475,0.18861046101476073
6210,4,-1.0240918297458834,0.831846006631001
6211,11,1.4514803803904173,1.6113315990865098
6212,18,0.04547270776839569,2.0011757646373716
6213,18,-0.16852929219890303,1.3583695615806872
6214,5,0.48157059426836574,1.1956208003892161
6215,11,1.7133282810154489,0.32599934563152366
6216,6,0.28260503543199844,-0.03137384369507603
6217,12,1.322129951275809,-0.4983986885365588
6218,18,-0.7635658750253451,1.4884996665745258
6219,1,2.000066327196247,-0.26730232723958025
6220,11,2.058019878533893,1.5304564626906603
6221,18,-0.44654753053558155,1.7985060254136074
6222,3,0.36897225910698045,-0.5809857419573594
6223,16,-1.5293209033379942,-0.68672273097558
6224,10,0.1809153101955772,2.3064710198721574
6225,1,0.08611303165479188,0.13790515121878777
6226,14,1.037968546215919,0.1925923398125471
6227,10,-0.3981670870132052,1.3774069894961858
6228,7,1.0315881890992642,0.3349632657112992
6229,8,1.2431785105820314,-0.04862094992487791
6230,4,-1.3298068763360327,0.8188713366603645
6231,5,0.3798526893042972,-0.040154812514851125
6232,7,0.3391287529529104,0.7336376444092207
6233,17,0.560436949260482,-0.018565565667987474
6234,7,0.7199331390286889,0.1960859303157716
6235,19,-0.3495176094919301,1.0711235816597695
6236,0,-0.5091827786154021,0.3668868315264347
6237,19,-0.36220194011355544,1.6688702682079752
6238,11,1.0648369920654146,1.5189700035311806
6239,8,-0.2969522038798649,1.56637507630007
6240,8,0.3068833786599553,-0.013012142881072938
6241,12,1.9298810476246933,-1.0135864402963817
6242,17,0.7016768021607611,-0.032523365489340775
6243,0,-1.2756324960535355,1.7599091189455696
6244,14,0.3993880898361401,-0.012641636341770903
6245,5,0.32269214988945155,0.2636614364632734
6246,1,1.6470774660042966,-0.5223071822674978
6247,14,-0.5605337995058082,-0.2562103076446974
6248,10,-1.0322615636004853,2.0003311276338436
6249,12,1.1481197529823093,-0.8102926232263495
6250,11,1.6230053069295194,1.3602144648632781
6251,2,-0.15832903381772329,-0.6250399738259119
6252,19,0.2286931561075725,0.43332382252135
6253,12,1.6849350992275969,-1.3068808144926245
6254,6,-0.6148302909696737,-0.5229537810059572
6255,3,-0.2115315669961774,0.4683842512404028
6256,6,-0.43460839827274916,-1.7523676637234635
6257,5,0.11350489531484073,1.6188029510749276
6258,3,-0.29620592861598716,1.3210477006665517
6259,9,-1.327114301017566,-1.6122330665803735
6260,5,0.6294829669465262,-0.043901920624562406
6261,1,0.1693683546510651,-0.5349539830635908
6262,5,0.30287673330523923,0.24844360043602626
6263,10,-0.023128970102482806,1.8801407963694008
6264,11,1.2575025351965212,-0.03482783577323622
6265,14,0.9585137736185255,-0.0008569586466982449
6266,3,-1.010452611586838,-0.2850094717402407
6267,4,-0.8658784777541934,0.37153553947845885
6268,12,1.572172462357029,-0.7053827567863032
6269,13,-0.7819801202833484,-1.864094612233151
6270,10,1.0913772743127805,2.5567612103656985
6271,12,0.4237390211764745,-1.9403916121983666
6272,7,1.7282797095608937,0.1659782581157686
6273,0,-1.045810522451274,0.262442139156799
6274,12,1.9912416054511375,-1.2316169063966191
6275,2,-0.047172770156575596,-1.044477137377813
6276,13,-0.5461522019644733,-1.57888461366354
6277,12,1.0014178977397943,-0.42241994085374734
6278,9,-1.114790011899519,-0.6573992560219204
6279,18,0.41401558051849463,0.6426943061434028
6280,14,0.7341923558531455,-0.07391595278107278
6281,18,-0.8720534257089465,1.7896599917739804
6282,5,-0.1862991667581775,0.3109735304905542
6283,17,0.04905354101696702,-1.091306793378668
6284,5,0.851199368470067,0.5614727990223831
6285,7,0.15985052503966932,0.5571809280634219
6286,4,-0.9355714958235433,-0.08080352913415402
6287,15,0.13093844137632668,-0.22367527381550403
6288,13,-1.9135280214341601,-1.922628733688041
6289,2,-0.19952870040479737,0.3780190976416909
6290,17,0.38276364299935467,-2.2923396428586202
6291,4,-0.7013750514596672,0.08972604533350102
6292,15,0.40219657447191,-2.1253448328061935
6293,9,0.4095818803572166,-0.896850854278244
6294,9,0.49228300724492896,-2.072630070152796
6295,4,-1.3429768503297481,0.20130149213219606
6296,5,0.6771304583315864,0.13273926439107708
6297,6,-0.6041091353928814,-0.4405339002241566
6298,13,-1.1377068666912205,-1.2284115889546932
6299,17,1.8816397277512964,-0.6212830230223386
6300,17,0.376720891742841,-0.7924816852029752
6301,19,0.6755696196631812,-0.08188621156302071
6302,2,-0.07387233897075832,-0.29588240386837544
6303,4,-1.1271885448625576,-0.40430398579216903
6304,1,0.8508007832518835,-0.17128347893376197
6305,1,1.369543148647354,0.296116933033954
6306,9,-0.7689152863399007,0.3143817310339302
6307,1,0.2847995237323694,-1.0415149165127844
6308,5,0.02402640498609318,0.421211731814129
6309,16,-1.179948216853308,0.7271693619428983
6310,4,-0.6528550915195759,0.35583584295462317
6311,12,1.455428638269939,0.29713456104425245
6312,3,0.6787521701379828,0.6414343554968801
6313,13,-1.0416013388172771,-1.583873687020109
6314,3,0.1419947394176094,-0.890999611524595
6315,19,0.21039208069892365,1.0496024398201431
6316,8,1.2819271587306695,0.8040596676919197
6317,14,-0.044118200322162585,0.7447509272490284
6318,10,-0.5381319901161105,1.3564163336359643
6319,17,0.204045479724305,-1.1408773797687293
6320,17,0.09930837256927191,-0.5277963840390196
6321,1,0.2827205291119704,-0.16595822762311876
6322,7,0.4492164113181016,1.507221325631802
6323,7,0.188082468503358,0.9028504738296221
6324,9,-1.7683745096871726,-0.6063056244360988
6325,11,0.5077958033613678,2.3624528407152336
6326,11,1.6382421341833282,0.1299875601615413
6327,5,-0.3613287204301712,1.2610794904820986
6328,12,1.411458321251121,-1.414174008371679
6329,10,0.9248208217454891,1.1314600662147134
6330,8,1.8264102120894739,-0.6922387930582736
6331,15,-0.20222294429998186,-0.8645583056052025
6332,7,0.9742988507706392,-0.21291400159167395
6333,14,-0.0024203421807094208,-0.6301032096376035
6334,1,0.017459246597181337,-1.182404318380655
6335,3,0.04537488618506962,-0.050363936818306386
6336,10,-0.28697406256675395,1.4563073829344781
6337,6,-0.5608874737172522,0.23791079981553953
6338,1,1.9427795078361256,-0.7998302830826128
6339,13,-0.874552526613211,-0.42119552279514094
6340,15,-0.22001800548868233,-1.456269758146178
6341,4,-0.21541951583994368,0.49393504061148114
6342,10,0.022546362012643484,0.5013848501314356
6343,10,-0.8834436761216901,0.8275640771196437
6344,14,0.1241358463763266,-0.590942340150065
6345,18,-0.02865778169135902,1.0979946026280831
6346,3,-0.28290534495643704,1.538443758599521
6347,17,0.748490467695694,-0.11785843991019787
6348,0,-2.577593526119309,-0.13596118211658642
6349,14,0.37767519620765394,-0.66619150407887
6350,4,-1.5268358542286233,-0.5051622926878202
6351,18,-0.6441176459597648,1.3497832429020387
6352,0,-2.897301773191268,0.6641788084559964
6353,4,-0.4869660621288882,0.8729211620002405
6354,3,-0.5153372418684576,1.5743817137522895
6355,6,-0.3305191369928534,0.7006648468562556
6356,9,-0.09442810810207644,-1.4010946020322033
6357,13,-1.5311028746962843,-0.40026107780327036
6358,6,-0.48269165334263436,-0.2881430995759871
6359,1,1.7035866051381143,-2.16099045513322
6360,3,1.0420246084319125,0.6385708943918693
6361,16,-0.14595370539229627,-0.8225428315638738
6362,15,0.16461820421514659,0.6041339415401139
6363,0,-2.1569286649239205,-0.062264499055917175
6364,17,1.1598412032946408,-0.7562689443012349
6365,9,-0.7502978203585426,0.024906268328990455
6366,8,0.3679309561713157,1.9077499088950924
6367,1,2.472797689405341,-0.33914408593657014
6368,1,0.33436416437164307,-0.5359446158094349
6369,1,0.8213420483865732,-1.5831988351377901
6370,4,-0.04166485176675764,0.09433991238597353
6371,3,-0.629817896968621,0.4096128405477157
6372,13,-0.7385922741049302,-1.5118206087083916
6373,4,-1.7454795715530302,-0.0804062517475447
6374,6,-1.4483184598930445,-0.4416633973072923
6375,3,-0.4271082490915838,0.30442562854771094
6376,13,-1.6288830488222397,-1.4161128906653042
6377,5,1.1122198188995622,0.4514435363398414
6378,2,-0.5723445257089345,0.6763364513654483
6379,9,0.22601269347843264,-0.7032198548438867
6380,14,0.4744038034810953,0.1260807943326771
6381,3,0.9269911477276238,-0.2745557147793901
6382,2,-0.37879392149394175,0.8820911304410428
6383,7,-0.012946869340090513,0.26301441501095085
6384,16,1.7256158972172555,-1.6610055364419596
6385,14,-0.5655999547529631,-0.4149019004365065
6386,11,0.9957167259393365,0.47396842963262986
6387,14,-0.08411249215305987,-0.14227300904169005
6388,11,1.4975360762626284,2.614268988296119
6389,2,-0.8466807557472693,0.8496115211761998
6390,18,-0.4225264999049844,0.9850206810751861
6391,0,-1.338194239847866,0.8770205743096439
6392,9,-1.0750768498603314,-0.5271897600253924
6393,18,-1.499553015175621,1.538129891902461
6394,17,0.9050354299308813,-0.10520905192729214
6395,13,-1.7455951981350677,-2.260477007760023
6396,7,1.1535556573942343,0.04152389306623584
6397,4,-0.9490254882291295,0.052587579551240465
6398,15,-0.33393806423259453,-0.5341191710439411
6399,11,1.3116998980813215,0.4046937832835494
6400,3,-0.011614866147641014,-0.37198429569980207
6401,1,0.7373805115851337,-1.5451129780934139
6402,15,0.5184484593714405,-0.4595070316588849
6403,10,-0.2524720472292612,0.7403856316624051
6404,5,1.3587462767981653,1.7680423047522316
6405,6,-1.5311208530765217,-1.0350348671736136
6406,11,2.227386205519405,0.32579908603125063
6407,14,-0.012944431922780804,-0.9064420532935507
6408,7,0.5346248059877727,-0.33720508407746713
6409,4,-1.582942555961711,-0.2888977506291999
6410,13,0.1188289999761907,-1.5452152933351386
6411,6,-0.38438342706688944,-0.1313758757578443
6412,14,1.8961178919933503,0.006406255463264852
6413,4,-0.7644445281632715,-0.0584245316381645
6414,4,-0.8228038251373292,-0.8448900613376125
6415,5,0.19802592750391598,0.41530854208591944
6416,11,1.159279808344063,0.7595819103949245
6417,3,0.407483833560556,0.7272021809141505
6418,15,-0.4015820652723559,0.784909605138111
6419,5,-0.15352537384152426,0.3564459885196878
6420,19,0.22117623363035552,-0.5184785543918154
6421,0,-1.0749891971435295,0.059213501504901414
6422,3,-0.45423029099500795,0.0694672382089123
6423,3,0.40141322719911804,-0.3512436938878609
6424,6,-1.7634336274465374,0.09836118114600523
6425,7,1.1966025876679076,-0.7144432139828159
6426,17,0.2274686691434246,-0.63727234174101
6427,2,-0.6750882263164582,0.7374727432566668
6428,9,-0.7148208420885944,0.13529294021170085
6429,8,1.1029447127913339,0.20453564970036947
6430,18,-1.2200328494667438,1.5531197648717752
6431,10,-0.06405430246338682,1.6362653790235777
6432,6,-1.4011918007454074,-1.2057256312605087
6433,13,-0.30293765060235783,-2.6876354588882405
6434,5,-0.12454478037615858,0.6602553728818358
6435,10,-1.4326985943775998,2.3798335131950483
6436,6,-1.2340338818532375,-1.8294230361828494
6437,11,0.49365594089844583,0.6538879960429773
6438,2,-0.9758910712057272,-0.30127040755115886
6439,15,-1.3974008323926486,-0.23289100875676927
6440,11,2.292925555822896,-0.36798302733900135
6441,11,1.3560738563245691,0.8530326431065078
6442,16,-0.5419248439410688,-1.293932355304327
6443,13,-0.4530349841963904,-1.6473983143565714
6444,7,0.6074097679700138,0.8947564539010741
6445,18,0.13049917149066811,1.0846592948566243
6446,18,-0.9236208272051716,1.1208483364738082
6447,13,-1.40066537242721,-1.9099593380306064
6448,2,-0.7474926102023397,2.1879558016014067
6449,2,-0.2787999941619163,0.17380319631354837
6450,13,-1.5236946456686644,-1.723203996590457
6451,2,-0.20332729730638982,-0.3718748822635794
6452,17,0.6063056877171992,0.02690854864517199
6453,18,0.1523605003779779,1.5261398979090683
6454,14,0.7880411676527913,-0.16301220599083713
6455,5,0.36253762444533827,0.944622700300375
6456,15,-0.13683906534955056,-1.9047804923740954
6457,9,-0.555489201818254,-1.3594894290022335
6458,0,-1.5033711238523524,0.6618480257423266
6459,17,0.7305923032909861,-1.3145944133488758
6460,14,-0.6675545900338875,-0.36346169274630097
6461,5,-0.6800423964472647,0.822719154584936
6462,13,-1.7893371923900212,-2.026298684915914
6463,7,1.0076861930039966,0.4864919769369433
6464,3,0.022687979355588826,-0.22541586974818273
6465,17,0.36559972354888876,-2.2158872016969213
6466,4,-0.6224899745676148,0.14922893938895423
6467,6,-0.8252552821803927,-0.13674607074634917
6468,7,1.7348990790849803,-0.7824257356730691
6469,2,-1.250849166721542,-0.4205411536497714
6470,1,0.0037244953372348364,-0.3004586394558345
6471,9,0.12346211023343409,-0.5225796870029845
6472,11,0.5156695544687577,1.1450985825321394
6473,17,0.4451557673080882,0.20706397465624077
6474,16,-0.11314302341435313,-1.6473230603813385
6475,14,1.353751275649038,-0.04736058056037729
6476,18,-0.5907461229566122,2.5792841359403678
6477,7,-0.4086360753885835,0.6766892953570117
6478,2,-0.852146416703656,0.6495908148160957
6479,6,-0.5033433054458951,-1.456203434354932
6480,0,-2.5204975303041746,0.35757424087280437
6481,3,-0.13132142413704118,0.23266490582909113
6482,15,-0.15788040474426693,-0.5748011281836531
6483,17,1.0583564625594826,-0.8678889431873653
6484,19,0.8812243104238718,-0.13316770870096442
6485,15,0.8435934719590178,-0.11693056057795408
6486,3,0.3740041053354534,-0.2097300197272393
6487,6,0.3366476381065195,-0.8350465271091213
6488,4,-1.3865010806578053,0.4800674039712284
6489,6,-0.967102968454318,0.18964325054411674
6490,17,-0.0721650910581456,-1.130914310332915
6491,17,0.3845919613229563,-0.6511237366777314
6492,17,1.2510896848319266,-1.012479913717551
6493,16,0.6247215647001766,-2.355254115792693
6494,11,2.4641701485976135,0.5043609186047134
6495,2,-0.009831214646953886,0.4383504928451281
6496,13,-0.4191168112407863,-1.70291511787643
6497,9,-0.1819419905688027,-1.5591679835809904
6498,3,-0.5926198850885093,-0.11910494218110607
6499,2,-1.5869370516430397,0.3799240378647381
6500,17,0.9385999438791282,-0.2026437414942628
6501,17,-0.2822182258731888,-0.8984322505959139
6502,9,-1.5808944865917918,-1.1006744055750213
6503,11,2.2619282751689105,1.207214973273348
6504,13,-0.8184643445437408,-1.7890065505143151
6505,7,1.6955541355382415,-0.383845223757707
6506,13,-0.8038134103599132,-0.8456189562149036
6507,14,0.34383352450968757,-0.32092310618325587
6508,1,0.7955854260270958,-1.5508887547005414
6509,5,-0.17868687221920906,0.9423052281069665
6510,11,2.2488395922176654,0.8555420271902564
6511,6,-0.32573907169225136,-0.8592973219863009
6512,16,-0.4977615445966135,-0.19356208301627087
6513,1,1.6083782881947,-0.02138034605639994
6514,10,-0.06599483677527195,0.7028230231710385
6515,17,0.6477704087226525,-0.15049194567761495
6516,2,-0.5180895490364842,0.4546687587005135
6517,3,-0.4364158652697129,-1.0791130517627543
6518,8,1.6582498988158278,1.5915154929467243
6519,12,0.9343430581056658,-0.2347949864242147
6520,17,1.3489715312718062,-0.3901073591308524
6521,0,-1.9214974411486234,0.5195386674073085
6522,2,0.05482976782167917,0.5706675658970433
6523,4,-0.2084531770249386,-1.263107349392744
6524,10,-0.6303346290282454,0.898570945924041
6525,7,0.2716339245764432,1.1542988498648885
6526,1,0.8856795754959543,-0.6858070946501411
6527,2,-0.9436511395747409,1.606803221623073
6528,6,0.22253008686871503,-1.1256418403147277
6529,2,-1.2303188309823063,1.2265577025594994
6530,8,0.6091324118611419,-0.471008351240068
6531,9,-0.07849062865797284,-0.46956379056478076
6532,2,-0.4935962248979085,0.14052635181664397
6533,3,-0.11232323764639138,0.374297915086905
6534,6,0.07582443744308147,-1.0768714260207293
6535,14,1.6477374301739092,-1.058826384892639
6536,13,-0.33159183967776784,-1.524360479517247
6537,15,-0.023745851921467033,-0.7104432760210617
6538,15,-0.11507667058943008,-0.5652960805369969
6539,6,-1.5438611817841683,0.5214428515096107
6540,19,0.28064641428101106,0.5815683436527546
6541,5,-0.7483230020103728,0.7529796975205679
6542,13,-1.9015779133448647,-1.40048300582274
6543,12,0.7925120618443764,-1.5010999519910797
6544,18,0.09021975298941395,1.4463347668764035
6545,17,-0.5411702470480872,-0.8231399993470585
6546,19,-0.4407881032820955,1.272245573343994
6547,4,-1.5313534470473253,-0.01676560509429359
6548,9,0.509483908146,-0.31340535573730904
6549,7,1.5437669287179172,1.2799491447364935
6550,11,1.0565063576180755,0.7023019576111674
6551,15,-1.658739052853999,-0.6407684934817897
6552,0,-2.3611138141918655,0.07863542758526527
6553,0,-1.6883249692241473,1.064042750108759
6554,9,-0.9213752113078311,-0.7182697224192648
6555,1,1.7020274661200478,0.25797966200911526
6556,3,-0.21574739764088685,-0.2588982907060482
6557,18,-1.0387987485442565,1.4695208725598037
6558,13,-0.03600158530951969,-1.9274648911189654
6559,9,-0.48761985741669306,-1.193864740868736
6560,7,1.924802512260858,0.8332622860921319
6561,18,-0.7747282024867634,1.1986257596253969
6562,11,2.0548966328057063,0.31850932454462083
6563,9,-0.9545907722544227,-0.37048683964026563
6564,7,0.07614351117505597,0.1478674966451823
6565,11,1.1792718601652463,0.14015942293079037
6566,5,0.05849939413994426,0.18302348533488083
6567,6,-0.5446388392126785,-0.6018073581866229
6568,10,-0.21377273833821137,1.0394167034793576
6569,13,-2.1682058270782147,-0.931204507465012
6570,2,-0.5789482123659441,0.6831931194380734
6571,10,0.14436900245177692,1.132026244567979
6572,11,1.7030048927007966,1.2274623764184494
6573,9,-1.5738041970926315,-0.7494756039760536
6574,13,-1.8001227463288705,-1.3954240740773869
6575,18,-0.3353440412953025,1.1044232725513916
6576,0,-1.4105562417600468,-0.33816812556017617
6577,17,1.6273649494867157,-0.4972572226095723
6578,2,-0.5070544990829986,-0.5194346207905487
6579,9,-0.7512521320095539,-0.308552195876188
6580,6,-0.43999731847158613,-0.9232417215159152
6581,0,-2.2034308358694283,0.5345978738137781
6582,4,-1.1853417293800081,0.5521508732598724
6583,0,-2.0683084798338243,-0.5356354332931994
6584,16,-0.19556345984002046,-1.5919264186286841
6585,7,0.08244480576205557,0.9975952055091749
6586,0,-2.030447683799657,0.7459027429708153
6587,5,-0.26639066130601236,-0.030587447015866756
6588,1,0.12955754344813056,-0.25938392404944444
6589,2,-0.18566238510099653,1.6356863283582541
6590,13,-0.718306765322785,-1.0863429082186038
6591,15,0.3402587281053912,-0.15517883964724896
6592,12,0.653611395273836,-0.090653348067188
6593,15,-0.9228183894345645,-0.15992699844040997
6594,4,-0.8755387741807716,-0.06102180411859679
6595,13,-0.01550899375426726,-0.6570085765769093
6596,9,-0.29674379293783243,-1.5654881546369195
6597,1,1.320306493319255,-1.04412323385431
6598,9,-0.7807115698901312,-1.1888529493520108
6599,4,-0.7711040288450984,0.20979502120158644
6600,10,0.9268047693315226,1.0585951790299195
6601,5,0.08125829072290518,0.18614002193453677
6602,13,-0.4773345938737357,-0.6729686975870992
6603,13,-1.0694439625740408,-0.7323161635313149
6604,7,0.7821497963199093,0.6737408073061422
6605,1,1.3431315571473494,-1.3385114849711448
6606,5,-0.15255257274438688,0.6247096814004452
6607,15,-0.1774043591229433,-1.6225274962015754
6608,3,0.1391423132247466,-0.200519037271859
6609,15,0.3788185184416873,-0.4026551047731789
6610,7,0.5863391028128991,0.5651042363111473
6611,3,-0.4896760183383654,0.6091239408722738
6612,8,-0.030110936026142912,2.2871141844825784
6613,13,-1.62157961513323,-1.6211850257606528
6614,18,-0.319728255804936,1.366564530132933
6615,5,0.6590344293517019,0.19099378771476677
6616,12,0.8255455235618605,-0.1960512016997648
6617,18,0.17557651574995223,1.3415797578289606
6618,4,-1.1110338968453608,0.5927659051001739
6619,17,0.8406513372699389,-1.4511717100369905
6620,3,0.9961040228069423,-0.7601716072536764
6621,4,-1.6144223204263954,-1.133467244055179
6622,3,0.7972454386244292,-0.03646062883108711
6623,9,0.6296023559259855,-0.6894598978137513
6624,10,-0.130368987714912,0.21650017059122514
6625,17,0.3059397544982807,0.3038503350384005
6626,15,-0.03914437073732904,-0.27418566567618813
6627,2,-1.010203105733312,-0.31801629840415047
6628,14,0.356437866918302,0.1525453204646543
6629,7,0.5954844805674077,0.7130902861596023
6630,13,-1.0481792551752338,-1.0413559045106475
6631,16,-1.372301009686726,0.2082535361893953
6632,14,0.42856847530648595,-0.2729304955183891
6633,10,0.9149097508355176,0.8982959682356016
6634,1,1.768765863298487,-0.6136938154825837
6635,18,-0.925634097502376,1.7455415695177083
6636,2,-1.0752906412032952,-0.26211555423865257
6637,0,-1.4928292655513313,0.6660077791139262
6638,6,-0.11191651203770803,-1.1122337653781744
6639,19,1.3131395493458708,1.2185689816337806
6640,13,-1.0476326460671368,-1.6950845780182058
6641,9,-0.7814051745758898,-0.006609561927478671
6642,1,2.224419360869242,0.07994797781028032
6643,10,-0.14377404804706317,0.6923384795349594
6644,9,0.13562012620820765,-0.08296668340414033
6645,3,-0.7083610239398994,0.08911554155083562
6646,2,-1.9688109839542418,-0.14829530514942654
6647,9,-0.6091493767715307,-0.672625366786505
6648,9,-0.8306334865862824,-0.6087343929493885
6649,1,1.3509086456480712,0.4049993507604764
6650,13,-1.0389452488698152,-1.0614758792748096
6651,6,-0.5025210553439253,-1.7139860751413971
6652,1,0.46765183170349495,-1.8456264783521374
6653,18,-0.9550366497332997,1.4669684961098741
6654,11,1.0284863320533166,1.4638165944674773
6655,7,-0.09951277222119036,0.7324144223612713
6656,5,0.3800125317499549,0.1522338606036196
6657,13,-0.5988026936832516,-1.8641812008084133
6658,4,-1.4754644849099143,-0.42916224866387687
6659,4,-1.2717380631529809,0.02994299618464035
6660,15,-0.8084907331767548,1.4363269222681772
6661,18,-1.3573388813606742,1.5995946490145954
6662,4,-1.2090898062083453,0.8901265650620686
6663,5,-0.5336506679828406,0.46457221634797125
6664,9,-1.4563470530421818,-0.6653628621265852
6665,10,-0.635947510225262,2.0959406231003084
6666,14,0.440250403330733,-1.0572803148175443
6667,10,0.7552402670051263,1.6525930134005375
6668,19,-0.22749887326474186,0.06644658408433533
6669,9,-0.3532847790007711,-0.7874990519690701
6670,3,0.5064991215592496,-0.4354091260164964
6671,12,2.3296470279311414,-0.05459293715214306
6672,17,0.9148519260670082,-0.447526381802012
6673,11,1.8458907823484763,1.058975723826139
6674,17,-0.2249790260544428,0.20464189981341582
6675,3,-0.6640489933661644,0.42672380564119766
6676,17,1.214346353599082,-0.6865470329923451
6677,15,0.2565748159027672,-0.5049803914181579
6678,10,-0.5629700924431128,1.033204986793902
6679,10,-0.28022552462100353,1.5640637541271323
6680,10,-0.931421260570529,2.109929087261146
6681,10,-0.8164511711482761,0.2831424068062956
6682,18,0.22495336238779476,0.8683456281390808
6683,1,1.4285031513344315,-0.35839921197811864
6684,9,-0.7070412830414572,-1.4869200925243506
6685,15,-1.1629945475639465,-0.9903860754257677
6686,13,-0.1570724277167506,-2.257390180158642
6687,10,-0.5786767971474756,0.6373433989193467
6688,15,0.3419536278215543,0.19014742066574736
6689,0,-2.040682106838322,0.22229309645247725
6690,0,-2.3100316002512447,0.0874553311416792
6691,4,-1.1039987076924285,0.7455136879199318
6692,4,-2.028420773119256,0.36446312562138167
6693,13,-0.6049744786168937,-1.4168956861602537
6694,10,-1.0466128417573641,0.8352112523759256
6695,3,-0.6470657242058072,0.17888215480974007
6696,17,1.0493656585182356,-0.9352388051580585
6697,18,0.5311354139929433,1.6961685579376
6698,17,0.6070982183539559,-1.2090874513008354
6699,15,-0.6614980773716973,0.09926245515888105
6700,14,0.9472900235875903,0.6423350615339923
6701,10,0.2720935195823956,2.635604150746588
6702,4,-1.0739141365061768,0.2781860720243112
6703,7,1.229462240076603,-0.16213844817492012
6704,12,0.6316682440156816,-2.1722146750543008
6705,17,1.2666110809016258,-0.546699872918889
6706,4,-0.47195550642679635,0.675802393623522
6707,11,3.047679291290404,1.3180574911465501
6708,4,-0.889296167881968,-0.32011420663278145
6709,3,-0.47435185013931763,-0.5847126312119165
6710,5,-0.29768503809116603,1.1476110619952775
6711,9,-1.3222285390997832,-0.9076146934258394
6712,9,-0.35725081307991263,-0.32563158867352704
6713,6,-1.6106043268760097,-0.33793895819125264
6714,12,0.8261801482237225,-1.317337310459623
6715,10,0.18185806738789753,0.48872329710341933
6716,15,-1.0122595688002582,0.012841807766403795
6717,9,-1.1182744270935454,-1.0708302717407188
6718,14,0.16658211898421835,-0.5542458275681676
6719,3,0.9113861949239946,0.33380354059077905
6720,14,0.06015148123412273,0.901002686322647
6721,7,1.3013895492385084,0.26678266815225155
6722,2,-0.19184857945843253,0.899499945804221
6723,0,-2.24679271119153,0.9610662022894582
6724,3,0.036999266181345976,0.9523138999500974
6725,2,-0.7211828965220626,0.2100940842605618
6726,3,-0.14554496062349642,0.6633097149192881
6727,11,1.8363346492272161,0.8209186871399551
6728,8,0.30371476721150653,-0.327454331133914
6729,11,0.8387976590015267,1.4350027927856732
6730,9,-0.543675667985741,-1.154960515095806
6731,12,1.3948476061872264,-1.4943226641055705
6732,15,1.5416763344385347,0.06993326477217532
6733,13,-1.0632568279316608,-1.234746132575887
6734,19,-0.13896343606118114,0.5233346983304515
6735,18,0.11239567770283579,2.6209780974153216
6736,7,1.5460610678777458,1.0361973108841631
6737,18,-0.5290464127380103,1.571670174992492
6738,6,0.21911999229041865,-0.6935788611117777
6739,11,2.046445893988341,0.38681496873292465
6740,12,1.3754165075203404,-0.6691561600601095
6741,13,-0.8956614686165226,-0.765661863819814
6742,6,-0.6582298095025608,-0.0505756795745545
6743,19,1.1992195274242299,0.037939805936042306
6744,15,0.04242634515154911,0.2308249582539165
6745,15,-0.2557418020986851,-0.12758774812189627
6746,6,-0.3468087854493142,0.17959261291054168
6747,7,1.5809353443993543,0.747469189431389
6748,7,0.6993468815072172,-0.7144487374823929
6749,18,-0.5261202107367733,3.7291695367924174
6750,17,1.1050691270487836,-0.6489477622037514
6751,6,-0.19013156881227664,-0.40660257206746864
6752,3,0.1660633076251709,0.14582781397596065
6753,15,-0.3919856638490649,-0.12142567514234753
6754,10,-0.8788133719043939,0.8273817648973673
6755,17,0.825312280958362,-0.7359332212561345
6756,8,-0.07235888116175639,-0.0785951577817707
6757,18,0.5568335730454702,2.4511412325102837
6758,17,0.6150625289294118,-0.6929328557980055
6759,4,-1.3573752099455143,0.7303694774864405
6760,4,-2.1387819512542396,-0.807071489201324
6761,17,1.951145516117556,0.11693978451403307
6762,2,-0.031249417305976503,0.33379001091193844
6763,2,-0.022886333385838654,-0.3368797943134419
6764,5,-0.4424161546548164,-0.336087066677695
6765,4,-1.3655351439550005,0.5940748294342194
6766,18,-0.5179247170067136,1.3324150860306807
6767,3,-0.06625060119855045,0.25714720189363943
6768,12,1.9720461238362479,-0.9321717737173847
6769,18,-0.4977984946483672,1.202154117626753
6770,14,-0.41703902763150963,-0.49809327341006376
6771,7,0.4107864382263992,0.7187946435203282
6772,6,-0.5563442176721904,-0.7459699861656036
6773,6,-1.0191303489730663,-0.4277625184701779
6774,4,-1.1399555625818556,0.2189787810008617
6775,17,1.2864811785817682,-0.02359423386785632
6776,6,-0.6265838139803447,-1.175522274492825
6777,14,0.895062177478253,0.38289245832276664
6778,5,-0.5963810809128172,0.7752533319425592
6779,14,0.09092786602543476,-0.15003063759703034
6780,2,-0.7216242462256134,0.4972409410353804
6781,6,-0.7027074073206365,0.16788608795799004
6782,9,0.20974803793343233,-0.4890804833949728
6783,2,-1.3488449994986338,0.14738479224047563
6784,11,2.173988891628719,1.7668695786012454
6785,15,-0.9492885531255862,-1.2907935061575309
6786,16,1.2807846210716518,-1.8988547771417246
6787,11,1.38245665829358,0.008384303382814784
6788,3,-0.14917959201868486,-1.4401713450004776
6789,17,1.3811325173912323,-0.6543236804887804
6790,10,0.44515456640216655,0.9762133325978745
6791,6,-1.6064117783341985,-0.3807959083861292
6792,14,-0.47926407831853096,0.456708083037815
6793,9,-1.5450258159907082,0.16088752672195847
6794,18,-0.2589063633649909,1.0347003967787511
6795,5,0.5332828911027367,0.3273493876813173
6796,9,-1.442138226124894,-0.8846419438339107
6797,7,0.9742844564303029,0.8693296563616445
6798,1,1.6215907975369102,-0.7176254797544186
6799,9,-0.5833073862557892,-0.3539819964460837
6800,15,0.1648037756669693,0.19919517812185727
6801,2,-0.33794089828987783,0.8099008812832404
6802,3,0.6186820015939014,0.25330510484758745
6803,9,0.07640939367492358,-1.5063303341293082
6804,17,1.6863878153350784,-1.238526918415611
6805,5,-0.8951621444296747,0.36195495919645876
6806,3,0.37703417682518253,-0.25391513207277794
6807,2,-1.31209281363628,0.9720068957364775
6808,18,-0.9123149167456993,1.5717539814643142
6809,0,-0.8378560866751115,-0.145200159458496
6810,1,2.4371557100349146,-1.4820561288944107
6811,7,-0.11967530064147865,0.047313720774993594
6812,8,1.239064850813169,0.35381115342187913
6813,6,-1.4255992001207654,0.08846071949746731
6814,4,-0.9505787890934992,-0.6449196072886617
6815,0,-1.5396304249712038,-0.22721457999210662
6816,5,0.5560688199165116,-0.17440217562464852
6817,17,0.35052377072552204,-0.1789856118324953
6818,8,0.3562482234052857,-0.18318705615688086
6819,15,-0.2435198314070031,0.8205502634071201
6820,9,-1.3104190765403956,-1.0200304287207345
6821,4,-0.7935013087511681,-0.19849309443284693
6822,14,0.27290682312530484,-1.1970969007565198
6823,14,1.2199751723770134,-0.8147497528907086
6824,6,0.475072944144666,-0.20413583429893628
6825,4,-0.9078491539633783,1.174067771531069
6826,4,-0.9565256715469508,0.5429643427263018
6827,18,0.2379248542127463,1.1725266094102482
6828,5,0.467979030585883,-0.5661877180498704
6829,5,1.1096784850872705,1.2048668369923843
6830,18,-0.5786023549971947,1.6236265420790668
6831,6,-0.5927721513994568,-1.653079522619535
6832,14,-0.5228461436561989,-0.494727751886973
6833,2,-1.7342479831677289,0.7808621687858904
6834,11,1.4481554846854658,0.545961383340409
6835,13,-1.2161760137663917,-2.522807093188875
6836,10,-0.8995375100728134,0.3677235736604783
6837,3,-0.20746233917023368,0.6328277369761811
6838,2,0.2042445272118754,-0.18563021645717698
6839,3,-0.3291845242524268,-0.3768096941801324
6840,14,0.29536176461362057,-0.13425919293114522
6841,0,-1.281514682110694,0.5028889533418424
6842,17,0.25693288918047863,-0.7222987855008978
6843,15,-0.12670724160809158,0.252542377272891
6844,19,0.3256631735049116,-0.786380754941234
6845,8,2.0288930813837034,0.8219176328036567
6846,4,-1.3174678698996334,-0.39735493237472125
6847,8,0.07338064529594605,0.5864546183353653
6848,17,-0.4272964367727453,-1.4589821677955508
6849,17,0.4456202958240237,-0.02783378520674837
6850,10,0.15820498401616592,0.8008199677043777
6851,6,-0.6177609800712138,-0.26143680219240356
6852,9,-0.31221185910433674,-1.018043633799709
6853,12,0.5571607610629405,-0.7533824939229498
6854,4,-1.5605078889373825,-1.1868622580227082
6855,18,-0.47200268621261066,0.7767180910672284
6856,3,-0.4370075376658544,-1.0559685824223168
6857,14,0.8817934682494624,-0.16081252176584074
6858,14,0.42235798581124623,-0.4171097422847066
6859,14,0.6865372341768017,-0.6766042959072671
6860,1,2.0287359774141756,-1.9534191957793765
6861,10,-0.07600646860970221,2.071374318467022
6862,5,0.17547022965874684,2.0119371971953255
6863,5,-0.6358054053293192,1.6667273203322295
6864,13,-0.15332877363207176,-1.3502311544988899
6865,4,-1.348747563018486,-0.2234830151417708
6866,15,0.09008931405363912,-0.1972982082736414
6867,2,-1.0895469429326985,-0.5120569306781706
6868,9,-0.334531234315724,-1.143985463787473
6869,17,0.21129114033081609,-0.22344247981421367
6870,0,-1.617388987985746,-0.5242351148523071
6871,14,0.4101628330686073,-0.3102035270474864
6872,4,-1.4483680282909461,-0.2857404192184274
6873,0,-1.173849813340229,0.6764835521837681
6874,6,-1.1886409662495594,-0.3934137810642198
6875,15,-0.6767844597974564,0.5340675436576358
6876,15,0.3816556931665656,-0.21300723137133676
6877,3,-0.4781462542393608,1.7446289766595569
6878,7,0.7735889169991808,0.12914963661592826
6879,17,0.0840146923923144,-1.2084540009706004
6880,11,1.781306314795516,0.722775893382932
6881,1,1.146521996940365,-0.9205151835189818
6882,11,1.7849767816890667,-0.28793752393505895
6883,14,1.1531107213909695,0.17697880945839717
6884,0,-1.9939098463794944,0.5061519520382703
6885,1,1.6497375684893303,-0.5483207657792399
6886,2,-0.8672675803029659,0.08030473008021013
6887,14,1.064157049876752,1.0745984770924697
6888,15,0.6096584722504301,-1.0807769147121526
6889,19,0.9492114979123635,-0.49674978508529677
6890,16,-0.4990251712150059,-1.426423754659246
6891,5,0.6250256029313902,0.8796050744379387
6892,10,-1.309514837500361,0.876406384090688
6893,3,0.06668651647235099,-0.4077091214533044
6894,4,-1.5747379148227385,0.328437231382454
6895,16,-0.9133217657256295,-0.14153891962808185
6896,1,1.318067453911086,-2.3259180234990127
6897,18,-0.47346530590071995,1.109470340270352
6898,5,-0.2514063536940169,0.7433006251523437
6899,0,-2.328826254702981,-0.15219552035413433
6900,16,-0.8331909623762964,-0.5156988077653388
6901,4,-1.3207390531565646,0.00684022412694773
6902,11,0.6530915263790806,0.6266372104404042
6903,14,0.5584788962940528,-0.7091140729326579
6904,8,-0.2512992129118131,0.40085995843956757
6905,18,-0.790491042028465,0.8979078165242018
6906,7,0.4162007824197513,1.757592143818482
6907,6,0.094085810380341,0.04532567868369136
6908,17,0.6565928125990662,-0.10839519196348604
6909,12,0.7384394856911669,-0.119537237490655
6910,11,1.6729546705601246,1.6643680607267168
6911,1,0.48734336595827765,-0.4576782587491521
6912,14,0.099233401225971,-0.18708193024711733
6913,10,-0.6511524710118068,0.7199060794299765
6914,13,-0.694407291965887,-1.3834395847731136
6915,1,1.293551993893044,-0.011815001914399102
6916,12,0.23051562586892957,-1.2111833555078872
6917,2,-0.590800775123949,-0.267636204826229
6918,0,-1.8084514205860822,0.9512918454846995
6919,15,-0.5193948259647784,0.010082699663990601
6920,18,-0.16676248408564565,2.4095418569945752
6921,0,-1.8814485206324785,-0.20767922538360944
6922,13,-0.026767045431280778,-1.7795463570120609
6923,15,0.013364843018724369,-0.5032543287798994
6924,2,0.385583833821418,0.41014566358049886
6925,17,0.6096356104776498,-0.5548090714506324
6926,3,0.15440955423106237,-1.252267857747476
6927,18,-0.05690113658043081,1.9528502029206656
6928,9,-1.0193522537262003,0.1858142949976959
6929,3,-0.34685236685246706,-0.0024551105575705344
6930,6,0.6297147006017053,-0.9293446372263416
6931,11,0.6127000197180794,0.22896573674942136
6932,12,1.8393599909263967,-1.477993717790557
6933,9,0.3856382216403788,-1.0100836230451082
6934,17,0.34631165884126935,-1.1599531159955374
6935,1,1.637067986080745,-1.666253728542236
6936,4,-0.45491441681897654,0.07622919278695436
6937,18,-0.3284596934101085,1.861289530975499
6938,9,-0.4186447066271297,-0.6252185914683197
6939,0,-1.0370962276303946,0.2057039837849221
6940,17,0.020556324205580123,-1.021471536851577
6941,13,-1.7702801627671236,-2.0851031554002786
6942,14,0.23055593093195723,0.5717731022982151
6943,9,-0.6810563144310536,-0.027444830549117796
6944,7,0.3074526910792899,0.21670835198119962
6945,8,0.6621055646957056,-0.1929489730989459
6946,2,-1.3784081561629231,0.4862903633193413
6947,15,1.1480064502586056,-0.30685585922843084
6948,19,0.9531998323310016,0.1168844332049461
6949,18,-0.28418532795180484,1.9939567424836155
6950,11,1.6743370797594836,1.2542011150933197
6951,15,-0.5729441385623629,0.09303145329182932
6952,11,0.511733105579366,0.38512173194696075
6953,14,0.5160101441028228,-0.18448135766020893
6954,0,-0.9983686194901153,0.554607260860014
6955,17,0.9453255649624343,-0.8553613087086782
6956,7,0.844984527395462,1.4723701378937906
6957,9,-0.10518353455627474,-0.4651677802710723
6958,17,-0.3724587967325983,-1.0491274107537265
6959,18,0.31839549893934116,1.2865031441438533
6960,13,-0.8653504464910347,-1.2739767680227285
6961,6,-1.027440685024358,0.4484533295265606
6962,15,-0.7873461173971054,-0.01472477485735373
6963,11,1.4417385537565963,1.5119623277638787
6964,7,0.8802064594972507,-0.13775696367627518
6965,16,-0.7768876462269917,-1.2776866220926768
6966,13,-0.9254759197119145,-1.2303725414998263
6967,11,1.7134257793070524,0.19473114903002967
6968,18,0.36345638055092905,1.4362209356370774
6969,12,0.3373547870683193,-1.7362374213090803
6970,3,0.25097507278763137,-0.2891800459030752
6971,9,-0.2586101439982906,-0.6840129156909134
6972,18,0.12471290712861685,1.1614302486178412
6973,4,0.035434763663460246,0.47058082193273043
6974,13,-1.2300483666213464,-1.3377839019925697
6975,4,-1.8290827662820408,-0.5471700150490089
6976,13,-0.9258786082298724,-1.3056788872724694
6977,9,-1.440505255902532,0.3695053028283601
6978,1,1.6890690951955907,-0.006910121680899188
6979,10,-0.9047254223166364,0.5142073283513581
6980,4,-1.9778243295271731,-0.17329273114630456
6981,7,-0.38235047901510627,0.5100344411981731
6982,19,0.41951142375744416,1.2523913762857461
6983,19,-1.1521571371017445,0.9896615803832531
6984,12,2.1351240276930166,-1.5704123540211141
6985,2,-0.47895356706131387,-0.21942879565878265
6986,1,2.405412486508167,-2.3441240914045416
6987,5,0.9497930440902386,1.3943724588818167
6988,10,-1.2542686756582766,0.3189878047642169
6989,15,-0.06535424096315531,-2.013801855674027
6990,0,-1.7990336455724818,0.3033359801855939
6991,6,-1.1090004171451007,-1.5812874949566917
6992,3,-0.04892295565640839,-0.22776781252333617
6993,3,-0.40371120377401803,0.257386158566628
6994,17,0.7539479873746598,-0.14940166850866468
6995,3,-0.5536983033456024,0.09259798770844702
6996,9,-0.4129576555367212,-0.6951329481932518
6997,14,0.7888399844174543,0.6695663282393464
6998,16,0.8927719525752964,-1.9068978558264875
6999,14,-0.21956954236479392,-1.6621935884617551
7000,7,1.7265193622404043,0.44882661241008914
7001,1,0.18905175271418628,-1.223612098998075
7002,2,0.4677632010862135,-0.04026046114717766
7003,13,-1.9355733251810703,-1.0900217355561996
7004,9,-0.36040990520797883,-0.7144345560616768
7005,6,-1.392522886200151,0.4026824428499593
7006,5,0.8576290831428708,-0.02094411535748837
7007,0,-0.9656667276016291,0.450188567728445
7008,2,-1.060867560820647,-1.1547495296157317
7009,13,-0.4130548362560403,-1.4058866830341181
7010,0,-1.206689673469898,0.3926116593087107
7011,16,-0.15886898272946784,-0.5850055588782259
7012,1,2.602239237298472,-0.609215092560044
7013,6,0.029178214414295106,-0.8566465500410256
7014,2,-0.99727650030872,-0.29011871911803433
7015,16,-0.03876519625438048,-2.0853885984307943
7016,7,0.6010757142060145,1.6237312839160067
7017,9,-0.3193226322548576,-0.8978897468042282
7018,16,0.4433177932208944,-2.3169724923053496
7019,0,-0.7878890666674588,1.0908920535408937
7020,15,-1.0813413827213139,-0.9959244436188472
7021,6,-0.510441798024693,-0.01624418167825307
7022,9,-0.21399714708592066,-0.8312512007275803
7023,13,-1.1762641319560754,-1.3604774815512397
7024,2,-0.3863610050372491,0.5515535146930001
7025,13,-1.736532045864465,-1.920180591305301
7026,5,-1.0964983412470937,0.4939234388443014
7027,1,1.5933665726238218,-0.8418901001236699
7028,0,-1.4931736497775143,-0.26724657986798867
7029,10,0.05848037217133473,0.340902866313017
7030,9,-1.0833913762773588,-0.8702832378444353
7031,0,-2.565268068213856,1.2471547208489684
7032,11,2.4367967495379492,0.7756051779116898
7033,9,-1.800219583346769,-0.5802934457287474
7034,7,0.7898318187144493,0.6824069907989062
7035,2,-0.6556137150302775,1.2958985004295247
7036,9,-1.186723200440936,-0.8671541895142357
7037,5,-0.5016475278077547,1.7308793751412601
7038,2,-0.7511207235005221,0.6152388686526963
7039,6,0.19039739459053404,-0.5769181520105326
7040,6,-1.0241529895407924,-0.7124985971515835
7041,15,-0.5379898185848331,-0.9765043999519976
7042,2,-0.5111257816715673,-0.2107776239759002
7043,18,-0.38932152069831777,1.0987119247911363
7044,3,1.0722723528420448,0.3660837025420526
7045,14,0.1779456245669333,-0.007139148401223799
7046,5,0.3040543786809966,0.6048285947998681
7047,11,1.3895255193369043,0.8436598479309005
7048,0,-1.3101759258068673,1.2281907305866508
7049,0,-1.4953066847055472,0.4882458650661483
7050,11,1.332837159603229,0.8662159809828506
7051,8,-0.7561649780220819,0.8566189033680355
7052,7,1.552748085631479,1.0550482919484532
7053,1,1.5588333193656054,-0.49776399386258047
7054,9,-0.24156315688909386,-1.1101929137139228
7055,18,-0.4876285591281662,1.3869429696907158
7056,1,1.5819462128577653,-0.9849216866476342
7057,2,-1.1226818559547467,-0.7645749528549426
7058,10,0.4046923409979,0.5735540918051574
7059,9,-1.1909822209537306,-1.2150263444253717
7060,0,-1.7504517670770956,0.023754678568631733
7061,8,0.06848240562606876,1.1373324610823428
7062,11,2.2308597847322997,0.3528837735566575
7063,12,1.134898621965406,-0.8646201685991844
7064,11,2.3423131114654225,0.21386994191678424
7065,5,-0.9248886422948277,0.7686265771117831
7066,14,0.12650525947316907,-0.5209791910623475
7067,14,0.2483584830967933,-0.22683858636269097
7068,3,-0.7822616269165896,1.2292961833536211
7069,13,-1.2716531712513943,-1.7785571896661077
7070,16,-0.25913780305404477,0.42219792813673046
7071,3,-0.6945888936163361,-0.23245973683285578
7072,16,-0.1548369256377479,-1.5239703084830278
7073,15,0.9367322617366335,-0.45813378876957533
7074,7,1.2721007868890963,1.0270129228681248
7075,10,0.30115612202312564,0.32006524248766527
7076,1,0.3098551867094755,-0.7862927335835459
7077,7,-0.18675356926264935,0.6650709557985625
7078,13,-2.1569571142107624,-1.3365218952529034
7079,14,1.405869347795004,-1.0909987115779298
7080,15,-0.11783928060152835,0.1732215165584446
7081,1,0.7545620110356023,-1.5076753422849112
7082,13,-1.3581523495218217,-1.8986659872200138
7083,7,0.9519378865616497,1.9956315194567837
7084,13,-1.3583162716275463,-2.428377300560667
7085,12,0.8105839916430015,-1.88983704047869
7086,0,-2.3441374362798375,-0.570604434050523
7087,18,-0.5616595245183525,0.8029260375388367
7088,1,1.5741880781156201,-1.3848934954003616
7089,2,-0.27610783637313097,0.9898187456649653
7090,13,-0.854777344273525,-1.758233465410108
7091,14,1.2866136476743883,-0.25861910240497155
7092,2,0.33812761540598146,-0.5076253585539527
7093,5,0.487427129547818,-0.07600397304664525
7094,18,-1.6485081261316739,1.4607057809039312
7095,6,-1.6638063912508232,-1.4048209776767653
7096,3,-0.3571065949938987,-0.2689953809793183
7097,16,-1.7220440760578575,0.42755874762477103
7098,15,0.2846516525558449,0.20638729622645816
7099,12,2.0787196738398253,-1.0464606740497457
7100,17,0.3624122296026762,-1.639367086265824
7101,5,0.640667490612169,0.7563896130547371
7102,0,-1.072441237464133,0.6201902568104697
7103,3,-0.1301088881191026,-1.1072781428388168
7104,13,-1.5660244378932822,-1.1542438842075515
7105,7,1.2069253417381345,0.7826787828547783
7106,7,0.40646861260353523,0.2675177378069921
7107,11,2.0730587814260337,0.884104273473547
7108,17,-0.5289710734421155,-0.7844943883736846
7109,4,-0.5300327967737746,-0.46721084260404017
7110,0,-2.1142313035581872,0.4206553886079282
7111,13,-0.307283262009113,-1.3666791349482936
7112,10,-0.6583941397701175,0.44296630461356923
7113,18,-0.9599444395229397,0.410305451361978
7114,9,-0.3091649760735486,0.10736790557284265
7115,3,0.4366506045382574,0.8335844067123582
7116,6,-0.5858069048599378,0.5228366400738871
7117,13,-0.20027282525352044,-1.874389702030298
7118,1,1.9763772278889207,-0.08588760588920355
7119,18,0.16343267751642757,1.084297342342095
7120,14,0.1355338537210619,-0.7550566853434446
7121,11,1.4765468744093555,0.7523335341664342
7122,14,-0.2836890104452669,-0.9918991768173768
7123,17,0.777994311460862,-1.0448712099160065
7124,2,0.03832794987998872,-0.35884417618466846
7125,0,-1.5342073627134902,0.4438527506407784
7126,13,-0.7535640965226442,-1.945034628948263
7127,1,1.9224768470490519,-1.2945304040903545
7128,1,1.7683338308592782,-0.08701093509295314
7129,8,0.7422877450605617,-0.8519541886738258
7130,14,0.8216667723583472,-0.3230169491234269
7131,14,0.9047325874957564,0.11807778009102614
7132,13,-0.32874492912334063,-0.9740679191817423
7133,7,0.42226008742474347,0.5908939742429538
7134,11,1.3180232988384555,0.5241935394381836
7135,10,-1.154253501365338,0.6895212106631671
7136,4,-0.06529670228037342,0.2623445996245878
7137,9,-0.0517216202540071,0.1493402364613587
7138,1,0.6109538114255365,-0.3065091635249695
7139,3,0.09432814564863276,0.9264765530543644
7140,5,0.18604748523388023,-0.38284040278783243
7141,0,-2.3519563197474516,1.470373770467937
7142,18,-0.8335395110355003,0.5453204418599362
7143,8,0.016938401143045997,1.0905586569573058
7144,5,-0.21817345427190968,-0.259739077686784
7145,17,0.7859106174979473,-0.9990259110564327
7146,5,-0.22812428641929702,-0.04837310420286252
7147,19,1.5275431413325278,2.3750852096906065
7148,6,-1.659705517701749,-0.8543668253885159
7149,0,-2.151712088775745,0.38911346298432753
7150,0,-1.9112091009561867,0.024612667493843554
7151,9,-0.13946061484253444,-0.7652815052012989
7152,6,-0.5094407374090418,-0.6181486110061188
7153,6,-0.39164596015190845,0.2647720691479653
7154,13,-2.0209402228518494,-1.0770694879566551
7155,12,1.345649332350842,-0.9312447789752263
7156,15,0.11428816002888861,-0.9892013123247827
7157,5,0.09148088370758453,1.0192399073722822
7158,15,0.39562164150437734,-0.8501727235640235
7159,10,-1.1248595053552024,1.0395198419546081
7160,9,-0.0887697624286268,-0.896465633729882
7161,3,0.21489366750160918,-1.4914149827416052
7162,4,-1.284907288956365,-1.0959840189383228
7163,0,-2.3021067670817628,-0.48339701284450165
7164,15,0.8622988128172602,-0.7844821231591429
7165,2,-0.899749241168857,0.42306116504981606
7166,13,-1.1752086513034476,-1.29093420031005
7167,14,0.7264933782386241,0.04831098324599515
7168,5,0.578921110434083,2.101141712800101
7169,0,-2.1810457099303733,-0.19122799164102572
7170,0,-1.3483647941418593,-0.5974378076505799
7171,1,1.1611659569916064,-0.749855362737131
7172,15,-0.4188110024898401,0.7539015460032673
7173,0,-2.649586340525519,-0.016967808305285142
7174,5,-0.0008095199300000588,0.7963384130049177
7175,0,-1.6777300831320465,-0.5801313233259244
7176,13,-0.47077108439674026,-1.1432079220252302
7177,11,0.7849702285084053,0.9593700525993886
7178,9,-0.5388229247180543,-0.4161164382865375
7179,0,-1.975118322191503,0.37480649636250885
7180,0,-2.0885013340762564,-0.13779852266712247
7181,13,-0.3330208126074521,-2.0400996795392605
7182,7,0.3098476606954107,0.5271118248500628
7183,0,-0.3566886683074019,0.3680763741513399
7184,5,0.5942563044349463,0.42471660340137396
7185,17,0.04492642399487243,-0.7805947679700539
7186,3,-0.17444364411591176,-0.0844520087489829
7187,6,-0.8743885838698209,0.32475165400169975
7188,5,0.9248933382773397,0.6792265880483327
7189,10,-0.44085176556236283,0.9249282370123383
7190,13,-1.951536822481833,-0.8877693380347755
7191,0,-1.1372866655791045,1.141282597830753
7192,9,-0.11430865832876376,0.048125145036533416
7193,1,1.0502404789025235,-1.5394308803319237
7194,14,0.18009201951744633,-1.934051140281555
7195,12,1.1904086613584255,-0.24436156312337498
7196,8,2.040337817649982,1.2302021728972885
7197,17,0.1327404607581167,-0.04791401491478246
7198,9,-1.066290197729191,0.465371713654156
7199,2,-1.1332291278706699,1.1553138615094172
7200,7,0.33568272563665036,0.2931658626151966
7201,4,-1.2797818814948965,0.16993731036561135
7202,17,0.20637542526674288,-0.5888619955503618
7203,12,0.8465727926902333,-1.1030584864401511
7204,18,0.12651382991241186,2.7436177454757678
7205,5,-0.2600820443510287,0.1603381295078971
7206,14,0.7303472240289568,0.24377037918870365
7207,4,-0.7439577101452174,0.23481603622578803
7208,6,0.44326418065814394,-0.5155650971585053
7209,5,1.4446896685470583,0.6191897436066705
7210,6,-0.05240787293570895,-1.637166554335386
7211,3,-0.9996874982707978,-1.0121296186598094
7212,17,-0.15778735639188002,-1.5856015360545865
7213,14,0.05318973426287188,0.33053169086983075
7214,6,-0.3363102172285384,-0.8677370479327617
7215,17,0.7843639046487066,0.08115499010921767
7216,4,-0.5717826109041506,0.04078030604877678
7217,4,-1.5327922600012798,0.669935775310499
7218,18,-0.3576170943800029,1.1857626510260875
7219,13,0.22871560542115937,-2.6879295895303783
7220,13,-0.7884182633357245,-1.4185354033777484
7221,18,-1.6074707734743103,1.6690410002162464
7222,3,-0.5208929480326222,-0.12028465531171449
7223,14,0.5988328367056526,0.9304231471818958
7224,1,1.3276683360425015,-1.099409035961667
7225,2,-1.1096861492241805,0.6713554487686629
7226,7,1.3335354282367,2.3464180493768847
7227,15,-0.20947511105164446,0.2390160924738761
7228,15,-0.26757977126206817,-0.21424567230746167
7229,1,1.8317729510622702,-0.9663728716473389
7230,7,1.2036019088520558,0.8941145612628613
7231,11,0.7368310553864389,0.5994662489301101
7232,11,1.6889219555730062,0.5162927418162061
7233,10,0.13836142072345867,0.5249543625345742
7234,18,-0.7277649170445611,0.9496042916093271
7235,9,-0.4036091587075415,-0.8431008379969468
7236,5,-0.014627755445422526,0.5295748840668493
7237,12,0.9123711104642342,-1.217325491658559
7238,3,-0.4390035252764371,0.7764945480868982
7239,18,-0.17661917368180544,1.5768824868346913
7240,17,1.0164150137128978,-1.5004806897479277
7241,14,0.6391404087036652,-1.526805919051579
7242,14,0.9356260421372506,0.27549628115097163
7243,9,-0.18835076177248622,-0.8928852936541065
7244,0,-1.5116799688679345,0.4501098691531217
7245,5,0.27264423072732863,-0.16863716211558774
7246,9,-0.8984642215129357,-0.7679253114007382
7247,17,-0.21079860680520823,-1.0797476022209032
7248,16,-0.40091540301408113,-0.12971313794339082
7249,2,-0.3168739644938005,-1.3901376499966884
7250,9,-0.22085829154747164,-1.1435947873783752
7251,17,1.6081131843430057,-1.342960633851423
7252,3,-0.5307208128579337,0.12810534484274555
7253,12,1.39368700792069,-1.7931851838851949
7254,8,1.8863977049365557,0.7058647166666948
7255,9,0.45018801933867897,-1.8131654683922478
7256,14,1.5189799234444927,-0.16513887006233796
7257,5,0.0280930250247168,0.7694176685835555
7258,2,-0.2872860557215423,0.42507054830103047
7259,2,-0.2535517320684801,-0.049407810920879175
7260,17,0.6720968623488512,-0.15768605367212762
7261,9,0.37152558492645554,-1.5621362430665333
7262,13,-1.310643051488963,-0.8850065930885216
7263,8,0.546582920780157,0.5723624582754623
7264,9,-1.1078318626286554,-1.2230583797826113
7265,12,0.03132399840126515,-0.7972411453376593
7266,4,-0.8222525465202897,-0.06684284097825917
7267,2,-0.5803047747768951,1.2071199469649783
7268,6,0.13065764254129594,-0.04912149500312346
7269,12,1.8566875215572456,-0.8985757002005145
7270,12,0.5933792270991671,-1.458988044553758
7271,12,1.904983760501666,-1.8349236084517266
7272,3,-0.38937256121733127,-0.2916054210823394
7273,4,-1.0322058078400866,-0.9488425116655876
7274,0,-2.458946373495927,-0.38187859481952413
7275,19,-1.4831879120448197,0.8148821450560061
7276,7,0.6258975502618696,-0.33883990948431736
7277,18,-0.9640506394809882,1.8607508696198092
7278,8,1.1465136460733587,1.7059183305981969
7279,15,0.6656105933093386,0.9063308935477622
7280,7,0.24352616457043338,0.5273749979719083
7281,17,1.0692564331571737,-0.08673471742905955
7282,18,-1.7428159900940068,1.4394518646275754
7283,7,0.17842533193052398,-0.00730358162583475
7284,10,-0.10271677759021443,1.6689695951494088
7285,14,-0.5473906845715297,0.05287780661319483
7286,2,-1.3048205427244044,1.0649459497474223
7287,1,0.8037025216318185,-1.6415086177606997
7288,9,-1.6299892882452367,0.0506498119537645
7289,18,-0.09168650626985377,1.1329672354187668
7290,10,0.28997981063344763,2.1488423467434568
7291,1,1.9573840063164132,-1.1903664866661037
7292,7,2.4996696068401976,-0.10049696864996815
7293,10,0.7836160069118935,0.6547670496169825
7294,4,-0.840882638370358,-0.11581307116871588
7295,1,1.0363413443089418,-0.5044017650083104
7296,4,-1.3311293309038197,1.0841401411853728
7297,1,1.375258642589368,0.008350427098494874
7298,15,-0.7284873586725051,-0.7263459701635993
7299,1,0.8376408077522302,-0.22215792446429222
7300,5,1.1354052433183581,0.38601887097574283
7301,12,0.8862158910935272,-0.6690091004363196
7302,4,-1.2843601230585855,-0.7718355984903295
7303,1,2.472555701780837,-0.5614955513638412
7304,9,-1.6104363033218312,-0.8781999724179808
7305,12,1.2393174039000312,-0.684158627658004
7306,9,-0.08158983337390631,-1.0082293481539442
7307,0,-1.6169790593236444,0.927610445620537
7308,17,2.534078396009819,-0.3145017964928939
7309,18,-0.34730810214813684,0.7175554774834563
7310,14,-0.09400552125041221,0.5093667224170595
7311,7,0.6930071328569934,-0.00596542947569682
7312,12,1.2180645759944175,-1.2794247586749121
7313,9,-0.7923045712788228,-1.328746252813723
7314,1,2.214309583303634,-0.5290208560304126
7315,10,-0.580125571245124,1.6879264522711843
7316,9,-1.2050390766927905,0.11730359111187023
7317,18,0.500423845275263,1.1213018628197207
7318,9,-1.1912623430515406,-0.5071315100083504
7319,17,0.4017378674887048,-0.15640700149433476
7320,2,-0.8375266650233969,0.2125882019233151
7321,4,-0.5098166522252219,0.4929145201137808
7322,2,-0.9759109197386557,0.49427636077793774
7323,7,0.6961797067581329,-0.4189376395333705
7324,19,0.6341570486569692,0.4983353381533485
7325,7,1.0965450525076168,0.06172926405814852
7326,4,-0.8790541224731167,-0.57751614107705
7327,10,-0.30129444998489524,0.2759507407811755
7328,4,-1.380583874111068,1.1474391062281852
7329,10,-1.2175875181208506,1.3361272651570817
7330,13,-0.9952038703773736,-1.5340105678620812
7331,0,-1.7768847894837967,1.651546685548322
7332,7,1.1267863756488936,1.4087281287194562
7333,4,-0.4755723791724383,0.757727238988534
7334,2,-0.8595627235249744,-0.4899436100441144
7335,18,-1.197374641150302,2.059622830505585
7336,10,0.2722520601393071,1.3735362805042102
7337,16,0.7720108198221274,-0.44875584905599775
7338,18,0.2709240938281749,1.4979198867979333
7339,13,-1.3037593199820832,-0.25676235275066595
7340,13,-1.461466769187005,-0.9917078983709043
7341,9,-0.8745429681769257,-0.38201301784760183
7342,14,0.1762886961470509,0.28833713360978497
7343,11,0.7835001709135262,0.9499231901348074
7344,0,-1.1985126842236784,0.22128915560116497
7345,17,0.7120785789079902,-1.0086441448517212
7346,7,0.6123780591136861,0.5252160422786478
7347,4,-0.9113753324598192,0.8001772123003782
7348,8,0.8682314005365962,0.9208008737554768
7349,15,1.098373532261491,-0.7975488976574707
7350,9,0.3622199564705653,-0.5407044401665927
7351,4,-0.7187311581285251,1.395968223576116
7352,10,-0.5460523825334641,0.6488957966958175
7353,4,-0.32470717177156094,-0.02151710455391007
7354,3,-0.027757008518460635,-0.6124098823882019
7355,19,0.8017879228089803,0.0541987181064328
7356,18,0.1748715175353945,1.6257308556833205
7357,11,2.0110007453294716,0.3478413685802378
7358,4,-0.7415304327411179,-0.04046633805620304
7359,8,0.0020275534418588213,1.4489064564714305
7360,17,0.23238229745237307,-0.9300169659821361
7361,9,-1.3062957869009444,-1.062313695612975
7362,0,-2.243590000332096,0.4720995790548052
7363,2,0.13700359877990123,0.7162091022196035
7364,18,-1.9918690860036274,2.311241817617874
7365,11,0.9696334636645279,0.7628940972784551
7366,11,1.6247678564706611,1.6963161106645033
7367,6,-0.843277186199771,-0.7536763804617032
7368,4,-0.9609690496294964,0.29507276831464335
7369,6,-0.056712790487900996,-0.19939598482794563
7370,9,-0.4254177352892075,-1.6249156383283212
7371,4,0.016068052901488182,0.4692182163692573
7372,11,1.2214796571055055,1.1189532998203031
7373,9,0.39633387619075794,-1.223736220679108
7374,19,1.150038223373416,1.0485735009315515
7375,10,0.08562693733844376,1.6321529870263207
7376,10,-0.8958238209376997,1.516753836505609
7377,0,-1.4541546377269208,1.82005555833866
7378,6,-1.8169083826237227,-0.47924489543831683
7379,9,-0.14908525202209405,0.1225897611471643
7380,19,-0.23109335795127353,1.6206596201895684
7381,10,0.9110862568335909,1.182786068296386
7382,5,0.9773627615528775,0.5164718970113151
7383,15,-0.7108155161299115,0.36408275787966254
7384,5,1.3090228285065606,1.7736320585505314
7385,6,-0.33209636688451405,0.42951389086088626
7386,3,-0.5660297841701486,0.42126224357234254
7387,17,-0.48914225065696787,-1.1200746609555723
7388,7,0.028770970373246746,0.686645830835522
7389,4,-1.07352971439757,0.558969512120484
7390,8,0.09487432866264399,-0.7547403424815837
7391,13,-0.28266229070147364,-1.208411806955105
7392,13,-1.8652634307191973,-2.337106632894936
7393,15,0.45339407732617204,0.45561355424312505
7394,9,-1.3574539022381826,-0.33898055045723613
7395,15,-0.7761445779328566,-1.2460009159114396
7396,2,-0.6752872539037141,-0.9141760362476787
7397,8,1.638409312475857,0.6434476454452231
7398,13,-1.4636281144095564,-0.8495464115066859
7399,3,-0.5572418274704449,0.04686458586009638
7400,14,0.061896500600949145,-0.6140648017681087
7401,9,-0.5486934377415901,-0.4140067786514969
7402,3,-0.9792582056739051,0.202978654799803
7403,3,0.5031642640889088,0.0635740225683992
7404,6,-0.3570946853500511,0.2769981275728243
7405,9,-0.8780700417370187,0.11411161307763568
7406,17,1.3824878577831254,-1.2397098521574828
7407,6,-2.2135145352194714,-0.8034351314973723
7408,3,0.3683661149729927,0.32918371443308364
7409,19,-1.377188050931246,1.2489167090141498
7410,10,0.35552145194937507,0.442824493509412
7411,7,-0.15213896165173085,0.26946333844957876
7412,2,-0.1330930508037497,0.35773543661761226
7413,12,2.3441294092269076,-0.8052339346944024
7414,2,-0.5704429465850377,-0.22421838247147105
7415,0,-1.959912632289884,-0.29156821712174924
7416,13,-0.808664942221383,-0.5529509302643467
7417,11,1.537096269225792,-0.1346854760677027
7418,0,-2.0005983675470778,1.8315770754293788
7419,10,-0.5337595594810186,1.3081553622700637
7420,3,1.1160505107531242,-0.33913000732959836
7421,12,1.1315097083090244,-1.168174575195931
7422,4,-0.31529314626517146,0.32129432185080786
7423,9,-1.2743151002601067,-0.25656097458121346
7424,5,0.6497421458077081,0.6997598221731962
7425,4,-0.7232858143561159,-0.15195507033971933
7426,5,0.31985710287989794,0.43943325275776274
7427,4,-1.6901657566457304,0.3611917258503386
7428,10,-0.42894052790753306,0.6361775440110551
7429,4,-1.1350626491476978,1.2862299562545194
7430,4,-0.5241832994033719,-0.5462362186367655
7431,7,0.7280552753198188,0.8892132133068562
7432,19,0.17654395118654656,0.7708267184219378
7433,0,-1.8138842649021865,0.6390836446438936
7434,9,-0.10094653672339556,-0.9328306799038261
7435,17,0.14551724037361122,-0.6319189363288358
7436,0,-1.5751996349472615,-0.22416821350609012
7437,14,-0.30261340230459716,-0.6747509622058538
7438,4,-1.9319020301457561,1.4719088040851145
7439,2,-0.5586204688551591,-0.34091076338133147
7440,11,0.4426295231531308,0.7180000731745757
7441,3,-0.7931439901249495,0.6149787149210855
7442,0,-1.1079824772171694,0.1037410449945547
7443,18,-0.29923290282201254,1.5691310006571095
7444,11,1.9168787329507215,1.3793938442432583
7445,9,-0.8884006966741484,-0.3453123374230977
7446,0,-1.4552572292644177,1.6482010041791924
7447,5,0.6791385581774833,0.9201562895155867
7448,12,0.3456237401306443,-0.11285746629167702
7449,10,-0.37264769002207004,0.8538198625887479
7450,2,-1.3157832423869704,-0.3124324670301112
7451,8,-0.32333669068405846,0.471105229608034
7452,9,-0.835303548301601,-0.46239296547696945
7453,11,0.5684336823284069,0.8810365294295397
7454,4,-2.0293170465238095,0.21363639760139347
7455,14,-0.12682223505142234,-0.6474453310432098
7456,5,0.3053703822742728,0.6945296947830285
7457,6,-0.7397180210519912,-1.5870880768500428
7458,4,0.015507580948285544,0.38576123108077803
7459,3,-0.11015057429745825,-0.3800591113946634
7460,0,-1.844938266998708,1.219728840437066
7461,16,-0.12894669922355032,0.18648087531050117
7462,12,0.8058321062504186,-0.6767581290885545
7463,3,-0.5317647684221518,0.7529676768735063
7464,0,-1.9265231578973812,1.0461873408005802
7465,14,0.7230801724591602,0.3845925092061288
7466,13,-0.6148758525303404,-1.4076612835895586
7467,2,-0.8899278089893892,-1.1112659237006306
7468,9,-0.24148606242416573,-1.432248466577065
7469,2,-0.007897746387366605,-0.0179401290057606
7470,11,0.9737514726917631,1.5442961416817542
7471,3,-0.09306641506757198,0.9801408783182625
7472,2,0.08451476051826481,-0.24304849731825098
7473,14,0.5387066342448031,-1.3589941401885142
7474,2,-0.8550834459768595,-0.2634696452655905
7475,15,0.02488119808537878,-0.9518259918922007
7476,14,-0.017688629567584185,-0.15037551575271416
7477,15,0.10088820775828167,-0.8079387848438154
7478,4,-1.4300149985619646,-0.09889184280816883
7479,5,0.44882781191401294,0.13907114203463541
7480,6,-1.3983200813170389,-1.1438382844387438
7481,4,-0.6803994553172732,0.018256831543777212
7482,4,-0.935638758580724,0.6071698258495158
7483,15,-0.12802769804568212,-0.38645208050443597
7484,1,1.8372180261911168,-0.4372038872823795
7485,0,-1.4954222833175916,1.2732780367056789
7486,6,-2.0516974289896073,-0.1366611534429632
7487,12,0.7307186470123366,-1.9823093661129922
7488,14,0.8496705985547364,-0.17918650201095754
7489,5,0.5246212379880152,0.5433186778090358
7490,12,0.4019355796729526,-1.193171967251879
7491,14,0.3447298939450856,-0.7058942855345276
7492,6,-1.7995466319274724,-0.6637238581195157
7493,13,0.010814493244819551,-1.7276573644898907
7494,13,-1.5323105800315966,-1.0630748102083347
7495,1,2.270923818046331,-0.304981766125135
7496,9,0.5047905762713887,-1.5639829864573647
7497,7,0.27220854292652,0.9753874645248448
7498,15,-0.8512977234414609,-0.05096032742618835
7499,5,-0.43878486947065903,0.81328878192865
7500,5,-0.06811922420847875,1.2300764742771275
7501,13,-0.18489833127975216,-1.1196379528969789
7502,14,0.617819211361749,-1.0986962613249003
7503,14,0.7985045742901554,0.18266174565180981
7504,12,1.161576306550054,-1.0728371646842731
7505,9,-0.27561814703857,-0.8161736309592541
7506,11,1.116499672640816,0.8002418574678998
7507,14,0.6236972158445415,-0.022938505511211835
7508,2,-0.10361344953993896,-0.18177506867905724
7509,8,1.9081888666361786,-0.019933204230193832
7510,5,0.6862784336751,0.8242092402875233
7511,5,-0.3494159589093956,0.04402294530102141
7512,15,0.0013354490401725945,-1.329027606066934
7513,7,0.15835444182004407,1.0091885818614077
7514,1,2.1254271776468903,-1.1488870441826924
7515,6,-0.9746233677190659,-0.5570284059606334
7516,4,-0.4880512287222933,-0.789976689058214
7517,6,-1.5890486838777718,-0.8657283108297203
7518,17,-0.34938945462982784,-0.5474106275582873
7519,4,-1.2436513727846747,-0.6134276146258882
7520,2,-0.28025259426252946,-0.17378781578096342
7521,10,-1.3103268596559585,1.2556289299027084
7522,13,-1.3314111509956914,-0.960860986695305
7523,10,-0.5894736129917283,0.4750972743745807
7524,14,1.0800945649500067,0.4539865698623975
7525,11,0.9188849510544512,1.3837683993468761
7526,12,0.677633895943653,-1.625823619082878
7527,18,-0.8663809499186411,1.3203264457786819
7528,4,5.151426491062263e-05,0.6572576287141062
7529,4,-1.9247191968553374,1.1528097573985014
7530,13,-1.3343812489281617,-1.0657363426291755
7531,13,-1.2561113031175666,-1.6526022364325015
7532,17,0.7004669332458291,-2.270080030239749
7533,15,-0.16957351534593643,-0.02635293781797793
7534,5,1.0094628642697612,0.46402708344132776
7535,5,0.6662464854368303,1.9690797887643943
7536,18,-1.1619689984031552,1.5460108714219016
7537,17,0.21053571947579755,-0.9289863153630833
7538,3,-0.018878635015935286,-0.9252133607971145
7539,11,1.7558073574737971,0.20111585546003063
7540,11,1.4628764832298586,0.8393093346504614
7541,4,-1.6500641264690878,0.7980598728999749
7542,9,-1.1188024248008068,-0.5281009558562639
7543,7,1.282321704767623,1.3831133602447372
7544,11,2.39923388778306,0.12535587225246125
7545,12,0.6173982569105116,-0.8091160518521713
7546,12,1.7234394194792335,-0.5430081856349582
7547,4,-0.9126552160865603,0.39240050015733835
7548,18,-0.11268845840933253,1.1124301796665852
7549,18,-0.4689441545732435,0.6906980802609309
7550,12,1.2932574443889178,-0.6878272455913139
7551,2,-1.1497120710094246,-0.29727349309285056
7552,2,0.01231005062616408,-0.024679008225539336
7553,13,-1.3703990694200512,-2.7969078076065452
7554,5,-0.6908272217701962,0.7177966359178902
7555,7,0.7296653531527496,1.3362132374595812
7556,8,1.1199491276466664,0.3473767865042916
7557,12,1.1829357353799852,-1.3969087186333071
7558,18,-0.26656550376421156,1.4140719927224445
7559,8,1.7661489802139387,0.6801960855422456
7560,9,-0.06605814467420566,-0.8529852787629562
7561,9,0.4475461305952418,-0.2309858938914647
7562,13,-0.7508935267639815,-1.1824060784025086
7563,0,-2.230236667165582,0.53018786420208
7564,0,-1.6545504074902213,0.762679630929573
7565,14,1.0097091683156145,-0.6390100321455724
7566,3,-0.47026448665981047,-0.8187812763208802
7567,1,0.4358507052589306,-0.9780663751609451
7568,2,-0.6966008462294854,-0.3184102554012238
7569,14,0.7124830328718469,0.77796625221034
7570,18,-0.366774675156703,1.3641513437874553
7571,0,-2.2069421521134207,0.45797030729894544
7572,13,-0.3035815651830093,-1.4483330761546456
7573,8,0.14454289319289707,0.42918675855643246
7574,1,1.287237445728765,-0.7243122270226964
7575,12,1.0980987251709926,-2.158760421576554
7576,16,1.6798781579970568,-1.332301005091274
7577,6,-1.6187821546060799,-1.2844224806932847
7578,6,-0.10402332549212359,-0.791605480710793
7579,18,-0.44744853681002644,1.0221928018701902
7580,2,-0.9053468790146312,-0.5436157313813992
7581,9,0.6308782066276801,-1.826311640519983
7582,14,0.04256970903779043,-0.24653097173612318
7583,18,-0.6356715300344992,1.356897462539486
7584,1,2.3361883992455024,-0.9258688314086173
7585,14,-0.4578851989191884,-0.3669033187931782
7586,0,-1.5520228475962559,0.6990921917696562
7587,14,-0.07592496441150844,-0.4363266358310956
7588,16,-0.6617655969884627,0.6312819735891514
7589,10,-0.663387358014973,0.4040413827740729
7590,2,-0.10674538093777551,-0.3205699598945448
7591,7,1.396048186493135,1.5074910105082004
7592,0,-0.654024122589568,0.1940686437214459
7593,13,-0.9254776273993375,-1.296828286966
7594,5,-0.5291534297412169,0.8487546733247142
7595,14,0.36163171400463073,-1.1522897594829546
7596,10,0.4191431866978968,1.6760232007904223
7597,15,-0.16642028331532208,0.08220192021225345
7598,17,0.07237640733370998,-0.5726487024236898
7599,17,1.8347590117769341,-0.11919152962904568
7600,0,-1.3521266742742404,0.6827704971109784
7601,13,-1.0531966406984707,-1.6042581339715152
7602,11,1.8158248270398047,2.0295705055347453
7603,4,-1.885927999170542,-0.6799814725451355
7604,18,0.5668462783136592,1.2853091102900234
7605,3,-0.7836230352327312,-0.2326244145690929
7606,15,0.999097433711603,-0.5160986524006452
7607,17,0.8688915416779237,0.12974010490517895
7608,4,-0.7924690371286514,0.1328242795219465
7609,9,-0.9995375085598502,-1.2479792798350082
7610,15,0.04370996851987052,0.37782782059417025
7611,0,-0.3176895733281809,0.3373984956898645
7612,6,-0.10074213808418063,-0.2935485449018429
7613,17,0.37954700203838704,0.1086570660784281
7614,12,1.428166189785337,-1.400325484436644
7615,13,-1.1762142967890206,-0.9174521377008119
7616,12,1.1731330206901807,-0.5125180856747081
7617,1,1.5039453578717847,-1.1586531720791902
7618,15,-0.48759036735307343,-0.25930687654762197
7619,4,-1.7818617795159533,0.507850957014871
7620,0,-2.161049893266115,0.031005271963703104
7621,9,-0.2719339351255436,-1.9574511040138864
7622,17,0.8637946984604294,-0.8568474404494508
7623,4,-0.8686178561895972,-1.0188424208780156
7624,0,-1.5593019075931966,0.6188865515233464
7625,16,0.3262805675253761,-1.6908803307792153
7626,12,0.16807865068432595,-0.6655469522350176
7627,14,-0.27461716001061653,-0.3229313138351303
7628,11,1.5803388171632462,0.5501119398695601
7629,10,-1.0631163144605194,0.9101141345315481
7630,11,1.9522652660548834,1.1512475544480143
7631,2,-0.4857506733394226,0.3519745846436075
7632,4,-1.4910567451008645,-0.09176568993293079
7633,10,-1.1141061678367905,0.9602324273198286
7634,15,-0.10291737680754028,0.05847737399401215
7635,5,0.5955811900008324,2.109777961537399
7636,12,1.4054045726690576,-1.3109698947767803
7637,14,1.041477138101025,-0.10822518111049909
7638,4,-0.9774393297458067,0.9508801827135376
7639,10,-0.7083506826987991,1.9564339938674251
7640,3,-0.41267576851716214,0.17301499997109604
7641,9,-0.26025814804938185,-0.8677884676476338
7642,1,1.351744251643831,-0.5719165494762459
7643,15,-0.17367586940650467,-1.1399410377054942
7644,10,0.6991770744243856,0.8678234276086905
7645,4,0.19025115959081806,-0.0815255551532468
7646,4,-0.6562249455439944,0.1730647662002243
7647,11,1.4855523413059832,-0.018108506551808127
7648,18,-0.3821824047153948,1.0246828971681705
7649,3,-0.5629955740677673,0.892379642128924
7650,14,0.6255358975114529,-0.5593413002433061
7651,14,0.35178600521427544,0.3922403157626725
7652,10,-0.9449937952315124,1.9403267869568197
7653,18,-1.538729355746341,1.730456566424027
7654,4,-0.18282435267016278,0.6703153245724408
7655,7,-0.0254976708609743,0.27553339776390584
7656,16,-1.3672994017854632,-0.8869068191964665
7657,9,0.12285035358663185,-0.13002868593039277
7658,2,0.034551278932902385,-0.0584169000159243
7659,0,-1.6921458955587663,0.3986454029521785
7660,13,-1.555486670005265,-1.3240112727663604
7661,18,-0.30461090503191884,0.5204067027552194
7662,10,-0.038607655358678994,1.5035189940514762
7663,2,-0.18541284324926693,0.8141220506061312
7664,15,0.49149722631545417,-1.2611754090760074
7665,4,-0.5787246001081164,-0.21271454942274187
7666,13,-0.5991888446161027,-1.1210441221779304
7667,13,-0.7966209159274016,-1.861353604931585
7668,10,-1.1561635974842612,0.6223480901005698
7669,6,-0.9016680296381916,-1.636745476374785
7670,17,0.04707382571088605,-0.9424167896934876
7671,8,-0.725663591648057,0.5158603262638817
7672,13,-0.6927220932475224,-1.2804055098187697
7673,6,-0.3214745269814252,-1.6596274854825899
7674,19,0.12992254644774673,2.617479480366697
7675,2,-0.3000165871174319,0.15257519606023026
7676,2,-0.28299860349877576,0.41743800587105767
7677,17,0.9153049654553834,-0.5870080813391141
7678,7,0.5353345384278263,0.7197804692405637
7679,2,0.4798297625292689,-0.46414112107833
7680,6,-0.4143681624110208,0.28889750786710683
7681,12,1.993392588371478,-1.1977581738380427
7682,1,1.82316404665069,-0.5129896414858808
7683,5,0.7917945842848437,0.927773974786583
7684,6,-0.14029118516444616,-1.5454004188457013
7685,15,-1.046630131563948,-0.358321674028469
7686,3,-1.3335651970911955,0.0949127623558842
7687,17,-0.28655055665191626,0.0032446124164403943
7688,0,-1.0600490310488715,0.8045423998309569
7689,15,-0.30559289559840996,0.19618231642766198
7690,19,-0.7004126775868725,0.21111974143290915
7691,6,-0.12485354331102917,0.04191266192140305
7692,12,1.146202427979973,-1.0067276067095672
7693,2,-1.5817516400926095,-0.3853840429011948
7694,8,1.7661424080637014,0.3118719004475808
7695,0,-1.9990980191501913,-0.14907987963588826
7696,0,-1.214650486407557,1.1199017954999864
7697,2,-0.9228567669955192,0.7044555719075771
7698,13,-1.3968467648592142,-1.437809510789434
7699,9,-0.20492130906317216,-0.3621628924863167
7700,0,-1.3831785317993277,-0.4602160314841173
7701,3,0.6284617801985559,1.336228814584554
7702,2,-0.5631982617556367,-0.5931905422470211
7703,0,-1.448403949727632,0.7941855573451548
7704,9,-0.7568825855117449,0.40704071316649576
7705,6,-0.15771466333176903,-0.6460658929686331
7706,16,-0.4578992051471876,-1.6109937692420826
7707,2,-0.07860184491929299,0.4264508756422833
7708,11,2.137783299039442,-0.2372921135259846
7709,2,-0.8524464322238928,0.5070546601742789
7710,9,0.1261179271995707,-1.0435743955944223
7711,1,1.3423474789293974,0.2317445257847452
7712,14,0.6682972120329117,-0.6970760191969155
7713,7,1.481360142896493,0.6059147995389024
7714,2,-1.1064170814146816,1.2593833124026033
7715,17,-0.09646794057825629,-0.6507455379626824
7716,6,-1.218511421835737,-0.9629133619349102
7717,7,2.006721537245396,0.29869680899494816
7718,13,-0.12555789297500103,-1.8795899558286038
7719,1,0.9073030668490206,-0.46097069739667734
7720,4,-1.0959867356309079,-0.02357251037711395
7721,8,0.6627250211071514,-0.6290765301823218
7722,5,-0.0028890678832018688,1.476151022932155
7723,9,-0.6794219486923563,-0.4490296450245184
7724,12,1.1627562118957,-0.7149754644166112
7725,15,-0.5980704789104596,-0.6154763522133672
7726,9,-1.0442372922069738,-0.752856955088634
7727,1,1.4468875171614934,0.25530275888076365
7728,1,2.1145184612072017,-2.377573840389078
7729,15,0.34112706517117314,-1.59873407638874
7730,15,0.34757582564097395,1.350286057380571
7731,9,-0.3381544283405007,-1.0513725716170208
7732,9,-0.6861622238390497,0.08749428095874207
7733,9,-0.2875414293008763,-0.7636432356980103
7734,15,-0.40223206647398607,-0.06200444726566285
7735,11,0.4035253674389438,1.607966324193741
7736,4,-1.7093514342006402,-0.3281410281111375
7737,2,0.28557812383146725,0.6352564718081384
7738,14,0.5867979919480011,0.4434235991613191
7739,14,0.5139413144276612,0.12006830219280636
7740,4,-1.5007197543994815,0.8509582277732743
7741,18,0.5051010408630147,1.4721537140821472
7742,1,0.7601510093313335,-1.0266856792287478
7743,18,-0.6293023324104169,0.9507659031221126
7744,10,0.10757229867648335,0.858417457049756
7745,18,-0.5683189455158255,1.1331127318066463
7746,15,0.05289322531275655,-0.2466524622821256
7747,18,0.07694550237196687,0.8093710344225896
7748,2,0.3638396687477729,-5.863850986088124e-05
7749,17,0.7097944200341858,-1.3590444675604572
7750,13,-1.6308051354624846,-1.5406096171056218
7751,2,0.583508389120515,0.01734726760365212
7752,14,-0.03366158999845961,-0.17690377756803313
7753,17,-0.32472228300703904,-1.4086856807666428
7754,3,0.07740332663634708,-0.42594232700608
7755,0,-1.8353086989253515,0.6762319853066738
7756,3,0.19674844240386233,1.2157088988329003
7757,18,-0.13442235680999978,1.091124397967674
7758,9,-0.3328776624612744,-0.12176519008820448
7759,5,1.3835448203637972,0.9657967524955684
7760,18,-0.0298185200371556,2.070394706452243
7761,3,0.47698028968603473,-1.6440023970072404
7762,19,1.5572098512427996,1.9360216795163434
7763,18,-0.35591941009561784,0.7750386225645363
7764,7,0.5100987061361908,-0.5449562667325473
7765,11,1.5862472102758174,2.535650168970873
7766,0,-2.042516490458391,1.0048048835152192
7767,11,1.1594917670939582,0.73468597915663
7768,11,1.103472330945854,2.080711258398953
7769,4,-0.16797996113786234,0.1057127013372638
7770,8,1.5939755023526838,-0.3264017604876171
7771,5,0.038657945253571,0.9165333415196563
7772,18,0.38239624815129103,1.5160163949804577
7773,6,-2.099952285629786,-0.19356253173745927
7774,2,-1.0448149034910306,1.3872902874706332
7775,0,-1.970224577173739,0.26870707615472256
7776,3,-0.728520915612882,1.1339358372386668
7777,2,0.23848636011574165,-0.33465717495850417
7778,19,-1.359670734411049,2.1056431591208327
7779,1,0.8564970300878378,-0.9628991639397574
7780,6,-0.38110914587752837,-0.100070558532696
7781,18,0.12132933684929989,1.4152828424176884
7782,9,-1.0956526479689277,-0.5439984349701873
7783,2,-0.6521650655380986,-0.37796361728624284
7784,1,1.0732136367312226,0.1827647012907189
7785,4,-1.0468099868837017,-0.19023662484496534
7786,10,0.3742592214454215,0.8367227484837729
7787,8,1.145788977114325,1.86242570375769
7788,10,-1.4209827469487417,0.4519047360960941
7789,10,-0.34012037578198334,0.6312241167602388
7790,6,0.23996568007026747,-1.1168870816617151
7791,6,-1.0523468716307234,0.9799423749481939
7792,14,0.048026506867867615,-0.064746444252116
7793,0,-2.0898825502377765,0.2538763087334694
7794,2,-0.8606638290697345,0.7069160055972192
7795,3,0.5567623371439365,-1.000204053476478
7796,17,-0.14534234094504328,-1.1877060255637861
7797,18,0.8131382614226988,1.1706746778518913
7798,8,1.3003674660547122,0.18453022276631909
7799,11,2.2781120326261335,0.7821807534064383
7800,3,-0.19394156080812797,-0.19455626439079451
7801,12,1.7735922667300097,-0.36488666819512167
7802,17,0.5892787867005091,-0.23535274308465487
7803,4,-1.3287494784734686,-0.1388045155342047
7804,3,0.08661601512820213,0.15007488295195048
7805,17,0.4840659559542794,-0.021614942499578557
7806,0,-1.7073039668629286,0.08453837436332018
7807,14,0.6391341381571479,-0.18928118807004152
7808,1,0.5035567018151363,-0.11606583050282446
7809,9,-1.254799533150609,-0.09225480858371995
7810,17,0.36751419381163736,-0.09130555377501899
7811,0,-1.1749345944282445,1.0101506647008196
7812,10,-0.42216112536563805,1.6278660289268632
7813,10,-0.08534106889225622,0.49386372314422855
7814,11,1.6005175973999413,0.8736180649064307
7815,17,0.4670328461391314,0.5233218637123594
7816,1,2.0906727155944775,-1.469399958910898
7817,14,1.0665529451793039,-0.7733999647609786
7818,12,0.6057234010875734,-0.4912797508830779
7819,14,1.29454986054198,0.4900623697861111
7820,2,-1.0018621407602202,-0.5797778731722336
7821,4,-2.2500690011636397,0.11316569588788693
7822,0,-1.5345387468363783,0.32173792065102585
7823,3,-1.119407396827363,-0.11824571492294247
7824,13,0.026801146433068634,-1.499376985744994
7825,9,-1.0856208873507114,-0.14072653958863518
7826,1,0.6343377923559382,-1.0713018549842963
7827,13,-0.8269925214867548,-1.149849897596415
7828,11,0.9338432936970246,0.7551674490698294
7829,5,1.0808721998855892,0.48883119540480985
7830,5,0.6251771097975564,0.12265411662911657
7831,18,-0.43344320845268974,1.292182000888812
7832,9,-0.08281629049458232,-0.743708136456302
7833,18,-0.5108761618287486,1.8031058024923592
7834,16,-1.7281449228837797,-0.445837261587152
7835,17,1.09359090271359,-0.7449984663797438
7836,0,-1.5142047745111646,-0.09285650527000465
7837,13,-0.8218386874866229,-1.1547114949108137
7838,15,0.3129092469247509,-1.7280215023984797
7839,10,-0.4338398811016984,1.5630322186212346
7840,17,-0.20578217546802352,-0.44552386812253286
7841,15,-0.9006407544637611,-0.5875468008219904
7842,19,-0.41000845076052284,0.3780390375709335
7843,18,-0.7543080500292514,0.9236220429815135
7844,5,0.9667421015321893,0.7706590158560823
7845,3,-0.019042414964809885,-0.7387194721211289
7846,13,-1.3762460680915523,-1.2389523249199592
7847,13,-1.655280586685505,-1.3404809904097243
7848,11,1.6677679762174396,0.6755396947584429
7849,8,1.6848723736947104,0.28695379473322785
7850,16,0.010644753397783131,-1.4158323316694883
7851,4,-0.46585677181386714,0.2838566270082767
7852,4,-0.8809252802431813,0.010915300825272353
7853,12,0.9492865617662094,-1.3882523228216763
7854,14,1.6105974549815232,-1.5639094568693617
7855,10,-0.884776225387639,1.4447059425637196
7856,15,0.06186050031519396,-0.4804694604110289
7857,5,0.8659143604025117,0.3537257191707885
7858,11,0.532371318844236,0.5888431655938976
7859,11,1.775058266273673,-0.16528150413437465
7860,7,1.2077423757382622,1.2993761294760693
7861,2,-1.0092068111132164,-0.35262419047620697
7862,5,-0.5156679565015032,2.4520248827328803
7863,5,0.004351162433294114,0.4941497108376753
7864,5,0.31157744897951145,0.5417011602528976
7865,16,1.4522153091256258,-1.4509182427364902
7866,4,-2.1468504183409522,-0.6081217875723751
7867,10,0.24007812048758992,2.2643994108033016
7868,5,0.04284977894735806,-0.036857627302665355
7869,15,0.11771006292206303,-1.2575345102821738
7870,8,1.4157600533753485,-0.28312798407219875
7871,14,0.3520703187189192,-1.0979436743287556
7872,1,0.8885486008259506,-0.7037622510838424
7873,4,-1.330322959692214,-1.4325906604957794
7874,19,0.17429293485107036,0.16018018725777536
7875,13,-1.5014151461397547,-1.7363478245203678
7876,11,1.6783033296772774,0.08114351465435869
7877,0,-2.5655918354508525,0.08066444174358417
7878,17,0.10721857389299702,-1.615905904842587
7879,15,-1.1458637489179677,-0.2602239063917341
7880,5,-0.2792123780708392,0.22570896960034365
7881,4,-1.1065925309590563,-0.6014083285552708
7882,18,-0.11163478292752081,1.8164350495504975
7883,4,-0.5957728187528005,-0.07857304524979272
7884,14,0.3259579493402082,-0.45424037302352926
7885,9,0.1758517226828025,-0.5664305903108335
7886,7,0.6501350586985648,-0.2720607228911775
7887,1,1.3764697512805995,0.01662479560507449
7888,14,0.32752254203535536,-0.004489891529320006
7889,3,0.5804983489348544,2.4090741280229634e-05
7890,9,-0.5135017628102012,-0.18385064676189214
7891,15,0.8907477228436278,0.003728088911412556
7892,4,-0.6708677985298694,0.05530353442391947
7893,18,0.6539409543683804,1.9739504605659257
7894,18,-0.4568755191988028,1.4504838093364811
7895,11,2.259217520142667,1.5064902561924494
7896,1,0.9216044638497298,-0.7115020942773074
7897,1,1.0493905029976434,-1.0548017710930313
7898,17,0.1789986235156403,-0.2519242899210062
7899,9,-0.48067611875694555,0.873447249669764
7900,0,-1.208249139333511,0.727410445787349
7901,15,0.49903906506864776,-1.6939589753396336
7902,10,0.11192165790062511,0.31669003681437596
7903,7,1.3406584058985613,-0.45814218722168887
7904,14,0.19652085330752664,-1.2049583195990858
7905,17,0.6254509720891065,-0.6699487177291777
7906,0,-2.4042835627338675,0.45188138790942817
7907,0,-1.567104146884279,0.6292745872432375
7908,11,1.4406581541755357,1.1931868841815203
7909,8,2.281579612347041,0.29393343870927796
7910,14,1.4943215343900182,-0.994572817860105
7911,14,0.7031805757073629,-0.34794067150832775
7912,3,-0.4453675837964271,-0.12566211972610802
7913,5,1.3399645688756392,0.582094948757872
7914,14,0.5334718064390355,-1.6811438450450502
7915,1,1.592811413278776,-1.6212521415639207
7916,15,-0.16474643809984849,0.38551729448820937
7917,9,-1.5554177618408,-0.4499267553337758
7918,0,-2.265884893911502,1.4652297175509261
7919,4,-0.8678973309160599,-0.11753711834010212
7920,7,0.6583348963946696,0.8627633068182017
7921,6,-0.26942164871041424,-1.1794956521865037
7922,18,-1.1990787142718415,2.1410747991524857
7923,12,1.5039553641240715,-0.18991822042440934
7924,2,-0.22091853390633065,1.2999656419320014
7925,18,-0.6029318561155579,1.7953026094193065
7926,15,0.7418852116930075,-0.11584376662077127
7927,14,0.5936350365214142,-0.058763248918971084
7928,16,-0.8095200157447812,-1.3645126130192027
7929,3,0.14130394900916965,-0.20377472825558712
7930,3,0.9421225921998888,-0.5049918152602743
7931,13,-1.2740113689704498,-2.3365235452014135
7932,17,0.6149107949214652,-1.5449628997686156
7933,17,0.9544093045460496,-0.667995963257739
7934,0,-2.2496564988073917,-0.2714620542501814
7935,5,-0.7788826675100569,1.377046294874933
7936,3,-0.33868925086854995,0.13594887243661688
7937,6,-0.7928491487987595,-0.8850628597978073
7938,7,1.107921878638085,-0.0936219464390873
7939,13,-0.7628668930911873,-0.9782870495374516
7940,12,1.7863577767442829,-0.4578942427882599
7941,14,0.7523717175983444,-0.04272703244308411
7942,2,0.5371716046525383,0.2713535714600152
7943,3,-0.3852027610864995,0.17306144910152205
7944,13,-0.7527409424493722,-1.913708832777814
7945,12,2.56300368323018,-1.5269486792538465
7946,14,-0.0987786751029009,-1.0365534444035691
7947,9,-0.8729017994790867,-1.0811103765922843
7948,1,0.7836503921281782,-1.161515941173612
7949,0,-1.1057247423209258,1.3655181356960413
7950,11,1.6475339509052573,1.1933492036555033
7951,4,-1.2136553634724367,0.24226497473030603
7952,2,-0.3434650144856578,-0.7413873076153749
7953,7,1.54507947680058,1.2910619612614938
7954,10,0.19696748075730627,1.1603229536080173
7955,7,0.7696557614474872,1.6713916237580764
7956,8,1.4324998129126958,0.8428600124798484
7957,7,0.6804400846027758,0.14112315220128266
7958,11,0.5752132908789376,2.037833466323268
7959,2,0.03201766675942654,0.47369106008198547
7960,2,0.024404992823414545,1.1779769104419773
7961,15,0.5428087898497704,-0.8832724118558646
7962,12,0.12790103397288918,-0.2670034500717683
7963,4,-0.9335975956001905,-0.37584087147776873
7964,7,1.4265947761246056,1.6787508103333546
7965,5,-0.8399563941663325,1.8235759228121342
7966,9,-1.094824817937866,0.21363405849926603
7967,19,1.143087808588793,-1.0535699311680802
7968,9,-0.37518188935192487,-1.2711038730796782
7969,16,0.7935590013197272,-0.2545623211971495
7970,13,-0.16652084043024,-2.4580616491883
7971,7,0.9035486827585024,1.393532460941748
7972,13,-1.3737959434374747,-2.0070256980406223
7973,4,-0.9603786886716897,-0.2236795812232053
7974,19,0.9889361742476782,-1.1238493187168233
7975,17,0.07117036024966514,-1.1164074103342558
7976,12,1.586877136557977,-1.7050234661018728
7977,0,-1.8941301457122712,2.0659739170587588
7978,15,-0.5714134727574002,-0.06647177134645725
7979,3,-0.621116353493523,-0.32877163498640977
7980,3,0.7124584221498285,0.07811603140853782
7981,3,0.8652780163598116,0.1585316658654941
7982,4,-0.5356740973359355,0.949272811640597
7983,5,0.5506294725006851,0.48005288180871153
7984,5,0.6905010766423699,0.9698283413260734
7985,1,0.9707515085764565,-0.2604219304571601
7986,3,-0.49692445944780456,-0.7744732016241572
7987,14,0.6227374992515242,-0.49595874954952035
7988,3,0.19947448931329595,0.9807634258679587
7989,15,0.7539476693573769,0.5068370343882675
7990,13,-1.0488421939771906,-1.6165818152361877
7991,4,-1.2189720884274156,-0.16143463984953602
7992,10,-0.6589893643564432,0.6917181117853082
7993,11,1.4914171413125126,-0.1961995709221477
7994,7,0.7580144251939251,0.5771376576079725
7995,4,-1.1621149309035812,-1.2510082559549487
7996,8,0.6984217172783699,0.42254300464836475
7997,16,1.1789676057236416,-1.5290774748121887
7998,18,-0.0725419826466957,0.7647496623064437
7999,14,-0.4476930085349197,0.24069679291276433
8000,11,2.021938732970922,1.5266588250366036
8001,4,-1.4623061587966653,0.050155025677151216
8002,17,1.3963614663309083,0.09056395047151111
8003,4,-1.0236587710222267,0.42723004887016386
8004,7,0.8001188006543797,0.949700885152499
8005,3,1.366716200416299,0.3930283913953034
8006,4,-0.9986056720459054,-0.1675146744212107
8007,2,-0.5360270519945739,-0.8990039075213554
8008,17,0.44894011957450436,0.30708935558876105
8009,7,0.44142062747827465,1.7769059802796134
8010,3,-0.7793019352012026,-0.8280252876994213
8011,10,0.37837480359247727,0.8645660950269906
8012,4,-1.8600437823830143,0.4815458833175823
8013,18,-0.2214479962746998,1.4461917350183795
8014,11,0.5666633531197741,0.38494205329174835
8015,2,-1.737505063717377,1.0756487295266988
8016,4,-1.4025133785483377,0.7139879639999446
8017,14,0.7326850201678464,-0.2211809011638465
8018,17,-0.355079145950947,-0.5200443271457953
8019,3,-0.6605019289002511,0.08011282966590215
8020,4,-1.3537257395775344,1.0963853235116516
8021,13,-0.3931775027552524,-1.1165427529825007
8022,5,0.9506486787979549,0.034272761788258034
8023,1,1.6057378055349656,-0.07859394216564602
8024,3,0.037633231378189774,0.017558414294111216
8025,16,0.9266757135466221,-0.7456105247573058
8026,17,0.5184950548385129,-1.3221026948349592
8027,5,1.084531054321022,-0.1788111320452464
8028,19,0.06963755623832145,-0.8606637360787904
8029,15,0.909804469905139,-0.5682098448280682
8030,9,-1.2062981285002343,0.03223486802583298
8031,1,1.7883055894855953,-0.6004860994093968
8032,10,0.7413950143260861,1.0752814097609642
8033,2,-1.1634388398310302,-0.18572067963277653
8034,12,0.43671294072881567,-1.1227112497841085
8035,0,-1.9429155689997966,0.20126837238539846
8036,7,0.9429917963642924,-0.5321313780949891
8037,12,0.38073784741733957,-1.4296244568041336
8038,8,0.18857145036524395,0.016052469971216742
8039,15,-0.12978895927612505,-0.8107126153309546
8040,17,0.1748973659865953,-1.462579435297312
8041,8,0.831497106034122,0.4543671680002802
8042,9,0.07095923893612352,-0.782949561089697
8043,3,0.11742837881948275,-0.5143693731330861
8044,0,-2.5915385468230205,0.05925917049944346
8045,6,0.08269664022857634,-0.9938742717239707
8046,17,1.1462361310443248,-0.045251323373823475
8047,3,-0.7339576183295028,-0.7333475166352398
8048,14,0.12840997212204672,-0.3452640896143107
8049,12,1.3635571318215218,-0.8413347194164928
8050,17,1.3902550651070207,-0.15085417325677353
8051,4,-0.7882784978687442,0.5799842677996635
8052,17,-0.07155015534201063,-1.1911171229882673
8053,19,-0.8811239775584837,0.7969812568959314
8054,6,-0.21936987511244863,-1.3849277656390209
8055,15,0.82211552959892,-1.4049029419928147
8056,10,0.22222595882157523,0.4277633926707573
8057,11,1.2518626992351238,0.4660164434004435
8058,6,-0.3516235263816132,0.07132300004159828
8059,10,0.903759608359976,2.6498085628843584
8060,1,1.0455418218883687,-0.8417469547672264
8061,5,1.174837913445594,1.4809607066055437
8062,17,1.0057020404903727,-0.44720330585999335
8063,15,0.32025698560726285,-0.39915447835834067
8064,16,-0.9916182068204368,-0.9472070082541739
8065,1,1.5851336594719379,-1.9908806533847767
8066,12,1.7287577856173935,-1.1555741810681845
8067,11,1.170263232068508,2.934869619873442
8068,5,0.5088350963027705,0.8929700450434611
8069,13,-1.4113602411543769,-2.3545908102527338
8070,12,0.9946175606693533,0.0024860595349829972
8071,12,0.9951919910264762,-1.3305264097629372
8072,18,-0.09855922802965623,1.8017171353746473
8073,4,-0.4305643152745601,0.4951904105655652
8074,18,-0.661203587362699,1.7472445597024309
8075,7,1.5349961220194122,0.3213534035305311
8076,16,0.8101961732988262,-1.9915861010727223
8077,6,-0.9217163047296744,0.1265014544571853
8078,6,0.19008287656354314,-1.0857413761507093
8079,4,-1.2863126172327435,0.6434072926937479
8080,17,2.3865865001390656,-0.5889672510221007
8081,6,-0.1681546875546789,0.2412768900505583
8082,3,-0.5502505763724874,0.08389555892603046
8083,12,0.9359442467032417,-0.5575580867361718
8084,12,1.6766819245603606,-0.5667450609541407
8085,7,2.1026167840218704,0.6973961781185488
8086,13,-1.3326957873290062,-2.058560780958864
8087,17,0.2799415921275616,0.08131094817842333
8088,13,-1.0419165783402242,-1.371136752715633
8089,10,-0.6538493163797627,1.4147706377214735
8090,11,2.0948325135980363,0.1084944861165874
8091,7,0.035478925636334556,-0.08837411933344433
8092,18,-0.1891456798975226,1.7053611249815257
8093,17,0.5925718305675123,-1.1026536634973163
8094,9,0.0812952297195064,-2.043324071589403
8095,0,-1.3544547945202674,1.2910687293344651
8096,9,-0.9928520747515311,0.293239980973612
8097,12,1.0046273852621648,-0.3694968963806232
8098,16,1.2503983902768838,-0.2275588523995792
8099,4,-0.7352365065290102,1.3256851974091188
8100,18,0.2068521778077577,1.2944390137616535
8101,12,1.029394971441045,-0.5116354835530548
8102,1,1.115095442818183,-0.3739864318981146
8103,7,0.472157574098613,0.8620338046027712
8104,14,1.0374081179523078,-0.04382442034359425
8105,5,0.3100155644694142,1.1393536401558413
8106,15,0.42624050210802483,-1.3252922264423077
8107,13,-1.5203325896191708,-1.893250747001623
8108,0,-1.5591171194915723,0.0842825619611441
8109,0,-0.7152350934916245,0.6298355863784467
8110,10,-0.8092566567055975,1.4512116786423335
8111,15,-0.12423412827185794,0.05408296031225094
8112,9,-0.6339771969927472,0.34471526714896866
8113,2,0.08809024884607611,0.4187569207922541
8114,2,-0.5473317243746882,1.7285375280309756
8115,12,0.6546467737306347,-1.4305178406716383
8116,18,-0.7650540424536542,0.8987532620557854
8117,8,2.220972944791919,1.734208018336681
8118,14,0.6302030895756852,0.9545927347234529
8119,6,0.5601185292162536,-0.4280207707485162
8120,17,0.8460152439716753,-0.3577977472725388
8121,17,1.0146564994270344,-0.2685430140726912
8122,9,-0.17035144672645625,-1.0411090495154207
8123,4,-1.347994988476673,-0.3108476940675219
8124,3,-0.4680141762283438,-0.6216928703165453
8125,1,1.3166658955207553,-2.2015391351848237
8126,14,1.2040575000264913,-0.32920690703918687
8127,17,0.07750060050509794,-1.841732612337461
8128,3,0.12813419882005314,0.66016483994615
8129,2,-0.11624512486384316,1.3909275933263583
8130,16,-1.7417750160555892,-0.2387376260668117
8131,14,-0.13656954627165777,0.21180323985934843
8132,7,0.4181419360978757,-0.09535310954972133
8133,12,1.7328387304747033,-1.4021446315469666
8134,15,0.2519018141277913,-0.6617481241812473
8135,18,-0.16473560127249542,1.4480356970054362
8136,17,1.5170730765656673,-0.6170968001664319
8137,3,-0.37958238656654764,-0.7744722875474239
8138,17,0.6078796806711921,-0.5264401932339715
8139,5,1.1520589550620004,0.3996308060509046
8140,10,0.25637612951305605,0.18988289152068344
8141,1,1.1948715163518246,-0.7910392511059965
8142,10,0.13117286190992025,0.4079474203342119
8143,13,-0.7491179117182664,-1.6321506627720752
8144,19,0.3540357955447865,0.5823536276537121
8145,5,1.9338762481689324,0.7327483778596958
8146,2,-1.2808944106492917,1.0621050071619849
8147,15,0.5223487982794108,-0.8860771569363978
8148,0,-1.520073631222779,0.2594858629409018
8149,9,-1.8712237157673108,-1.328442812715151
8150,5,0.2406681968162595,1.0524039946994819
8151,1,1.6376080137908426,-0.2710465194729082
8152,15,0.9259764420787764,-0.14740087203663457
8153,1,2.0745240865008983,-0.9123377260426332
8154,0,-1.9395547044164951,0.9942191131184
8155,6,-0.6661604455622,0.31754161470315423
8156,7,1.0639174026771543,1.7083969590493424
8157,3,-0.39070785647446654,-0.18916906522863833
8158,18,-0.7055995325707725,1.2302805431587864
8159,5,0.2041695065395912,0.6730041429505946
8160,18,-1.027217018211786,2.3527839259231755
8161,10,-0.4768271160008538,0.8584795706001062
8162,9,-1.1814783771957742,-1.1862846459156031
8163,4,-0.49893599716929277,0.2417291668166343
8164,9,-0.5732622997916951,0.264893643949132
8165,3,0.35657729874962185,2.055384622972328
8166,14,1.181295190734055,0.8966559569673979
8167,1,1.0578938300233942,-2.2233132841750485
8168,19,0.6577623831083761,-0.5543320086867168
8169,17,0.22550447994293002,-0.4444186385749365
8170,6,-1.8850113210616308,-0.14983709489867317
8171,12,1.9409320585495997,-0.952722843305924
8172,2,-0.2809400509109484,0.22238098144583326
8173,16,-0.6448615802230334,0.11188302150142806
8174,9,-0.6725325668689773,0.25138857516751745
8175,7,1.103272030061539,0.7392371718018168
8176,11,1.186152419612896,1.5745153001564576
8177,4,-1.9714327077393592,-0.044905979893707426
8178,12,0.17877451813778686,-1.6887404436189783
8179,9,-1.0503854385984963,-0.8341024506597686
8180,15,-0.49811580717391163,-0.5304240458565836
8181,2,-0.40893562446193593,0.8199419854909714
8182,0,-1.9004149828093682,-0.31871994128812003
8183,18,-0.6860835291192054,0.29948559314300915
8184,7,0.5162868385572699,-0.39089793289568536
8185,2,-0.29738639837043385,1.3061580051532748
8186,2,-0.9496371898490632,0.5066907407664949
8187,13,-1.3223246450755775,-0.7694085193013565
8188,16,-1.4053855683150052,-0.7862787087724131
8189,11,1.5730873500428415,1.8414221174523957
8190,7,1.3616641546271009,0.8778704107828402
8191,9,-0.7406168601625204,-0.45870532535977454
8192,6,-0.44981315220712464,-0.6691042581385237
8193,15,0.3160743954597452,-1.47322772424187
8194,4,-2.2645619850530374,0.8801897352065077
8195,6,0.3444708624855107,-0.5524218114120073
8196,4,-1.218013991405288,0.8518477886362553
8197,10,-0.5799673325445746,0.684066624945837
8198,10,0.18012204487794328,1.1027440338742713
8199,5,0.779890929665203,0.6353309355285214
8200,4,-1.1529757975859203,-1.006002989482204
8201,14,0.6495603513612944,-0.06958743108194723
8202,13,0.29211690244693783,-2.701405135954969
8203,8,0.7096255289912525,-0.09555597164164913
8204,18,-0.24585090641860788,1.2713975922942562
8205,5,0.758662624718607,0.1864661200565359
8206,6,-2.252646789731806,-1.101811885801114
8207,19,-0.3729128805513594,0.9579809601178525
8208,1,0.6438195073451516,-1.3191581128496734
8209,17,0.5347913189954601,-0.7777902554189132
8210,0,-1.634813730890532,0.7778449201127863
8211,2,0.4635173335431134,0.8191542205562691
8212,12,0.34133979211789617,-1.4468367767862513
8213,2,-0.8149238927872776,-0.19004396891451675
8214,6,-0.7707872857153439,0.3476587922749716
8215,15,-0.22903736780489914,1.3371049027290631
8216,18,-0.9564886054490063,2.0201902494979906
8217,19,0.1761522679056091,1.4981793691036571
8218,13,0.030346199114191362,-1.4515747150348413
8219,2,0.0013747876230369982,0.1727300878388989
8220,4,-0.6281481918155082,-0.18577585901934404
8221,15,0.5014660337677779,-0.6669745412173761
8222,0,-0.7691174289222641,0.8189858240295284
8223,13,-0.8488799479116371,-1.522998800472004
8224,12,0.13783489335389762,-1.5486487874921364
8225,1,1.1297510954131191,0.00595828622226709
8226,10,0.7475170560243107,1.4462799325096967
8227,12,1.5485633357499182,-0.5105868248649408
8228,9,-0.48756628076315606,-0.4498784224551783
8229,0,-1.5193463776252956,1.1691812594582096
8230,16,-0.3002576144400323,-0.8079164571663329
8231,17,0.13340922761918675,-0.39311403711836174
8232,4,-0.6074990032811538,-0.7421762219427375
8233,13,-1.4351010456386661,-1.997241037680607
8234,6,-0.9089189974356373,0.16941111814931284
8235,4,-1.6883600065633193,0.6599728238672552
8236,17,0.4632868682786168,0.23519230194684226
8237,13,-1.0701462021995538,-2.495175248687977
8238,11,1.1294655955456003,1.3146141909401525
8239,3,-0.001855370665965093,-0.3744110586328274
8240,15,0.4581901853093641,-0.07122026582455059
8241,12,1.065964142955558,-1.7267486994731378
8242,15,0.40268849576868365,0.5707234512438015
8243,7,0.6764205965312962,0.7585155936871731
8244,14,1.6879966548581624,0.08447737022310785
8245,1,1.6401171276288735,-0.37424605652822784
8246,12,0.5667720057790805,-0.7833976970144139
8247,18,-0.31346039438855455,0.7488962780036679
8248,11,1.7245611735065232,0.46477302877695686
8249,15,0.9811819321435966,-0.4985900462326763
8250,2,-1.6567274289353588,1.2177786338218395
8251,10,-0.35806023629089995,1.3127250388354468
8252,15,0.5656420596718394,-1.0367359707086485
8253,10,-0.2330767726255268,1.4469245664376014
8254,17,-0.4350563771177903,-1.6822028304303556
8255,4,-0.19044521861621355,-0.18379944420223576
8256,4,-0.7096408929986,0.17253478244968515
8257,19,0.2757004586733024,0.47172065334407376
8258,3,0.09665237089036507,1.0074851755170453
8259,14,1.3300210622173754,0.03327515768869189
8260,8,1.6082489050579805,0.9345879285199705
8261,5,1.2177186055088498,2.3674100252229526
8262,14,-0.1834373203338852,-0.12256110839783907
8263,7,0.10833161054988902,0.5155805627811332
8264,12,0.3803123007238122,-0.920937130606287
8265,3,-0.8783808038982619,0.06989962613541974
8266,15,-0.05770731397345109,-0.13633357572290858
8267,13,-0.2314602790379076,-0.8724783218610418
8268,8,0.8997171601593057,0.8550756833406714
8269,7,1.5278137422823206,-0.5919562072512466
8270,5,0.9421544489501061,1.4961719194754437
8271,4,-1.8530361673901852,1.3793348762328521
8272,1,0.9207334114367736,-2.904771081625727
8273,11,0.7840224297624584,1.6201660983157933
8274,13,-0.8951268302263775,-1.292346177011287
8275,12,0.825319227962038,-0.5468659017701235
8276,18,0.7815946374798178,1.8535726056157777
8277,12,0.6988615822555628,-0.7437396821400731
8278,3,-0.5282270588962483,-0.2948781972631147
8279,1,-0.003833862509913281,-1.060738290948047
8280,14,0.7258476317078324,-1.50641204078907
8281,18,-0.3305918184470193,2.6234803561604414
8282,9,-0.7252778706382995,-0.7211978207084556
8283,11,0.359664208913338,1.6882363743669777
8284,10,-0.6556972360716602,1.5878213217213868
8285,4,-0.9714602425690088,0.49563343389018943
8286,5,0.190197628521344,1.1214775896622649
8287,15,0.12443648056516259,-1.4565200642811846
8288,13,-1.8583784625947468,-0.727617485291577
8289,2,-0.5973272438968468,-0.1494549255916111
8290,8,1.9910842415545011,0.6360976660358568
8291,6,-2.03091788604864,-1.4054788647305672
8292,9,-1.174272429316885,0.41366232302799016
8293,0,-1.743284185892924,0.16850755581853402
8294,15,-0.07182000230075028,-0.12446773699631647
8295,13,-0.4470684674619095,-1.1873637182415548
8296,19,0.19948303342066434,0.9154036191970113
8297,18,-0.3486121468504206,2.324467363227464
8298,3,0.659554576556615,0.3329825436931626
8299,2,-0.538164789142688,-0.6253107052112805
8300,14,0.5531254613297754,-0.1276521642241516
8301,14,0.5854538952239903,-0.6837380504680322
8302,4,-0.2810024770362013,-0.029991500226935093
8303,7,0.9517002200522697,0.3747818266730053
8304,17,1.054129908567329,-0.6502777158440011
8305,5,0.5361950050475589,0.5006825244522723
8306,2,-1.8918074042527424,0.1470178104042305
8307,2,0.2974404874849246,0.5420291455421594
8308,12,1.0292711815135263,-0.9839922252070576
8309,7,0.3238136137130938,1.0049952913352378
8310,6,0.05026803769371632,-1.0030676142953094
8311,4,-1.2324699424777732,-0.5151396136239158
8312,4,-1.4384900309854336,0.34577955059283544
8313,11,0.8334135736564037,0.8819794535675822
8314,19,0.1041412705479438,-0.5194131814588707
8315,18,-0.6059382401791833,0.6072535773842535
8316,11,1.5159608155363953,2.665470443123204
8317,16,0.06073737485627438,-0.621507957545529
8318,11,1.6228588140919857,0.4947974006178522
8319,13,-0.9195581460773954,-1.741660694434087
8320,15,0.9048973825749196,-0.2733425334428
8321,0,-1.8616799523483738,0.4167633873321162
8322,18,-0.3015087415491339,1.2164168484895788
8323,4,-1.801939382081812,0.39106811543926456
8324,1,1.463576467572471,0.1780074912028893
8325,18,-0.8061355896217753,1.8165790827070492
8326,5,0.36460322827090824,0.990657869192472
8327,11,1.3698179152358727,0.3995454071394115
8328,14,1.4274954198846417,-0.767875788186217
8329,4,-0.6608999945565815,-0.4992029900143083
8330,17,0.5144888695185874,-1.1928046571548248
8331,9,-1.6528310066063856,-1.15262478250038
8332,12,1.5249431935855342,-0.9523073262867683
8333,17,-0.027331483470149,-0.9864304167591718
8334,14,-0.07336715472616966,-1.5789286815909709
8335,10,-0.6143970105118319,0.4547784113653421
8336,5,0.5788056520909096,-0.04327087307290395
8337,0,-1.7781272740367482,-0.04495803861235312
8338,1,1.9361726213964074,-2.294520074429969
8339,6,-0.45539943051453186,-0.005363339564526321
8340,8,-0.10967922520027364,1.2616654754758991
8341,8,-0.19057796010605424,0.9165047879106495
8342,7,0.859550204332056,1.9168089556404952
8343,4,-1.9368828363084634,-0.8733657918727535
8344,13,-0.8483947875588027,-2.031919508944057
8345,18,-1.1721577558661809,2.272494734104585
8346,15,-0.37349675349879347,-0.6649081600469349
8347,1,1.416435853398136,-0.7103857788475347
8348,14,0.35619857713156317,-0.28833459792004146
8349,4,-1.5838890903419343,0.8235849413434141
8350,0,-0.7864306220849313,0.41829111374812045
8351,19,-0.20825882760905698,0.8357016461775142
8352,3,-1.1003466376945126,0.4093537214682614
8353,13,-0.8273322632036381,-1.3194583876854569
8354,3,-0.09266340697359969,1.6156411120847076
8355,9,-0.9195337328579736,-0.07691613094034676
8356,6,-1.7198552808529708,0.028070396924079043
8357,5,-0.4922694736126884,-0.062336975080416426
8358,4,-0.8035094273685345,0.01954741632172529
8359,10,-1.3006107298034046,2.0370339001888627
8360,4,-1.9447083316170837,1.0393946635706561
8361,6,-0.5306316360557034,-0.9884263919282886
8362,13,-1.5576884926254744,-2.2068414926130724
8363,4,-0.5234270255057012,-0.4940120038513985
8364,12,-0.002832445348857655,-1.5797612050081629
8365,17,1.381339317635877,0.01885810404708098
8366,9,-0.9719268692102702,-0.48348151497312936
8367,17,0.4138698529634525,-1.978012273800937
8368,2,0.1975899449903923,-0.11768072569379835
8369,18,-0.11102531072461028,2.385312017717388
8370,4,-1.4326656492846352,-0.487199145051825
8371,3,-0.5896314298083907,-1.2600367637212038
8372,0,-1.0630536044275138,0.12894863509342525
8373,19,0.866152226236325,0.07738246352386519
8374,2,-0.20430186002508394,0.5654704249148782
8375,18,-0.7169578977608625,1.8548583625842425
8376,15,-1.2255257294867024,-0.1881076033817733
8377,18,-0.6228815518591201,1.3056670506316355
8378,12,0.40821654042092387,-1.1388832001319613
8379,2,-1.1346358874147433,0.1291317589752359
8380,3,-0.2105372831232148,-0.16992450825245972
8381,4,-1.1128258871571384,0.5421352919121967
8382,6,-0.6834583887863668,0.6958713136094842
8383,11,0.4276527682154269,0.9495696343351401
8384,5,0.9379879170284466,0.7992203086815101
8385,9,-0.6790951857590641,-0.7626539139863687
8386,2,0.6303385178248426,0.2617291097130635
8387,18,0.26812461243188784,1.7827018812325512
8388,13,-0.3090850779285407,-1.6295980297606845
8389,4,-1.7498873154472652,0.5013269567225123
8390,12,0.8308445431027962,-0.5553171164414583
8391,4,-0.38861417505798884,0.5468489996110008
8392,10,-0.45362905028398054,3.086638425901425
8393,12,0.18167555936387977,-2.160027380081323
8394,2,0.1660688741359553,-0.03725244501493553
8395,6,-1.3844895192839306,-0.27207030424421075
8396,5,1.0043443034357913,0.6013654249336031
8397,14,1.207039269957057,-0.5537316910397239
8398,11,0.9208178749855944,2.540852189870211
8399,18,0.5656905748372871,1.3523594907578949
8400,1,0.2884960207603346,-1.5580796929185445
8401,16,0.4522159406608639,-0.44850889069789657
8402,1,1.7685553540716958,-0.5043468470718545
8403,11,2.0114399675666634,0.2654666771101965
8404,1,0.6802651512004809,-0.6396932923088713
8405,13,-2.07720916373667,-0.7466734559940561
8406,19,0.31474724031983486,-0.24725375558840873
8407,14,1.3276355301212428,-0.575722282470622
8408,19,0.6450463407806882,-0.7415350857836435
8409,5,0.7091114872145081,0.27992119899190354
8410,8,1.9880956224723165,1.1954910773861924
8411,16,1.4450810534340404,-1.2343602617969416
8412,0,-1.648434216479202,-0.2975428235997208
8413,0,-1.9212690067112514,0.30519837988109755
8414,8,1.7524360023252132,0.6808483640072435
8415,5,0.8916005028575955,0.6411844760158751
8416,19,-0.5008692156115555,1.8197932694267798
8417,10,-1.4179577624074209,1.532904107296754
8418,0,-1.2520501002171962,1.146878445548175
8419,12,0.8024583755503734,-1.811129344260941
8420,5,0.9063358429786157,1.5784700460309526
8421,14,0.8050558955631897,-1.346810765784735
8422,7,1.0020045586265454,-0.0030042777160972987
8423,4,-0.41127812746785414,0.029381698280306887
8424,3,1.217412098609667,-0.013672234816322472
8425,5,1.1164182184579206,-0.08751837906451314
8426,5,0.8882193371685578,0.0932125283315471
8427,11,2.1233579239286495,0.04496359165151763
8428,9,0.3799365460860559,-1.1733987731767463
8429,13,-0.7328538606316601,-0.6807066520821268
8430,12,1.5592129403852617,-1.5970656057177537
8431,3,-0.07971448887108148,-0.22819293700963156
8432,11,1.3380095806091918,0.5932413080762877
8433,4,-0.8111243923135424,0.7325846391615762
8434,6,-0.8741219444984771,-0.7228607038808791
8435,9,-0.7464871828175884,-0.17830095170624516
8436,18,-0.20324221374015228,2.431710089750308
8437,18,-0.2606594699987937,1.5441382342267
8438,13,-0.2810824597273279,-1.804556090174254
8439,6,0.04327301039417303,-0.2625342835072777
8440,9,-0.1583958871764112,-0.2847981310960705
8441,3,-1.0671605488359002,1.3344168900277584
8442,17,0.7539739621141428,-1.3966218463892042
8443,9,-0.747521197689607,-0.7882539226035349
8444,0,-1.4192150912008163,1.0843925724346068
8445,18,-0.11399586378205365,2.568339942340546
8446,12,0.9721794294557176,-0.380333336359483
8447,6,-0.008390005555898233,-1.291958674206693
8448,6,-1.288259030132632,-0.6506267568693984
8449,1,2.019334178981135,-1.7808988824470495
8450,0,-2.5345675493303412,0.10023891322810402
8451,7,1.844040381104915,0.8378949758423788
8452,14,1.0776590190031263,-0.5638928385493949
8453,13,-0.4651991556202175,-2.4685173855057143
8454,13,-1.5630492183944793,-0.841544261239968
8455,9,-0.2492417274819409,-0.3133102474538196
8456,18,1.0103219439604347,1.837087989375073
8457,0,-2.461183221795206,-0.29882294471204535
8458,14,0.6019853080087512,-0.46611429145899985
8459,9,-0.6790447381666784,-0.2087437934423051
8460,9,0.1922038502240228,-0.3728113311959667
8461,5,-0.35890702657545964,1.3783777418060796
8462,16,-0.586072446724743,0.31987465011047883
8463,17,1.2741802835550584,-1.5434872500250754
8464,14,1.1310664420808632,-1.8151184791591888
8465,9,-0.04519588099471895,-0.03483805435059312
8466,4,-1.2955159139226067,1.3567564281938542
8467,7,-0.11899173391527104,1.0296581916498078
8468,16,0.4844437697585351,-1.1294706562685433
8469,17,1.261909602816091,-0.26360204724131786
8470,0,-1.6210343025631284,-0.39232461183380235
8471,5,0.2098933684287765,0.6079253677419616
8472,19,1.0506985437992615,1.9891789281961416
8473,9,-1.3691539774563972,0.12858702943456451
8474,15,-0.8714651191868747,-0.09606484135783862
8475,2,-0.1095044754025782,-0.7091522807133256
8476,9,-0.4444855039647015,-1.686461262325701
8477,10,1.0355750313121574,1.121166944119107
8478,10,0.08289029316765226,0.6958839325329418
8479,11,1.2999733669132907,-0.2651270902519283
8480,5,0.5881725223587464,0.47776695952188003
8481,9,-0.8563020162111271,-0.6226549204181244
8482,15,0.39236370031075213,0.5885349341010043
8483,5,-0.129884927154471,0.17517394839958841
8484,7,0.5964923753431915,1.5446958116356204
8485,12,1.1137936929775885,-1.2303780385967622
8486,14,0.3242793071835753,-0.057316346662661756
8487,19,-0.2710240650849827,1.0854687381466086
8488,17,0.5088157688814237,-0.7346961840861517
8489,13,-0.9764460252361011,-1.671499080560026
8490,7,0.5287243655472127,0.2175128292208363
8491,2,-0.31861218039309114,0.8031267661907383
8492,1,0.8043125104788053,-1.8477895704736376
8493,17,0.02989680746769735,-0.15362228533320238
8494,10,-0.7967566662597362,1.1649246319976012
8495,19,-0.6927924592694065,0.15966494067276554
8496,9,-1.279362950643649,-0.4668614497161307
8497,0,-1.4355921723880245,1.8073194057387747
8498,4,-0.19020556890105028,0.5368429982590729
8499,7,1.677444351078298,0.6952231046979507
8500,0,-2.0481471589003175,0.7863862331329928
8501,12,0.9570498443373678,-1.4862317150456017
8502,12,0.8423000646717473,-2.5799182885249774
8503,7,1.021856808809054,0.08114601388642398
8504,3,0.8120583894980804,0.29886343246277447
8505,9,-2.0476973140235573,-1.368654268611997
8506,5,1.0052871613052794,1.013564579678591
8507,2,-0.2098819926577064,-0.3765741247801602
8508,7,1.2613835530572008,0.07663058167392729
8509,10,0.045987913762099375,1.416411682830337
8510,1,0.7730113038674803,-0.6774743302030256
8511,6,-0.3413885365247648,0.22484954859536196
8512,7,0.30281980299136735,0.4919149842574725
8513,2,-0.8387767473869822,1.094511013438067
8514,2,-0.5541365791678813,-0.02646116413678468
8515,9,-1.1939619403399762,-0.7761195580056813
8516,15,-0.08699017493832092,-1.2286726280744569
8517,7,1.3382656741255152,1.3747267893503503
8518,5,-0.22043231427288643,1.3355628408624012
8519,15,0.004666305340691254,-0.6364978183026468
8520,9,0.030650508111023454,-1.7999108764958005
8521,3,-0.9054090323336643,0.2624644544657215
8522,6,-0.6212507503723201,-0.2893870546511414
8523,18,-0.45239342865266297,0.9642881441516712
8524,6,0.34708834376188796,-0.43317948616828983
8525,15,0.06991981361372966,0.5864247996385433
8526,19,0.6497480631893896,-0.43651243892411984
8527,3,-0.47193697565363363,-0.36206303063986095
8528,3,0.32275650847112486,0.025669578336204146
8529,15,-0.6990353078527798,-1.0175888079292879
8530,7,0.5768494220149493,-0.549879038069464
8531,6,-1.5502529036345734,0.5003707127376117
8532,18,-0.0464134210860484,0.5392974405617738
8533,11,1.6245389854988632,0.8559173266653235
8534,16,0.8415193152203579,-1.3088895836595593
8535,9,-0.11840416225139641,0.08249775244930799
8536,3,0.4031923200921749,-0.013838726736500145
8537,1,2.006848698304537,-0.423157453381731
8538,0,-1.0491288766592393,0.42519322298993
8539,13,-0.16754629497401394,-1.7579944755319798
8540,12,0.6350270999318913,-0.08274995246479006
8541,1,1.284037658823215,-1.9428325308079035
8542,8,0.47116437904661396,1.0545413311876994
8543,1,1.5549347574657728,0.06670918531789222
8544,2,-0.19221453566367605,0.6675247244027126
8545,4,-1.7075450903567047,0.3839518147921715
8546,7,0.9696259814991928,-0.16343286314616592
8547,2,-0.2984240685065077,-0.022186179585213354
8548,17,1.9291201901668669,-0.6479922859107501
8549,12,1.1222878708950335,-0.017996631322396893
8550,18,-1.3364230644910269,1.6944447754118142
8551,10,-0.5549809128837743,0.8954815513002725
8552,17,-0.1981769124520537,-0.551951591196819
8553,6,-2.7615689136461774,-0.7993148056443123
8554,12,1.7574031431696968,-1.0519053855045275
8555,4,-0.46482378861403567,0.0888772380725732
8556,19,2.755905202892361,-0.5896573346433454
8557,16,-0.3705968215786839,-1.4477007496156575
8558,14,0.2948047047279545,0.6712767114504139
8559,9,-0.23550108281883558,-0.1409868259873285
8560,1,1.9689621446054457,-1.107676859203259
8561,5,0.34787371529018324,0.7211147879622662
8562,5,0.7908627604508662,1.0493986740114452
8563,5,1.3663332150409695,0.1473034801988769
8564,9,-0.6266368475480725,-0.5174065669431205
8565,12,1.4525575908250603,-0.9317126950349938
8566,3,-0.20026051079175047,0.5973440879863923
8567,6,-0.208814877962324,-0.566146876492408
8568,8,1.5346594794385422,-0.14806589457043867
8569,4,-1.2943468593855618,0.451558229861391
8570,6,-0.6293124694178903,-0.6659674627592824
8571,12,0.8822668832394271,-1.023299857356963
8572,3,-0.9107940747394648,0.5395910834422225
8573,13,-0.028465567940087172,-2.101110737395244
8574,5,0.6407945291316597,0.1573958813800434
8575,4,-0.8410394172727891,0.28198243275315543
8576,8,1.9056275059208518,0.45630250151979385
8577,13,-1.4171323179492041,-1.5133401124115415
8578,2,-0.9907711132300422,0.6430982554094664
8579,7,0.01601999254435174,0.9783826494642266
8580,18,-1.7743104165065178,2.504757555042576
8581,4,-1.8530826602551813,0.03730743845984015
8582,9,0.02425561034289786,-1.8261252258160956
8583,3,-0.1736837966751943,-1.119356174725347
8584,12,1.3858007173925324,-0.3712944832086037
8585,1,2.0928124991453068,-0.8044976573265097
8586,12,1.2892049763505606,0.07458711881276076
8587,13,-1.272579199531218,-1.668815690934253
8588,0,-2.030355408217786,-0.17518783679039165
8589,16,-1.7369715845777656,-0.6656514301087814
8590,9,-0.6070150326920071,-0.7992584020479758
8591,18,-1.0951711844931387,1.285348634245473
8592,5,1.0079864309104323,0.16999776713377673
8593,3,-0.5906280633207097,0.8194507364623508
8594,1,1.5359153775917345,-0.3997934978595922
8595,11,1.0148224058651902,0.11968319731142649
8596,14,1.0428068184310855,-0.142848490502014
8597,13,-0.8066633178766253,-0.8666433216057797
8598,9,-0.7251951502653919,-0.4013025200017039
8599,5,0.24771647922191828,-0.11025271366084559
8600,2,0.7122871934043565,-0.19357087439118634
8601,6,0.17646527708526613,-1.7575394703902485
8602,5,1.1671995433835567,0.016114738337982708
8603,14,0.932746858509949,-0.7676357104507745
8604,1,1.4983264161927066,-0.4124199966644886
8605,13,-1.2922324252269768,-1.3787021830473076
8606,16,-1.8555193716678426,-0.5603465745044636
8607,14,0.8750314798651744,-0.829452979081738
8608,8,1.3415699458016956,0.19005209879222706
8609,0,-1.5333965204495321,-0.36273713768750276
8610,16,0.44090234707313936,-0.6394958010302763
8611,4,-2.316546807736992,1.195744669759609
8612,8,1.6298314790313222,0.5598821325589597
8613,3,0.9984309374508202,-0.43895785885008465
8614,1,1.1996597324299216,-0.6134467539184137
8615,9,0.14048752147215557,-1.400071028620404
8616,5,1.3730691080953783,0.8015460680537532
8617,9,-0.08272343318647067,-0.7635262447986431
8618,13,-1.2192108799744563,-0.6895278935564599
8619,18,-0.5401904804474836,1.976856197387369
8620,5,-0.2867807046167792,-0.07194612636019433
8621,2,0.07204800928686109,0.48228108696552674
8622,16,-0.025816725094846685,-1.2197645958323808
8623,8,-0.11341111496493307,0.21626896880518715
8624,11,1.0926749222506837,2.0350203160713294
8625,15,0.6287188002331542,0.07843325474179412
8626,18,-0.22772824435163197,1.2829917196351908
8627,0,-1.4102795296955706,-0.10425042012925731
8628,11,0.6263887357806007,0.5036042413784916
8629,7,0.562652764607343,0.6024706887472153
8630,9,-0.38007799831520517,0.08324297579864762
8631,1,1.0887354892593462,-0.9141027688542825
8632,12,1.5084638501081102,-0.478174516047212
8633,15,0.1389973604873385,-1.3520572297873186
8634,1,0.8664524122065594,-0.8306371487166538
8635,7,-0.07366439649782827,0.5260040123632628
8636,18,-0.012227163510910393,1.7877501338389044
8637,9,-1.3812924759553062,-0.1536870118294152
8638,2,-0.937856506909145,1.2574680335669275
8639,18,0.06732205883558467,1.7536900765176013
8640,8,1.3721333457413945,-0.6093656156588342
8641,17,-0.2788633736813234,-1.0482736706026057
8642,0,-1.7379921372541998,-0.2255341010737319
8643,18,-0.7530413098259031,1.238244056005451
8644,19,0.8544105315435884,1.2771785201020682
8645,1,0.6674431642096208,-1.7644782126250773
8646,5,-0.10403853006320335,0.60246772977354
8647,6,-0.5055135212335964,0.4246105495453493
8648,1,1.687611413837667,-0.9994191608287573
8649,3,-0.06965836742732238,-0.19632234174815516
8650,14,0.6578535998844838,0.586464802722701
8651,3,-0.11599188707013648,0.5447496037300978
8652,10,-0.794837886685137,1.7936804323299878
8653,10,0.2534827742233688,0.9517818222362269
8654,8,0.2616876935026849,1.8076823038953818
8655,6,-0.37017299314302254,0.020102724481620062
8656,8,0.9016512998146017,-0.14259791368586366
8657,10,-0.669548580817252,2.2680720159290306
8658,5,-0.09541068424750157,-0.17203933981583103
8659,7,0.7499301520065214,1.0845201321085827
8660,13,-0.6987421271109293,-2.111575284091337
8661,13,-0.6494815303340116,-1.2973510518146154
8662,5,0.41047377435854154,-0.11435168715779172
8663,14,1.8846461764582159,-0.5640886175714683
8664,10,-0.1155555701290551,0.13239335029866608
8665,2,-0.8645747467149865,-0.0710115561975921
8666,11,2.1767539524663606,0.7807971307489574
8667,4,-1.7319089759632402,1.0222267525570168
8668,11,1.2043634555445761,0.38439971965100633
8669,2,-0.8970724217515323,1.508733103807971
8670,16,0.6553020011481807,-1.4827924199800548
8671,6,-0.2755287641548339,-0.2661135185272817
8672,0,-1.677157246020726,-0.39249944132537684
8673,18,-1.3323787159657776,1.6754244878712912
8674,0,-1.7967038920147977,0.43291374904180113
8675,0,-1.8625359274101012,1.72454051925984
8676,3,-0.18209898517299503,-0.17080516141592242
8677,12,1.289697811152954,-1.8964479441472324
8678,2,0.028007550796428055,1.0433850844662358
8679,12,1.4610141818954796,-1.890097952432812
8680,12,1.3214498459765933,-0.6810805652753879
8681,18,0.47594671846717856,1.2335425702111749
8682,10,0.19189344261309169,0.9809273554137761
8683,5,-0.14001776991183496,0.33599298983452974
8684,4,-1.9604634953970088,-0.1644498744719612
8685,2,-1.1000818309833096,1.366242208307945
8686,7,1.0506639158123552,1.6292360832768973
8687,16,-0.4816253634361731,-0.3867931117299728
8688,14,-0.0931816845505722,0.3630339074042247
8689,4,-2.1725838965395177,-0.20587553459608493
8690,6,-0.1355104570219336,-0.4735104116458168
8691,4,-0.08995534516520583,0.8765326295964334
8692,6,-1.237200729643476,-1.6059217713200349
8693,15,0.10210523581214745,-0.5320827840881542
8694,8,0.3000963163734326,1.2279868608327282
8695,7,-0.10329815687499135,0.9052135879823752
8696,15,0.6084475135334152,-0.6345923361004111
8697,7,0.5073118219827786,0.419299388241935
8698,9,-0.9457664698318797,-1.0531822511691389
8699,12,1.0737527621293694,-0.9097223320870736
8700,6,0.7644713154579759,-0.5292534363996276
8701,3,0.31203583672085194,0.26728085689946196
8702,4,-0.15374233833400158,0.006761949183079843
8703,8,0.7455892669257865,0.24455436487918122
8704,14,0.40237280552424864,0.6454148056517328
8705,13,-1.4672705994928537,-0.48985617352001826
8706,17,0.3329767418283769,-0.009756164590222443
8707,0,-1.953335210053706,0.4498988004919693
8708,15,1.0037607362336822,-0.03988828063029135
8709,11,1.5848300848304708,1.259752055788223
8710,15,1.2631121055884988,-0.42956748284454344
8711,12,1.1776242671380868,-2.0150386894678483
8712,15,0.11869665956855584,-0.7550486375391562
8713,6,-0.4417434157030773,-0.1557505101776355
8714,4,-1.3519578094806834,-0.6081377581122599
8715,4,-0.23565719496363216,0.12823390892970657
8716,3,-0.7432149529644452,0.6796482529806377
8717,17,0.801918000079748,-0.7054704311398334
8718,7,0.7310586887400596,0.7823746530740433
8719,4,-1.1893259918334076,0.6437259863551944
8720,0,-1.4600435418669244,0.4390246954817452
8721,12,0.8173275019489128,-0.5129002667462302
8722,6,-1.6897174652372293,-0.19998606841091054
8723,8,1.431094526397889,1.98003813735465
8724,8,2.0363534772112915,1.752135549171132
8725,5,0.6664488940974349,0.7652325801130427
8726,5,-0.43397168386816704,0.7568084979233117
8727,6,-1.3496659326745326,0.16065481399344358
8728,2,0.14562551937899745,0.6392037245646773
8729,6,-1.1628802841737165,0.4513379988110628
8730,6,-0.8952999995719264,0.5731871003261388
8731,16,-0.5513256070816263,-1.724475442000897
8732,11,1.6908091032985513,0.4942587450914752
8733,17,-0.9142925367428572,-0.7944270260913194
8734,6,0.058669052385070246,-0.8246963384394521
8735,11,1.504260252928599,0.6453218310484506
8736,7,0.9935123157543453,0.6889062835175437
8737,8,2.5798864009320273,-0.9843492449018442
8738,11,1.429912237047368,1.297053914814944
8739,17,0.9288909812047148,0.2871655579878221
8740,13,-0.8163761055065066,-0.9657639793667306
8741,1,0.7436884340678778,-2.3467501977626437
8742,1,1.1919276639597367,-1.115703168090452
8743,7,0.6526521836740308,-0.4464657091660496
8744,9,-0.580061297282675,-2.0323148817514087
8745,18,0.19515743149796302,0.8601950822784515
8746,18,-0.7109394583397245,1.4042505885157466
8747,16,-0.04679529111585347,-0.5597395305312166
8748,17,0.2369570674572271,-1.3700194666489562
8749,11,1.0206101487113204,1.1248153379895751
8750,7,0.0609998114825179,-0.1851117037231998
8751,3,-0.3524218370384945,-1.5991261132196422
8752,4,-0.5851408165545732,-0.10324922136504233
8753,10,0.2574773611294558,1.0602215454224444
8754,14,2.2599799385909254,-0.8930461220002615
8755,3,-1.1737560130615585,-0.13756061511091788
8756,11,1.4804937312543331,1.4253994464109405
8757,14,0.08822457595916064,0.12214180347477176
8758,6,-1.097179358568578,-0.6454926652767127
8759,4,-1.2161728374378211,-0.22622245018262516
8760,6,0.23886240899418304,-0.023038843979071744
8761,0,-0.9620561761813499,0.7708103627449603
8762,4,-1.120393798065747,0.6974657866560173
8763,11,0.7707053820026631,1.4606867956413478
8764,11,1.5446906791555541,0.8914000317481109
8765,18,-0.6572867187140203,0.9687901362606114
8766,5,0.3525637591686081,0.744197611735283
8767,2,-1.1162267858529982,0.5318741239338621
8768,2,-0.6668428831796555,0.28603414083392625
8769,14,-0.3884230426557758,-0.7962282851623077
8770,14,0.7247010636909699,-1.0642986288955645
8771,6,-1.8659678156313424,-1.2985770872767128
8772,6,-1.048445792303561,-0.08509725960188402
8773,7,1.5669259317291107,0.4571823689784734
8774,1,1.9526835592848122,0.09465102284447863
8775,17,1.065636821171019,0.23342682628578465
8776,0,-1.7982437611936628,0.37264580065611835
8777,13,-1.323585408741921,-1.080272474165476
8778,6,-1.625040024152646,-0.3889496187705446
8779,3,-0.30741251661349295,0.6855019494450693
8780,18,0.34559057686015854,0.7246694847510531
8781,16,-0.010002217762548964,-0.287609973347387
8782,12,1.16289865938666,-1.2945271512534466
8783,8,1.3489337539104524,1.8311755118325084
8784,18,-0.5084338194549074,1.9321327036139555
8785,4,-1.4200249162941565,0.895359675085576
8786,10,0.51164445160046,0.8296031084969016
8787,18,-0.1466429177792059,1.6202406559966784
8788,4,-1.116698101781967,-0.16024327529768362
8789,5,-0.7877212391608762,1.26315297892536
8790,9,-1.4529290983417649,0.37850824382277914
8791,2,-0.4203984612822554,0.13604937511178825
8792,16,1.2647951412174803,-1.1911203142253768
8793,10,-1.0632256024238271,1.9539941939224785
8794,18,-0.12305457482505684,1.5640434835867405
8795,2,-0.1248031565683872,-0.06408890335768681
8796,13,-1.1877798715091838,-1.2437413076968844
8797,12,1.3579109814719945,-0.3009673717813209
8798,11,0.5970809029041065,1.6628434494656514
8799,1,0.5311034068497292,-1.950359793756035
8800,14,0.32433297979469783,-0.8893433195100258
8801,13,-1.2486587000858758,-1.266765316201747
8802,0,-1.2629880853252882,0.49225429096077095
8803,13,0.14429824374907504,-1.2806943038939544
8804,18,-0.8137460646074564,1.2417161383092201
8805,0,-2.4274397400999925,1.4227312046040645
8806,18,-0.7754246871197871,1.8250341929885936
8807,9,0.07133437214395498,-0.9197267399391166
8808,9,-1.0966755673832773,-0.22661260983382797
8809,15,-0.8816798671668047,-1.1440514394966634
8810,9,-0.6950496575781083,-0.8862448443884903
8811,4,-0.3040882190218193,0.7421813567906463
8812,13,-0.41429250756078273,-1.6589626866967693
8813,17,0.441069115515755,-1.2378609394912639
8814,15,-0.7561049713539236,-0.5810077850735337
8815,13,-0.9044965041411346,-1.5879014400073856
8816,11,1.3299909745401397,0.6849942907385793
8817,18,0.322808078205312,2.0793837132936557
8818,2,0.14444595556023757,0.7005281442526972
8819,6,0.3596233665076242,-0.39297724617911617
8820,9,-0.3377853292767294,-0.9308312993563937
8821,7,0.45232602533598715,0.41230450051428547
8822,17,0.6004672269522657,-1.0289610997389247
8823,7,1.7134840657056845,0.43191620406577974
8824,11,1.124446520164452,0.35096135055797306
8825,9,-0.641404781371995,-0.23419976074868049
8826,8,0.21929715995911545,2.264403742193204
8827,17,1.4429944860100796,-0.624787597326286
8828,11,1.4592431002884387,0.15573743596791598
8829,12,0.5089453105977945,-1.0742252756040487
8830,8,0.5334746811706734,1.259166458243074
8831,17,0.1517272890958761,0.06250432277399964
8832,16,-1.3725652145858043,-0.7434984842436321
8833,11,1.4162505559022658,0.04570621188568622
8834,5,0.3333984317327453,1.561897943186979
8835,6,-0.5968227254260272,0.2661558766838263
8836,14,0.550922965339999,-0.9877622405441608
8837,6,-1.1737203486954677,-0.7821057853410134
8838,17,1.5212842014241574,-0.456013097176598
8839,19,1.0474971677600313,0.22226847311145018
8840,5,0.5796170746743987,0.285940556514654
8841,13,-0.819175941386869,-1.8575274043420782
8842,17,0.22885402951175152,-1.4029775904524275
8843,3,-0.11819822238517226,-0.3363835390632167
8844,6,-0.07752311240792463,-0.30688051652091786
8845,2,0.80573665748267,0.29172193919452954
8846,4,-1.1110945055210522,0.4176322936449349
8847,15,-0.1649406723789205,-1.8172123584221058
8848,1,0.44143836328736424,-1.152439059899497
8849,6,-0.08235990550051446,-0.004024514659337047
8850,5,0.4878499862479779,0.8041648762803654
8851,9,-0.5116733092727802,-0.7292119340432328
8852,14,0.9733814805526437,-1.3708736750652317
8853,1,0.6951277737349151,-0.7195124136347243
8854,8,0.2584743493545718,1.644971918542292
8855,5,-0.8897429138023919,0.644112532192656
8856,18,-0.581285677155417,0.9221129202302154
8857,4,-0.8353525541759353,-0.48706963022425154
8858,6,-1.1880059225697979,-0.7775803139677484
8859,17,0.44940559290383436,-1.9573006122880814
8860,6,-0.7799514573823995,-0.037848761706721946
8861,9,-0.34074636718870754,0.02198072720348069
8862,11,2.3283144728549967,1.2230266352424786
8863,7,1.4828242509075704,1.6652875867637693
8864,10,0.1553749201293522,2.1780778354224193
8865,1,1.086372803088059,-2.3029517534194137
8866,10,-0.03744357936389853,1.479906261703029
8867,6,0.026922822345459556,0.7175839481993089
8868,2,-0.8081666930738535,0.0023361000669572425
8869,10,0.6260962964350204,0.1796289429030945
8870,2,-0.8673372151518883,-0.6122136133411274
8871,2,-1.0822298240442527,0.13188692341921998
8872,5,0.8318252111318702,1.278037061976361
8873,2,-0.36783314250682914,-0.21272931205916018
8874,13,-1.486106404309603,-2.157621133462478
8875,0,-2.1218532266579775,0.07541559042662521
8876,17,1.3502527020392106,-0.985874080481485
8877,6,-0.4867885489628226,-0.4576957936862198
8878,2,-0.7601685359471149,-0.15983336394639994
8879,6,-0.4864284053802078,-0.8878899929638462
8880,2,-0.25578594242634356,0.29670040131740194
8881,12,1.9379503266107398,-1.4606298999315814
8882,15,0.12114142457478869,-0.5298015547105401
8883,18,-0.589246986577409,2.113676978473371
8884,12,1.3314165196011805,-0.7889650713352321
8885,14,1.2497837976672121,0.0957986945044601
8886,2,-1.3399861594168523,0.30412823273899997
8887,10,-0.23323684577046494,2.2784402729275146
8888,15,0.30689217531494695,-0.7361606857455091
8889,3,0.6001203701888522,-0.2706346236687011
8890,14,1.1413019498146189,-0.2964756854909483
8891,15,-0.03998199327750264,0.48757986011090154
8892,2,1.060893398334611,0.19634015124053095
8893,13,-2.087808690958392,-1.5327480754149687
8894,6,-1.0012929068976024,-0.5695337624129109
8895,4,-2.239070642076734,-0.5673146572642731
8896,7,0.656821363498145,1.3911688553478008
8897,15,-0.04390398212613965,0.12480241987108112
8898,5,-0.4474441913667576,1.5514354982865828
8899,4,-0.7959210917819953,0.5873483389012477
8900,10,0.23458062280963612,2.7387597571786557
8901,10,-0.4978535503940084,0.9193422377479916
8902,8,0.2613736713094505,0.23527247025923262
8903,10,-0.39712698276369046,1.2888917372839301
8904,9,-0.45432960310280873,-0.48692997597340076
8905,16,0.7288805299825817,-1.3769871911468536
8906,18,0.035384945793448454,1.1198041198728967
8907,9,0.08415083060282143,-0.07236618727883663
8908,6,-0.6537729859970888,-1.2403656249235109
8909,0,-1.5013356652310859,-0.4155709471990127
8910,18,-0.05674408433970071,1.648231872608375
8911,11,2.2216806183219453,0.7227015882815451
8912,14,0.2546764938787326,0.8219371651222179
8913,17,1.2955510659940637,-0.6862880856673501
8914,2,-0.284102287612361,0.2731347622498889
8915,0,-1.6746435825397132,0.859023561773007
8916,14,1.5896958533303087,-0.5430685178093002
8917,9,-0.42594711456033046,-0.336288407217803
8918,14,0.5425040860588509,-0.35815651874441123
8919,18,-0.3757547876934357,0.7588575037300608
8920,0,-0.9040976572694286,0.7052925726797331
8921,11,1.2200128119979765,0.9759258440972758
8922,2,-0.5874195099871335,-0.6334759130064143
8923,2,-0.48264177604839614,1.3197386925103862
8924,11,0.9863223490659752,2.0414162811373813
8925,15,0.5060605986578876,1.1871325301426896
8926,5,0.023414846253338034,1.6853474449473342
8927,7,1.0019391799530353,1.3054963543164537
8928,7,2.2025372363325038,-0.484373849186598
8929,5,1.0123241929572424,-0.5279665402352887
8930,18,-0.10108596676062889,1.1485332054557644
8931,16,0.7992434708928253,-1.4920630798117553
8932,15,-0.2469479779291611,-0.6692667799199692
8933,5,-0.5860420511704347,1.1448634010874623
8934,15,1.5156157308024965,-1.091045826378529
8935,13,-0.6684937498996814,-2.3552064768130667
8936,3,-0.01719199040400124,-1.5920540888234154
8937,4,-1.1454661496761986,0.8296030799568106
8938,0,-1.407763226677811,0.4338455557350303
8939,4,-1.727186214173672,-0.23430753605670582
8940,3,-1.1263938532282187,-0.11063878534259908
8941,11,1.4529924986436433,2.6297484049861244
8942,4,-1.329721528585036,-0.09296743611905885
8943,0,-0.9487885448501479,0.22560243234238248
8944,1,2.221614810855666,-0.23824551365616625
8945,6,0.35930102547648346,-0.400601123426019
8946,9,0.21324477916967385,-0.08501785504695346
8947,11,1.0838727118324467,1.0704492765865368
8948,9,-0.4293141134167542,0.5447531081082553
8949,4,-1.1081625423945758,0.027020948168591553
8950,18,-0.25802307920461226,1.5925441151431743
8951,8,1.3563586181798273,0.24298813079410556
8952,9,-0.12684993894929958,-0.6310160503882392
8953,8,1.8914768219296876,0.6410580440836456
8954,5,1.2729363586325435,0.484157907044706
8955,18,-1.1141212607913602,2.235394803890887
8956,5,0.5424841243605198,1.1472267149167938
8957,0,-2.0708457251940557,-0.39887503633856475
8958,7,-0.5104663728928803,0.6779030778052215
8959,5,0.7467198172516949,1.024439001448415
8960,15,-0.10438145562135699,-0.6920887335938518
8961,5,-0.2547407478351721,0.6259718833419555
8962,9,-0.6255296550529919,-1.5553756899345896
8963,15,-0.23665194570082165,-0.26498788737871803
8964,19,0.613585438401383,-0.20212592507237812
8965,2,-1.087542240555825,0.3061527679000068
8966,14,1.1737489768928817,0.39285989497530854
8967,7,0.5522185492279573,-0.24055736143835363
8968,11,1.8458614366857649,0.0957457582385627
8969,17,0.8313567426670648,-1.775467100636724
8970,4,-0.9097171860197012,0.47901361327921466
8971,17,-0.05391493826471826,-1.4040511277690575
8972,19,0.05759500137492861,0.2345198116203186
8973,17,1.03004467399028,-2.0926677942768435
8974,9,-0.35759759347306874,-1.0988311487956315
8975,12,0.5321490086121395,-1.1379587522106038
8976,17,0.2647711500013096,-1.4913378001831528
8977,7,0.4232828193938794,1.6902266787064506
8978,7,0.5921268716618916,0.9402113049495098
8979,13,-1.0418632767363636,-1.395689176244265
8980,9,-2.1104473428233983,-1.0442617083469117
8981,2,0.03746403134625296,0.29465469155983387
8982,4,-0.9124534940842695,-1.0622713922013907
8983,0,-1.1081411740973601,0.1875285926213878
8984,17,-0.12621738924272938,-1.30965431150843
8985,15,0.3899805080849043,0.2718365625359694
8986,11,0.12223856931077445,1.9017053798004915
8987,5,0.5317757516170554,0.9185239370750566
8988,5,0.3030236652471571,0.499880857820171
8989,6,-0.6631463148536765,-0.6439048628700369
8990,3,-1.3723307967868936,0.38411350051444265
8991,3,0.923317481127075,0.1875736506651742
8992,12,1.3048744311355014,-2.0015387977303405
8993,3,0.6817921083368832,-1.123545502830168
8994,11,1.990135426971387,1.0177722670429377
8995,14,-0.07860339950830778,0.1708540910330488
8996,2,-0.9406757293997257,-0.7512961135880434
8997,18,-0.3635266423463502,0.6361248830700462
8998,9,-0.7064020289765484,-0.2385541121558919
8999,10,-0.9063176388246846,1.0882054924239872
9000,11,1.8704331331387822,0.7166020365669861
9001,5,0.4842020904890251,0.6520056246151931
9002,12,0.6247301828844418,-0.7361186255078397
9003,10,-0.7069319818165289,0.6672140089789937
9004,15,0.10652700830809855,-1.8153444676375967
9005,9,-0.6919664481828529,-0.06771579648094413
9006,7,1.2438510594970458,0.7717952508207095
9007,3,0.11693197046480389,0.28147247057366825
9008,18,-1.185778275966592,1.245650257440537
9009,5,0.19404992494447573,1.481402805832429
9010,15,-0.8704838508502503,-0.9664021436185424
9011,4,-1.080230455558487,0.19467916122724954
9012,18,-0.4851389674622271,1.2867670929859758
9013,5,1.0124385519003947,-0.14916023565385444
9014,4,0.043909424388155066,-0.009844082039185636
9015,3,-0.07217993780147548,0.021475187178467726
9016,19,1.1031337211834666,0.3033269229303639
9017,5,1.2894661045602132,0.8820144189545118
9018,11,2.1811742426511342,1.8570944913746095
9019,14,-0.23412459934447682,-0.8093615520522343
9020,17,1.064342804297044,-1.3613253393617324
9021,11,1.8993936160613243,0.7507724195490121
9022,10,-0.22251220603697905,1.1809198706306796
9023,12,1.5056783196335162,-0.009635696389277604
9024,7,1.1377022276305957,2.282112607144624
9025,6,-1.3054190744791172,-0.567079554201074
9026,19,1.0636541317086656,-0.5700188224578743
9027,14,0.293703438426558,0.23225187714255824
9028,2,-0.6372004825372514,-0.6852451077967516
9029,1,1.6197938673233006,-0.3875001815027765
9030,11,0.9368458107109227,0.5307667093646098
9031,4,-1.4637238599023046,0.13227316548427553
9032,12,0.5690013370390169,-0.15824773174925888
9033,11,1.496071876359259,1.9086969610157112
9034,15,-0.9269775123242556,-0.7438433849232795
9035,15,0.13579882063870954,-0.6458503857691958
9036,17,1.0034204947183691,-1.3387160262878397
9037,3,0.06848854722533171,-0.5923306848443749
9038,14,1.846695721184216,-0.45740744035726044
9039,14,0.36198324462171877,-0.702271407919804
9040,9,-1.2007825093686946,0.3479830964139548
9041,19,1.631027225007194,-0.2694798296427189
9042,15,0.3128588184041815,0.2556048310011853
9043,3,-0.12843809289867975,-0.7350845010042788
9044,15,-0.3494172235369999,-0.7059283419769251
9045,19,0.7126154323818724,0.17322943421470208
9046,9,-0.6357627004414332,-1.2275103518798278
9047,0,-1.7870427474116086,-0.2481997202776889
9048,7,0.9913454965487467,0.08807570058436208
9049,16,-0.641368809774482,-1.712924769322643
9050,8,1.2118418039849885,0.9906437832791958
9051,13,-0.8258440152871519,-1.064466554558093
9052,14,0.030027093601093124,-0.12824283393088595
9053,6,0.18713675378436953,-0.3649698535412143
9054,9,-1.1494700931268655,-1.2659135520408034
9055,4,-1.2548802391900011,-0.6415502444294386
9056,18,-0.5691061841691756,1.1850405981653223
9057,14,-0.28893742719718574,0.34083503271799
9058,2,-0.7657440693578168,-0.6111148151433217
9059,12,1.7636639575296515,0.05603187767036264
9060,17,0.5483517750280625,-0.5406723375014029
9061,12,0.6567443261860344,-0.9959569296193199
9062,11,0.797354478627919,1.0149461804660838
9063,11,1.2670500154149715,0.6661033564291234
9064,5,0.5072228305983466,0.6378817422532121
9065,6,-1.435191622710963,-0.9052782046340239
9066,7,1.5231738154205803,0.4153923150839645
9067,13,-0.8821053522953907,-1.0532093338622806
9068,3,0.7214325643952764,-0.526599818503566
9069,10,0.771079671534702,0.6695939735328781
9070,1,2.9396700780279117,0.1277644934055387
9071,3,-0.0900886123921066,0.26184109768531344
9072,4,-0.95396994822744,-1.4117171742938937
9073,9,-0.558045363340781,-0.5232827780321919
9074,15,-0.06266888933036155,-1.7718525373870098
9075,18,-0.37551713942501774,0.8775230072164261
9076,14,0.6449508673795045,-0.6186538961572092
9077,17,0.6941274542068258,-0.9870124286845516
9078,7,0.4911652185939049,0.3865786636794408
9079,18,0.37060294587484327,1.0381333723055428
9080,9,-0.5834052314031118,-0.4577867179495227
9081,5,-0.33918306728872166,1.0524649725352742
9082,4,-1.2929865111374974,0.49027105183778213
9083,17,0.6665975969809409,-0.6497524553030913
9084,17,1.214545481096907,-0.5931743033563055
9085,4,-0.49402667722804056,0.32398149106143437
9086,8,1.0596333175237915,-0.3352544075238449
9087,13,-2.6132164975779313,-1.5207600764070317
9088,16,-0.6219087790914001,-0.3537038650693522
9089,2,-1.337647853853244,0.046278561297247646
9090,17,0.9705274045711649,0.17389227326042025
9091,11,1.35941757540465,1.7595113162606533
9092,3,0.6619388698886643,-0.6301205802219275
9093,15,0.6026666252561265,0.053093334198483916
9094,0,-1.7964981242766356,0.2692952764822875
9095,14,0.07635104921346811,-0.0191643561437321
9096,13,-0.6479501948988754,-1.1812034637667133
9097,3,-0.7363939866363014,-0.6128834176454543
9098,2,0.505543762397355,0.434637948816005
9099,17,0.27861085409257996,-0.9425260180104869
9100,19,1.2493850220027622,1.0745379909692168
9101,13,-0.9340629771680166,-1.749945090866247
9102,3,-0.03163853909825376,-0.4468157239878443
9103,3,-0.8691206734977862,-0.08472624205551821
9104,10,-0.8644413461954988,0.2574239467197686
9105,4,-1.068726340343082,-0.1743125728333313
9106,4,-0.4184883356274906,0.847024832838854
9107,9,-0.799775883642793,-0.5462333558093964
9108,17,0.04784942992576258,-1.855086799268751
9109,16,-0.573293417968007,-1.0522204746545352
9110,13,-0.673021345450995,-0.8285221043552703
9111,4,-1.862893814183678,-0.43331615344262664
9112,7,1.677721363403804,1.6474123565767373
9113,2,-1.1596748808977813,-0.8253957706185222
9114,18,-0.8348817966630774,1.7670931142806579
9115,3,1.0194515199931329,-0.03558345805087385
9116,17,1.1309687204893792,0.32459859107269423
9117,4,-0.9661372474697247,-0.012349137249088163
9118,12,1.0161930737029528,-0.6441566906321957
9119,7,0.19153804397165017,-0.18930147886787382
9120,3,0.20507485368914302,0.07852470922886583
9121,17,-0.17677512533764378,-0.08208293671972357
9122,13,-0.6702642574691816,-1.66171371616754
9123,11,1.0377633159632258,-0.15689218751520997
9124,12,1.555152623842489,-2.01352331741357
9125,10,-1.225885861147935,2.3652704108186855
9126,13,-0.30877632767462687,-1.2971132323980854
9127,7,0.2666114548907981,0.2767174468259475
9128,7,1.0445486368636454,0.4497962175488097
9129,11,1.971034329411968,1.959839552001025
9130,1,1.0480087969528935,-0.9841252234311679
9131,16,-0.3342823527538338,-1.0793298622935446
9132,11,1.571638900238668,1.4581044461794372
9133,2,0.1269219011325918,1.3691550206321745
9134,17,0.3670986725158019,-0.9234391958253538
9135,1,2.401462540634734,0.24068196373131914
9136,11,1.4148556265641992,0.1609953078198054
9137,17,0.11664220912314707,-0.8739888571347759
9138,17,2.5033283418546683,-0.6594094212678048
9139,17,1.8235010396439433,-0.45565498235198454
9140,4,-1.2738786242012612,0.7172879819240147
9141,6,-0.7113118531505772,-0.9913984282620179
9142,6,-1.1676416778053926,0.564287639598054
9143,0,-1.70930900105201,0.13682454934934357
9144,13,-0.5895220810411778,-1.713414557048317
9145,10,-0.19364751978824213,1.6877742852660753
9146,11,2.768128751377006,1.6958432605587634
9147,2,0.1094086071009309,0.565053795158405
9148,14,0.7239514367913324,0.1982382918113908
9149,3,-0.48587299296584113,-0.5438024426659278
9150,15,1.5683302912147967,0.490828789197649
9151,0,-1.1812429528600843,0.2187248551059323
9152,5,1.099139046809572,-0.18022844408771174
9153,16,-0.8948072525838512,-1.0074225013748206
9154,10,0.09019377431857009,0.3808177000957488
9155,10,-0.5685956232547299,1.5053495258520861
9156,8,1.7508250662474603,0.004568134594404994
9157,8,0.978991361891516,0.5535852961933722
9158,14,1.2019069745179685,-0.7842204496300467
9159,10,-0.44495701539597715,0.992015867954787
9160,9,-0.30038816346040526,-2.5419753493480957
9161,11,2.107076084891174,1.0178097598046625
9162,14,0.6368745175385145,-1.2517683625579545
9163,14,0.3040378336173388,-1.147637363787884
9164,2,0.5735507975642357,0.16114180573252201
9165,4,-1.061121715104128,0.38274930917722394
9166,17,-0.03052453823664867,-1.5419691752313212
9167,17,0.30594342269593394,-0.655957496515801
9168,4,-1.2452149260066236,0.755419590177884
9169,3,-0.9726542894749709,-0.4843297047185486
9170,17,0.8491007952775458,-0.037665991590185514
9171,5,0.5432988753625178,0.11065802768185315
9172,18,-0.13023336143545022,2.0533670509689794
9173,14,-0.5802810141253585,0.4657283648811931
9174,18,0.1076688027526855,0.7035815435779142
9175,10,-1.1711262022552253,0.7217679345015361
9176,14,-0.16104534776733054,0.5548726969435668
9177,4,-1.0813589248299957,0.04200758855528921
9178,15,0.7343527380381921,-0.8692184427638365
9179,7,1.6179876183592523,1.5189043460788145
9180,9,-2.1035393919129257,-0.5037335141536825
9181,6,-0.8534759750630403,-0.17573403011895344
9182,10,-0.13382032945070282,1.2195578130514713
9183,1,1.4809629010039507,-0.7977523843613274
9184,16,0.33699981181205163,-0.8636513732677648
9185,2,-0.7077125490406294,0.4593725618788439
9186,9,-0.45950732545536194,-0.2565007194512962
9187,6,-0.20307473313145125,-0.23476013672383744
9188,17,0.8213782880870559,-2.6619186832540884
9189,16,-1.6125152553359,-0.7576628106594678
9190,12,1.3914386444909888,-0.9846884014120426
9191,16,-0.8804412475829148,-0.9518140977447784
9192,18,-1.175661671108171,1.3383090581527999
9193,10,-0.03770697440397275,1.0707568440832218
9194,4,-1.873535019247413,0.32729832201460657
9195,9,-0.09978062294360443,-1.6601120697512461
9196,2,0.019032583941206327,0.26551577766411444
9197,9,-0.5530926544267284,-0.4122401965214661
9198,2,0.10412686391594769,0.12305723161356825
9199,3,-0.0892062334393026,-0.6062134195175497
9200,18,-0.09783604451217821,1.8438308385881519
9201,14,1.4996004700154328,0.3540478240417548
9202,4,-1.255876173546533,1.0113001966306296
9203,6,-0.7811420319228634,-0.5812791932906652
9204,9,-0.06281624032677899,-0.567497190371851
9205,8,0.8750750295651281,-0.5095992729892651
9206,7,0.6304550957244338,0.5078050343076791
9207,15,-0.12412778577718073,-0.1420397065852337
9208,5,-0.13798600861222377,0.9497905527000501
9209,14,1.162594387373983,-1.3277201751356176
9210,13,-0.09263505645216712,-1.9719266871050634
9211,11,2.438829217691617,-0.40860537689359183
9212,14,-0.1804245639162505,0.1823834045409945
9213,15,-0.2905636583251069,-0.36780079419547174
9214,15,0.2263806054007351,-0.4563760053907101
9215,7,2.028458497008864,0.8942258682274182
9216,7,1.345525820572906,1.0972855790332414
9217,12,1.0132204150404078,-0.16216817126873728
9218,3,0.6660062250319994,-0.563034206039604
9219,10,0.6359571996344108,1.662667611735493
9220,18,-0.826779084366081,2.0633384293545602
9221,6,-1.3645871513261518,-0.07858317681763485
9222,9,0.508455155946827,-0.2600519761090284
9223,6,-0.13706112518021776,-0.6011370495068329
9224,0,-1.4792404135864887,-0.35468208638381893
9225,8,1.7969576488734602,1.0315004817403057
9226,2,0.5802541546221923,0.8067777017973443
9227,15,1.0881755991727162,-0.8203944690080506
9228,3,0.9524242558214917,-0.1116295920369303
9229,3,1.2045425631553617,0.24830733596250093
9230,12,0.5237636710210538,-1.4407372507296838
9231,12,0.22695605561385632,-0.8098565211092729
9232,3,-0.011858487831924199,-0.5957914895588587
9233,2,0.061661134300956884,-0.8189560021507756
9234,2,0.5996794634352612,0.48571348766031563
9235,3,0.4511466444489433,-0.43394038585299083
9236,1,1.3140348631342351,-0.31504201005619853
9237,9,-0.6457136718771728,0.1303237463678155
9238,1,2.318153477323189,-1.136090816873777
9239,4,-0.503440681491426,0.2723458180922581
9240,12,0.1686562519798285,-0.2975872393877805
9241,13,-0.5683166462232307,-0.7853336569592564
9242,15,0.27690189901385376,0.5098324013744597
9243,13,-0.7126811344485777,-1.6658020597573864
9244,19,-1.0927164438708905,0.07168374190429797
9245,7,1.0528818974491254,1.4321892053666176
9246,3,-0.4973524010723985,-0.0447423468611348
9247,2,-0.10036895812688691,0.31255707362943946
9248,1,2.2601006394847913,-0.883586758070197
9249,2,-0.28129629465369993,-0.004970091891480756
9250,0,-2.689448278317873,0.7366765815011611
9251,6,-0.6008137339664131,-0.625723431213523
9252,11,1.9845201572727427,0.6624890507929905
9253,19,0.3298159869611395,0.9784450857233533
9254,18,-0.22930942671431048,1.2381169413116986
9255,9,0.31867719746138157,-1.4199118447349857
9256,2,-1.3362112848485892,-0.3158229987071121
9257,3,0.21645522033638895,-0.9391944079805695
9258,9,-1.093876978145545,0.028381732412209135
9259,5,0.3725320800134381,1.7020932482760736
9260,13,-0.7706467025939113,-0.8941240212787198
9261,10,-0.3887020467832612,1.2521310773561936
9262,6,-0.6165582549864671,-1.471684608424873
9263,19,0.3520607466043549,0.2740087713830796
9264,19,0.730149776587048,1.9432894360202382
9265,6,-2.0544942127641703,-0.2992628332281702
9266,15,0.8996111534956679,0.881112985543989
9267,10,-0.16413495011087353,0.5598747007784965
9268,18,-0.2538048682707361,1.0223351692982996
9269,14,-0.12567495635801237,-0.33836421062117866
9270,17,0.9823511010493917,-1.3181715450255844
9271,3,0.2234909028959021,-0.9926745188973743
9272,16,-1.057692933892546,-0.340235446574779
9273,3,0.3488325416892654,-0.009747399684795903
9274,9,0.03892472035944316,-1.1789105737331693
9275,10,-0.5556964903781574,1.1250846936288814
9276,6,-1.3967738323419783,-0.3705045873194295
9277,19,0.9965056911424005,-0.28559226225141776
9278,9,-0.29317791064854604,-0.10876395784795428
9279,4,-0.5224932103596619,-0.04725158980956139
9280,3,0.7871328068617763,0.13276747022033208
9281,0,-1.555795542000533,0.23618116038563905
9282,2,-0.44453838048202693,-0.2835179614856152
9283,12,1.4878281574803345,-0.602810843709445
9284,12,1.340227166499471,-1.4847499301357048
9285,8,0.4915849055226685,1.0233762293781825
9286,7,0.3116453405484595,0.5269942966499228
9287,13,-0.6379056295860741,-0.8300260360095747
9288,13,-0.4429300286709846,-1.527872657093812
9289,5,-0.05622320870159833,0.7056368982220823
9290,13,-0.37442141833416875,-1.7808769385326655
9291,3,-0.4387871482539249,-0.4239753695132287
9292,1,1.2990369715086016,-0.28305416814787815
9293,9,-0.5793446411533527,-0.2603676339398515
9294,1,1.7713832389851925,-1.2621265197191391
9295,14,1.5678027388261775,-0.2990315526298476
9296,7,0.7666030061137613,0.594246900057017
9297,7,1.029902912036784,1.2447923953003388
9298,10,-0.02052921821499526,0.8927101397858683
9299,1,0.5659789306015142,-0.6971313199509248
9300,3,-0.15723854516351599,0.263873740303933
9301,3,0.2256997306346362,1.228819361236838
9302,7,1.442171402083498,1.0090065881562147
9303,6,0.21212523593554686,-0.6532054671618798
9304,3,-0.814461105157689,-0.3388298253541038
9305,3,-0.09944216527671715,-1.0169333884632212
9306,15,0.7835928235593683,-0.7816748145514616
9307,17,0.7577968047268573,-0.45457856983876377
9308,5,0.9371050428813736,0.7001421214471732
9309,16,0.08060038552055325,-0.7805295845505401
9310,0,-1.7162278168978025,0.5620725460538694
9311,13,-0.34943532022078966,-2.7355717081640836
9312,9,-0.79311949294686,0.5295229800411533
9313,11,1.1889288143020798,1.6547550241764601
9314,11,1.6556347878238018,-0.3982430944444531
9315,15,-0.3587395737912226,-1.2565332534999247
9316,9,-0.21767103038342103,-2.0479043827998717
9317,11,0.5376272230852095,2.08740756981266
9318,18,-0.8365361258552354,1.7862361290772033
9319,7,0.03137530274253697,-0.005593788898289711
9320,3,-0.02013201174052462,-1.1741585280687212
9321,0,-2.3641287254454855,2.0031637619743456
9322,1,2.455778000678459,-0.07685991958527309
9323,7,1.0344625685592619,0.7110196113824176
9324,3,-0.6265008071900111,0.5560133132482581
9325,15,-0.5636484071823393,-0.8867602054373852
9326,1,2.0296154066598,-0.3687332366268857
9327,18,0.9648880885703917,1.40581883283155
9328,10,0.14723617731924657,0.5283974646514834
9329,6,-0.49649822045902303,-1.3100429985197262
9330,0,-1.0185726765888103,-0.08219826226843911
9331,10,-0.8571570731785099,1.279643372962975
9332,18,0.722188404389744,1.9384354202075247
9333,1,0.7677372430521642,-0.4582951181218159
9334,6,-1.1030520973672442,-0.006630906411732695
9335,0,-1.8993629278696322,0.6143020346811142
9336,0,-1.3452223607983114,0.1706126120078712
9337,9,-1.5058688526974946,-0.3504159300892575
9338,16,0.04042862730444917,-1.4748329600225514
9339,12,0.9797700422446374,-1.7820952392644143
9340,4,-0.8217600497758246,0.038869601435627774
9341,14,0.6329374800893803,-1.0811891186704847
9342,17,0.7515932207562356,-0.8879812815678159
9343,18,-0.8584073534103032,1.3593908921764504
9344,11,2.3493905770848813,0.23580792094634076
9345,10,-0.0022908416876438473,1.47184334575494
9346,5,0.4339591134006882,0.0382065173381426
9347,19,0.4671555692238256,1.2017816010915177
9348,3,-0.10355967476495127,-1.0546337946628574
9349,19,0.8379177820792431,-0.8871114083173883
9350,19,-0.8087352964399931,0.9844471404601962
9351,10,-1.5822403985692772,1.246981081552922
9352,3,0.67539736457472,-0.26681761014148003
9353,11,1.2526071335627675,0.13588373406153087
9354,11,2.1081194116530986,0.45123808979776786
9355,10,-0.9928600603543987,1.0083540825487878
9356,3,0.3305313455803607,0.49760996663840745
9357,1,1.3782714084043346,-0.565750713903408
9358,19,1.2491030110546357,-0.26646820254539266
9359,11,1.1673117711412007,-0.01943643445524249
9360,7,0.42670640810030497,1.6660880107590823
9361,13,-1.0123639835820175,-0.6356106210239272
9362,8,2.578909107824769,1.0106578279108143
9363,2,-0.11625691704767238,-0.05438583568632069
9364,19,0.09231088359469357,1.0431888648488075
9365,0,-2.1114736011497643,1.1878173492685637
9366,18,-0.46071668276034067,1.9110424826556054
9367,5,0.4391397811214871,0.8442738180931246
9368,10,-0.027649746802401842,0.08344274719819993
9369,16,-0.10814219054341957,-1.0874480807164693
9370,7,1.4299979245341221,0.6345250312013735
9371,8,0.6309140451218872,1.2103450037274146
9372,2,-0.1938339140280017,-0.22217071376865655
9373,19,0.030532958700822496,0.31882340875211085
9374,6,-0.3923496305604073,-1.3869659915327353
9375,17,-0.06646779167628829,-0.059242703069248656
9376,16,0.4300535558353641,-1.2753310578811479
9377,0,-1.5947439454958965,0.4899111760680483
9378,10,-0.6950134221196157,0.643502758741053
9379,13,0.05254578542410998,-1.2619110093821746
9380,7,1.2647487708909098,-0.20901244504913963
9381,18,-0.5804149459205945,1.182093032591655
9382,7,0.753636330153205,-0.32708283267888605
9383,0,-1.6665350149448344,-0.33419339841663037
9384,13,-0.8820382369233661,-1.3317497742668367
9385,7,0.4820352730311683,0.06438887636939626
9386,13,0.12087435760379547,-2.302273974900704
9387,2,-0.39941673990793386,0.3051460407923947
9388,4,-1.246845464296206,-0.4007835463315042
9389,7,0.41358679841555895,1.114724915275655
9390,2,-0.24916232991275522,-0.8957363703652668
9391,16,-1.2861265417005547,-0.08063290291546674
9392,6,-1.4080903065380082,-1.5319649015209722
9393,13,-1.3938131031571228,-2.0114441915106527
9394,0,-1.6014700354683933,0.5426143579781679
9395,4,-0.3740672197619021,0.10311617460989286
9396,5,0.574625928047053,0.1318595756913653
9397,18,-1.1349677237787406,1.7984133460003926
9398,17,0.29798800968159406,0.2916142499136864
9399,18,0.07124168336361908,0.8660881570301847
9400,17,2.055602955608239,-0.9193777172453277
9401,5,0.5415036083857037,1.6685463328946113
9402,5,1.2427806562635348,0.4288595494270896
9403,2,0.2315543783334972,1.7509308433985384
9404,6,-0.6992178937642246,-0.2926244283533563
9405,14,-0.23218335832131853,-0.862567151243236
9406,3,-0.19047489188589697,-1.7615852404908043
9407,8,0.2894742925889112,0.5489560283257778
9408,15,-0.44406013019358515,-0.8116069033465406
9409,16,0.5187896779702835,-0.5810904341236564
9410,10,-0.3119532401212422,0.9650258792573253
9411,6,-0.611841479025053,-0.47137928362930626
9412,7,1.0662247030135759,0.725505929019823
9413,11,1.34554458640216,0.525885319264375
9414,0,-2.1474043810885375,1.7611934567599972
9415,0,-1.9888198403029407,-0.5634940114822653
9416,4,-1.8672390455151806,1.1284459097253563
9417,9,-1.0547231050594608,-0.8577192792073908
9418,1,0.3912005950780711,-0.5549742574097432
9419,3,-0.16577962236632848,0.29793738453518215
9420,3,-0.4596786777631889,0.3110603866865316
9421,18,-0.6047588823262724,0.9924464795261594
9422,13,-1.7545987610043232,-1.4092469100832485
9423,2,-1.3367271206779665,1.2219888283655973
9424,9,0.5046492699090981,-0.162374838824937
9425,15,0.7147553482414231,-1.0182066041878657
9426,15,0.09475132973392433,-1.073459955578936
9427,3,-0.5098208730940375,1.21665334480798
9428,1,1.281503361476898,-1.4853320474162994
9429,9,0.09330956539840156,-1.263559860742456
9430,3,0.0310301455263546,-0.07450917364894473
9431,1,0.5001335459274284,-0.6598021010934354
9432,4,-1.2948280726547294,-0.4099306898780579
9433,13,-1.0682401669606332,-1.4096059432127879
9434,2,0.475381463946049,0.2789337274058548
9435,7,0.6747840061253597,1.0052859363702322
9436,9,-0.7050783006033075,0.1417118627778435
9437,3,-0.3477892517510884,-0.4952958034752949
9438,19,-0.846314245191209,0.7417539286208076
9439,3,-0.7182595145987715,-0.101896500554825
9440,16,-0.5803384295622124,-0.9942673738468415
9441,0,-1.4850374067600347,-0.5138818303781396
9442,12,1.6116866508916745,-1.0444409810478683
9443,9,-0.7854677844247308,-1.6271545806423242
9444,13,-0.2345432393531901,-1.4818713686583116
9445,6,-1.117830607306465,0.27730670814652686
9446,19,1.1834847032569282,1.1619686829425873
9447,7,0.5100277909101938,0.24708381730062237
9448,12,2.2283477614903138,-0.7940759404512056
9449,13,-0.14274771627838673,-2.8057706188371196
9450,13,-1.2109811584749282,-1.9557444157378505
9451,10,-0.29888794438464517,0.3060041660029531
9452,0,-1.9170481355297042,0.2780136541479762
9453,0,-1.7257721065871043,0.5141419135441392
9454,14,0.004367254369156878,0.05639574645013191
9455,10,-0.5686006975019374,1.998891324103791
9456,17,1.7195674294299024,-0.5019356866730764
9457,13,-0.651620889565375,-1.3105565102487642
9458,18,-1.3227117125016439,1.6685337759097552
9459,15,-0.5206231469465867,0.56808225701073
9460,14,-0.268225455414857,-0.3212140297104552
9461,7,1.6696414614824888,0.08720843164132232
9462,7,0.574118503130002,0.5548346649948861
9463,12,1.5430247671288249,-1.2456747088245088
9464,7,0.8303294654581023,1.2318365520288557
9465,18,-0.4916692708134405,0.7346516942513329
9466,1,2.171200034693838,-0.953312842977849
9467,7,0.8216814142289285,1.3805288497681751
9468,0,-1.184288208758699,1.2588462027647478
9469,13,-0.5976754525666619,-1.719414136834542
9470,9,-1.304524755155956,-0.7087222934466992
9471,15,-0.2324529281688177,-1.6518073740617198
9472,5,1.0756412106898832,1.2654614634081958
9473,17,0.49317657820411537,-0.8618770729227565
9474,4,-0.7948872614254177,-0.5534353713939671
9475,3,0.5488445114462954,-0.5332987711464665
9476,15,1.8707140904472814,-0.22306457681529193
9477,13,-0.20664990464801458,-0.7302399996494223
9478,2,-1.1373774124923843,0.8244922737446841
9479,15,0.10566353019096456,-1.2168376472078575
9480,6,-0.7640560429413745,0.10814317255920487
9481,8,0.6809597756751654,0.9219178440197708
9482,4,-1.2816749320633305,-1.056145926503503
9483,7,1.6554863664178208,1.3827790296687084
9484,10,0.19681332131805293,1.9238635990340311
9485,17,0.17092142465450563,-2.0655574406825576
9486,2,-1.1995194338054993,-1.010472440395723
9487,7,1.3927393205414516,0.16423599723263638
9488,11,1.5657647180893595,-0.23395184782735928
9489,9,-1.2947057992964988,-0.40975998703456046
9490,12,1.5390401510655911,-1.1386303543903933
9491,8,0.12989596825162256,1.4135744177041312
9492,14,0.3713276154887304,-1.5082735051096015
9493,8,2.246285163877418,-0.2887981341146915
9494,16,-0.9457069118386926,-0.6150129262632448
9495,3,0.29610927084095995,-0.2824193442906724
9496,12,1.662373067964879,-1.1353717577221851
9497,6,0.11398125145139995,-0.8727642860115387
9498,3,-1.0361684120520522,-0.8158300119423628
9499,10,-0.2852097216319284,0.5419569882110283
9500,19,1.51724842667862,0.8820949152926493
9501,6,-0.6769359460992163,0.46703898103298375
9502,15,0.22851128321062503,0.8260522027916277
9503,8,0.31247229328198406,1.0504208709996408
9504,9,-0.8027365702317815,0.5243609588869389
9505,5,0.8474183472013568,-0.31072997710433753
9506,18,0.730010585957755,0.7299542382625319
9507,4,-1.2653710921777144,0.03717553157436061
9508,10,0.04138330091808709,0.9691934577772183
9509,14,0.8057998405464712,-0.6136426764146072
9510,14,0.6870172836063811,-0.4040479733388354
9511,6,-0.7555011910863011,-0.29345177263081584
9512,5,0.19750002908561756,0.27659252147155966
9513,19,0.06522841497911812,-0.6337382848084568
9514,7,0.5088776301987162,-0.25572550644508923
9515,4,-1.256209983834403,-0.9421302376058215
9516,17,0.34514689784445146,-1.5064654365557342
9517,7,0.5090116983107347,-0.47896025297558464
9518,1,0.7761813325812116,-0.7046260009432539
9519,9,-0.007890305325544052,-0.3520194068530458
9520,12,0.8349056399417003,-1.6721331165626405
9521,18,-0.6557766889303488,1.1958975878988518
9522,3,0.4863551653564329,0.8805381142005159
9523,0,-2.3481390782763607,1.534415769408734
9524,9,-0.6473316161207303,-1.1979845049353903
9525,17,-0.05668909252795374,-1.2816644947142015
9526,3,-1.2437819934859595,1.0306456414671
9527,2,-1.0213716127161752,0.0026292346827078094
9528,7,1.6642872870100147,1.3757387633905043
9529,12,0.4250818957718037,-1.252756956955251
9530,5,0.029731378567554256,0.3768085206295719
9531,11,0.8306886959955314,0.5549909709745878
9532,6,0.5830760376965135,-1.6452250414662875
9533,7,0.8384619487937413,0.7822300040279062
9534,15,-0.261436315057795,-1.0155071695497557
9535,11,1.6112625003053749,2.046760740282892
9536,10,-1.483100037753265,0.9751300029184841
9537,5,-0.32111532684149413,1.4430904793068955
9538,7,1.674212725706279,-0.4106509707177151
9539,1,1.2955309999880409,-1.3489461786321248
9540,4,-0.9059324404092947,0.4801257129557705
9541,17,1.588611673872289,-1.0080149174501094
9542,11,1.4526411860781918,0.75003638062004
9543,7,0.744873829550375,1.8938060937007921
9544,3,-0.0724345163831884,-0.9264548071119698
9545,5,-0.1402000912892648,0.3880148409736714
9546,0,-1.169056379405526,0.911620026398648
9547,16,-0.8940352243848001,-1.5757792807986886
9548,7,0.013423016174653208,0.8619995527876321
9549,0,-0.8327048610500807,0.6592776283425877
9550,15,-0.7301145368335924,-1.0365606297617698
9551,12,0.4828719005856656,-1.9749184796757309
9552,4,-1.004130797741161,0.8299181974703639
9553,3,0.12089094153340083,-0.09022519619038732
9554,13,-2.129744229842126,-0.9314595594426063
9555,14,-0.09310192500240384,0.615764156724063
9556,1,1.1510155190469562,-0.08090363627343641
9557,16,0.8307786322795319,-0.9247954211402527
9558,15,0.5756804134977275,0.22577025202252626
9559,3,-0.8515907150670557,-0.3972095626823394
9560,18,-0.12754680460271922,1.791646933891337
9561,3,-0.7184146586400522,-0.012114004677495528
9562,1,1.0044387657162794,-0.8785004309799268
9563,19,0.4747643667731224,1.2762342308010242
9564,17,0.4937163001688878,-0.4483052784543214
9565,6,0.2722478246015599,-0.4112468314934905
9566,17,0.3970222729778973,-1.0436768394933145
9567,1,1.1904352675351,-0.6165711215710089
9568,6,0.05812463884329492,-0.7307660774577518
9569,17,0.5013225011795162,-0.6566134562680248
9570,6,-1.3921817814410309,-0.22757679901616565
9571,10,-0.04775216419212827,1.3846866346656321
9572,2,-0.4275793113668907,-0.44505882852406853
9573,13,-1.1374593004473899,-0.6368857251611298
9574,17,0.8415490911825456,0.2662733329661979
9575,19,-0.31095097462208066,1.5148507430729323
9576,8,-0.12194508767814273,0.6384536009536947
9577,14,0.9685501667846133,0.7496984273740362
9578,6,-1.805299462696061,-0.9241681008552114
9579,0,-0.7221873723900215,0.7852274589211454
9580,5,0.21787448052046687,1.1073879928886667
9581,5,1.2678511465920512,1.1838033234036915
9582,8,0.7809605766454915,0.1746938400302114
9583,2,-0.16178853854940944,-0.7590948583870223
9584,13,-0.6447367400543325,-2.398827992834994
9585,12,1.364408701976314,-2.1940264678529835
9586,1,1.5050137283240155,-0.05503514609144682
9587,2,-0.2869127965060856,-0.4553044779914698
9588,0,-0.9499346048653574,2.3847578810069643
9589,3,-1.1347800798567194,0.024975420606103187
9590,2,-1.104078101796781,-0.5275330190342853
9591,7,0.05900613119509815,0.24453499406272755
9592,1,1.4595647416249253,-0.7943007101094639
9593,1,1.1179091446248446,-0.006567743825979862
9594,13,-0.27329957799900767,-2.630588135557171
9595,18,0.38338060163999294,1.763344211578444
9596,11,1.1867606082649667,1.3103503318733145
9597,16,-0.26103940399915815,-1.9678322151014402
9598,15,-0.7073285404218516,-0.03820532296126804
9599,17,1.4219307798454845,-0.8677792640166104
9600,9,0.4323109806316881,-1.042047455616154
9601,12,0.9957548443191822,-2.2838377937410024
9602,2,-0.5113726519044357,0.7934280515961839
9603,11,1.218483629317253,0.6414699117560032
9604,13,-1.4816827966020407,-1.4723482287402883
9605,18,-0.42880272025805083,0.5676179034768271
9606,8,0.8608462573688697,2.118781390805034
9607,4,-1.099359694491676,-0.39875186853500977
9608,12,1.6470761772615146,-0.8918587357670039
9609,18,-1.4112252868285329,1.5327889671697195
9610,14,-0.6087270072655442,-0.6725488759358959
9611,1,0.769664200354716,-0.8463229902865987
9612,3,0.8392838343144466,0.5617098579527166
9613,8,1.055071181809753,0.7113507988248104
9614,10,-0.3500327843162704,0.6449586230998108
9615,17,-0.21223875494338756,-1.2754335472362084
9616,7,0.5330409146327802,-0.02927674359474403
9617,6,-1.3912428217062156,-1.2870087573871072
9618,11,0.753257928776148,1.2021258502669834
9619,12,1.130869880392745,-1.7188956943340066
9620,1,1.7845684876508396,-0.44291932378169097
9621,8,2.3880744610174207,-1.461375404585942
9622,18,0.10329375132096466,1.6608416038263079
9623,3,-0.6106288303103957,-0.7859570598984891
9624,12,0.16473030976308298,-1.690846020744032
9625,9,-0.3731680749484455,-1.1165249494227523
9626,0,-2.722220640810365,1.1625880403609286
9627,11,2.2182690377807828,0.6696033854709121
9628,4,-0.7824208748398992,0.43556713286423976
9629,9,-0.7204206752812072,-1.0462146898151896
9630,0,-2.388353129118922,0.4527214666659995
9631,16,0.5143838996591235,-2.5987359892735005
9632,16,-0.3312126699454392,-0.15204098678155528
9633,7,0.4813562081499056,0.12451240911955748
9634,17,-0.2705617609959592,-1.471336616227985
9635,14,-0.15910731382293794,-0.0543508483825185
9636,6,0.43892422710083207,-1.211572061984605
9637,2,-0.9350139312306196,1.3148567880136823
9638,3,-0.7338989606780841,0.27003921146682075
9639,12,1.38262550576602,0.007480385980667606
9640,17,1.3342189868473904,-0.40215144335244035
9641,10,0.4566700434427824,2.1043878840672514
9642,8,1.091672217477559,-0.052303002331892494
9643,4,-1.597529454401586,0.3257841740579534
9644,0,-1.7220888719249705,0.08530879743023158
9645,13,-1.2407472760152156,-2.112335166619097
9646,4,-0.10378716723955046,0.2471475358044811
9647,5,0.18546842707582953,-0.0463850356250504
9648,17,0.32891520315692285,-0.8657408706722736
9649,6,0.17330008976950825,-0.7873965077183072
9650,19,-1.4981425040864578,0.8701013182564551
9651,14,0.5094064117952782,-0.8152549603482382
9652,17,0.6649853617894366,-1.0405306862937524
9653,7,0.7745767066401246,0.45648099902369615
9654,12,0.48775150745600576,-1.6226853416285119
9655,15,0.48111324276366235,-0.2538511953898343
9656,1,2.8248565368001715,-0.1366249281734699
9657,15,-0.014595868888929091,0.38023637442458225
9658,11,1.7761524891909632,3.4653004594385624
9659,9,-0.4577343800970478,-1.44311765713515
9660,7,0.27274660699600883,1.235920282812451
9661,3,0.2429263167544171,-0.39968037959889263
9662,3,0.2612531782666668,-0.3830765774189961
9663,4,-1.5277686753658293,-0.4256530577171481
9664,5,0.4296317247007782,1.578572735801594
9665,17,-0.005759743270481566,-0.2994476639410414
9666,11,2.125276938386685,1.0679917313184653
9667,17,0.6756122366440588,-0.2712167887534606
9668,10,0.7890841116467314,2.1229532735062473
9669,18,0.16731554296500836,2.540257846829142
9670,10,0.4474909605531195,1.357032301620707
9671,4,-0.4886497575327983,0.3936335413202046
9672,5,0.7840038603402255,0.441576099403201
9673,3,1.0736231523130366,-0.21516699334809528
9674,18,-0.37314780513484697,1.074049308240911
9675,9,-0.21938305064065167,-1.3693973145767457
9676,19,0.20183280773604786,0.6441666649949205
9677,4,-1.1677032514422268,-1.366523354963506
9678,13,-1.3471290214260325,-0.2311954125527719
9679,16,0.4993326863132737,-2.0746493289061556
9680,13,-1.7206202874356695,-2.5666035973553227
9681,9,-0.597152798229678,-0.4699758767575138
9682,13,-1.6800708863870057,-2.1521144138210966
9683,16,0.7192442360881649,-0.7462767382087108
9684,14,0.1619940963155316,0.004333094279351334
9685,14,0.21103186240057223,-0.3327147439968622
9686,10,0.08093666199351551,0.8367840754254896
9687,11,0.7168285271537231,1.6948098736423285
9688,14,0.8797981878926961,-0.46494707784673867
9689,1,1.2836341326316285,-0.7218240259160579
9690,13,-0.6245859242005914,-1.3327510086595198
9691,5,0.9045543287866185,-0.12989933321406316
9692,14,0.7558929714891061,-0.1465687290968739
9693,7,1.1860350343178412,-0.7336696766560125
9694,17,0.5342461185496626,-0.7148886531876837
9695,2,-0.741398960951726,-0.3176066708475083
9696,14,-0.03817469652068145,-1.7108017177685508
9697,17,-0.5947488596883213,-1.4943805506279582
9698,11,1.035139420573719,1.121930216751454
9699,3,-0.02681910553861453,-0.5853250480442544
9700,18,-0.7764794202342504,2.0190158224547443
9701,14,0.19727107737568753,0.11698784490347361
9702,13,-0.3922832673341493,-1.0876335263920052
9703,18,0.12617024638762778,1.539881898233948
9704,17,0.9745145891026888,-0.7312402515319629
9705,2,-1.1329596246031226,-0.09112967869789541
9706,8,1.886486813160301,-0.1277972574619927
9707,7,1.7683815617673622,0.6390680057421763
9708,18,-0.11604812923035922,1.4855520183291313
9709,1,1.8777562452372243,-0.6122660527840963
9710,6,-1.679993022509976,-0.8576193939103387
9711,11,1.4578225872680355,1.552584958001865
9712,19,0.40311855147334524,0.6984085640339225
9713,14,0.8786813230281043,-0.09755108420149675
9714,5,0.4634499491908019,1.5849602760433423
9715,1,1.0913127563844685,-1.1486410286123132
9716,4,-0.6904934194030353,1.002900317745756
9717,14,-0.11161724013411377,-0.7278434990920726
9718,16,-0.9290235028591584,-1.3971927201141714
9719,18,0.763957825525121,0.8692349735792144
9720,18,-0.44248343735569856,0.8916255083963236
9721,13,-0.9294915688569058,-1.169598855662146
9722,6,-1.4341237888428333,-1.021011851670445
9723,18,-0.5569400735338235,0.34902177903007475
9724,14,0.6290173337917996,-0.26429808782112674
9725,2,-0.1390012809697844,0.7555997103768335
9726,9,-0.7304488052826262,0.6145798563332053
9727,6,-1.0216030462992398,-1.5469810571902396
9728,14,0.26718231819390265,-1.04525352140218
9729,1,1.3128980806991146,-0.7590139054300635
9730,1,2.1808764015212874,-0.9007383994024242
9731,17,1.664415911390025,-0.024442622159539937
9732,4,-0.5057704995062343,0.6189249092954153
9733,7,1.3106021567337913,0.22184497713570525
9734,4,-2.037349030929563,-1.0655906459771962
9735,12,1.818541161773301,-0.7489508317897413
9736,17,-0.10692459812414054,-1.3112264808176375
9737,6,-0.543737332624893,-0.8233352103816205
9738,2,0.026410003442701585,-0.19238025199071057
9739,6,-1.4108972061475538,-0.25231725619428225
9740,3,0.5005048187691343,0.3082357264308967
9741,6,-0.5260307119242358,-1.2222602091224997
9742,2,-1.1410100096140323,0.486120672589945
9743,5,0.4481067781996227,0.6007465415791207
9744,9,-0.4265527477933659,-1.30512173493046
9745,12,1.827959842459719,-0.702725831868461
9746,2,-0.45923380060348623,0.8306566275642715
9747,14,-0.196909217139132,-0.050711369686221155
9748,11,0.9311443099276441,1.0144496923933601
9749,9,-0.5970310073395219,-0.626707167288644
9750,7,0.8726576687346089,-0.08524810047295041
9751,5,0.668078808593937,1.1674493948366544
9752,9,-1.1220392809501158,-0.2852471768831998
9753,19,0.2595737545204921,-0.37453115649406166
9754,18,0.3493302129866022,1.1560378307249384
9755,4,-0.7576838718854559,-0.5302174280576822
9756,14,0.16133810637141088,-0.5178240912548308
9757,1,1.3612929437371817,-0.574674992244894
9758,19,0.6767537745941417,-0.11755552895815939
9759,7,0.594895364975778,1.1024396029404204
9760,19,1.941754305539303,0.07739867923044705
9761,7,0.45471273273739127,0.45633510950933337
9762,8,1.3085379461444995,0.9829038529392691
9763,14,-0.43619906283500015,-0.29426922054459015
9764,13,-0.4888132403938075,-1.4741647651658845
9765,6,-0.5165369620729323,-1.4214033262391281
9766,1,1.9186495002798727,-0.3085737974734284
9767,1,2.3279352134665046,0.5601673617865026
9768,3,0.6716164743535495,0.23583227906196663
9769,19,0.1427752782753037,0.04338742058486727
9770,18,-0.5972971912969803,1.8633405285243931
9771,3,-0.44056009921257977,-1.1525634576799082
9772,18,-0.5638297724210923,1.4463349626463518
9773,8,2.2851304908299155,0.8993823070882082
9774,5,0.9865190744405024,0.41362273546902895
9775,17,-0.4874346843309884,-0.41568602524201304
9776,18,0.14956037797735286,1.1942431120130295
9777,11,2.162052802853667,0.26954423323132387
9778,7,0.8022345651769869,-0.3891139747298084
9779,17,0.7947265327364961,-0.8806219636546193
9780,18,-0.07355578705608316,1.1284812429359403
9781,9,-0.8833937733295429,-0.15377304258365515
9782,3,0.23903712051705855,0.2740425893693154
9783,3,0.41505683948145405,-0.1576142209299695
9784,2,-0.8829806354871659,0.3898088767580255
9785,9,-0.5162321871283719,-0.177338515275294
9786,3,0.329829384311834,-1.2527917753137559
9787,17,0.2864049647567257,-1.3272096851729316
9788,14,0.2804190108784709,-0.7347824250721301
9789,14,0.8290697468498721,-0.41208424476519817
9790,12,0.677920866218455,-1.976347791827925
9791,7,0.7861384409413041,0.3443615879192381
9792,12,0.6708980275885275,-0.7517940608036873
9793,0,-1.626816849633627,0.8712923878117651
9794,19,1.014386725849425,0.2056615576094313
9795,8,0.35709974551283996,-0.8875607495128
9796,6,-0.16400001761548505,-1.1056520988891096
9797,8,0.10978214250502648,1.394975822900059
9798,5,0.18426221074513502,1.2558651882183827
9799,0,-2.050659476400781,0.4105174532653772
9800,14,0.692176739373488,0.5022914066865672
9801,12,0.5364585365678313,-0.7871669116029681
9802,2,0.31630027872242944,1.2062531677647141
9803,2,-0.7090477683961909,0.7654846192710504
9804,4,-0.9889358770664776,0.5138789752322389
9805,1,0.26346165486218287,-1.7449053416395641
9806,17,0.8474232582154728,-0.6487225619212258
9807,5,0.36510274385496405,1.635524795042331
9808,9,-0.14823728309104042,-1.8390059290275427
9809,2,-1.1497646263451757,2.0354743153502826
9810,14,0.16591556730727033,-0.384741862877224
9811,19,-0.909652157426487,1.4632939991736453
9812,14,0.1973159306233506,0.15398030220201273
9813,14,0.843168802315913,0.4234812311008135
9814,10,-1.1138281717223182,0.7205799415517643
9815,12,1.4152296087281613,-1.606059303654984
9816,17,0.5974786023100759,-1.6858939640881687
9817,13,-1.4481047715304485,-1.5280213697691973
9818,10,-1.8583381961416783,1.9847581371407383
9819,7,0.47451038608446366,-0.2591912957774898
9820,17,0.06140389035534144,-0.8934574260558841
9821,18,-0.14296760882604076,1.5121936027128267
9822,3,-0.3452790968011406,0.4002851525049123
9823,12,0.23948074227628594,-0.9948039124746906
9824,15,0.7100297079571385,-0.482626696373115
9825,5,0.8785438247698372,0.5315582297233984
9826,2,-0.6376875814528854,1.7124157770414892
9827,0,-1.7118858580140213,0.8375783073578672
9828,12,1.4035727731695706,-1.1495219638077518
9829,3,0.6441414526687581,-1.11610044137728
9830,14,0.7161203343508504,-0.07332884721692867
9831,9,-0.6815593601609178,-0.46499740160846076
9832,19,-0.7523556108297013,0.7900099188671804
9833,4,-1.345162125231157,1.0867379134376807
9834,6,-0.21522100239967523,-0.24946053461610285
9835,2,-0.3929155468580738,0.8154236755581582
9836,3,-0.015902019994009815,0.06132877739087514
9837,14,0.5646801887315289,-0.40222125743179543
9838,2,-0.6938319878281567,-0.6812464500229369
9839,0,-2.199119629326631,-0.2377308021360142
9840,7,1.3701974286929177,1.8380323101237723
9841,19,0.09955935684408117,-0.7037897377894909
9842,11,1.6137236770106445,0.8235185891521225
9843,11,1.8734408671749914,0.5178773766266823
9844,14,0.8679366600577183,-0.6158046169097702
9845,1,1.2471582223725841,-1.3270521116168688
9846,15,1.0890591530079465,-0.44880465988500967
9847,4,-1.5410194150029348,-0.384083071899255
9848,0,-2.2327232778599537,0.6585720074451566
9849,18,0.41809326076569425,1.0541448263459567
9850,3,0.8731757056850218,-0.3307580983502994
9851,4,-1.629719462855402,-0.38333375237015666
9852,17,0.6255802772962364,-0.8558601692985532
9853,13,-0.901840833473453,-2.1008878491401526
9854,11,1.4632310535679722,0.9947333881901147
9855,0,-1.0195464036188933,1.1504951282288984
9856,13,-1.4111386039782603,-1.7119464877511303
9857,10,0.8342217228850061,1.515107413139653
9858,12,0.48331158627015086,-0.6477488668512316
9859,11,1.2887238533444396,0.41067178579586816
9860,17,0.1806144652665976,-1.4433240538107448
9861,1,1.3614620812630984,-1.3923825861325037
9862,4,-0.9878353023756101,-0.5265602362306162
9863,4,-0.8430866445351217,-0.1999150133372692
9864,14,1.4625227311429823,0.6110919089232485
9865,10,0.5580788119431197,0.43981289012294145
9866,11,0.8137148724487612,0.7139937854737278
9867,16,-0.42581533459903853,-0.03418866346222299
9868,18,-0.7052436960888743,1.2096982544488661
9869,11,2.3231048497795213,1.1407192808079445
9870,0,-2.1199543995678605,0.36718931405078276
9871,13,-1.5223198701309297,-1.4974618765122363
9872,10,0.11488103851188845,0.9348366763499156
9873,15,0.9219908733882225,1.2473975779257185
9874,2,0.14278409304871872,0.7162826307527793
9875,1,0.7779975566485806,-0.47937070212041305
9876,3,-0.3554188898688893,0.6731548954861318
9877,19,0.3068035737196919,0.3983763454441044
9878,7,1.7575302259391987,2.025797954141886
9879,6,-0.537298185754901,0.2148086305873012
9880,15,0.3902744935697625,-0.3938589669261855
9881,15,0.1704902685480699,-0.3421402120822818
9882,4,-1.582137333829685,-0.2922569955653951
9883,13,-0.2108059519420041,-1.5872171804682418
9884,19,1.8794297793845736,0.6285686295302101
9885,13,-0.4257523818110722,-2.175223434658547
9886,18,-0.7123982344877106,2.0740277866065284
9887,14,0.5125542293674568,-1.076841031859399
9888,11,1.7609495500311507,1.4628582570228972
9889,19,0.06048289755242534,-0.23699522238344725
9890,1,1.9843092091612853,-0.9195777666669411
9891,0,-1.7693140920884203,0.45786216051500045
9892,7,1.0378783337895074,-0.42977691568285414
9893,11,1.3038208589927878,1.8897784688219947
9894,9,-0.296133564015467,-1.8409871509658244
9895,0,-0.6304802922034054,0.7601244506856409
9896,17,-0.20719024303693975,-1.3418432319634455
9897,9,-0.700848198525975,-1.7702053811771463
9898,2,-0.5687188698437974,0.4710378511681125
9899,5,-0.13284592624289931,0.5146750079387572
9900,15,-0.31059532991836863,0.5691289068586899
9901,7,1.4558089803291818,0.3945106922012892
9902,17,1.4974698666545676,-0.5595852558644414
9903,8,-0.5105507767189353,1.0207771015028548
9904,14,0.4264691913044735,0.9954545664903361
9905,4,-0.8118458501737543,-0.3014753703250476
9906,11,0.995854661785807,0.15683693837397317
9907,3,0.009166917435316306,-1.2093204286501475
9908,1,0.7452520950869563,-1.4998874961136104
9909,12,1.0946258627341425,-0.8260576785849086
9910,14,0.17414781935909346,-0.763652307244133
9911,11,2.0391418575095277,1.8212062804918991
9912,19,-0.5109588804232064,0.3942494999443997
9913,4,-0.9601948117946387,0.5097622793504218
9914,18,0.13794610246714048,1.4102742420627405
9915,17,0.913204759254021,-1.3818428595640884
9916,12,0.8157439144116144,-0.1338579368876456
9917,9,-1.5263582499238613,0.045899956717459
9918,0,-0.875577867460045,1.598907652889795
9919,1,0.8469639029260747,-1.6167409650540292
9920,3,0.7727591183915563,0.08933512006405825
9921,17,0.22301628392998138,-0.20983319529768055
9922,4,-0.6324496999092325,0.6638318907426185
9923,9,-1.8312050790523087,-1.18941866268614
9924,11,1.4107430992911505,0.2526976718916769
9925,19,-0.18425054164927815,-0.8594502179295035
9926,5,0.32726537970211383,0.43222923788323747
9927,8,0.5497921188343803,0.903765221495322
9928,2,-0.3297789144300353,0.4046024482080788
9929,11,1.0550188403975487,1.6117278442555456
9930,5,-0.14760648954541716,0.8723136443407676
9931,3,-0.00851400697978814,-1.1893033686077077
9932,18,-0.887925782685968,0.9004302396570935
9933,10,-0.9885149923200081,0.8242474489409288
9934,9,-0.09863887935073297,-1.5776475463608313
9935,5,0.34217814942512087,0.999408853280842
9936,10,-0.4874164009171827,1.2749957177319071
9937,2,-0.8106349256333414,0.6393633430230686
9938,6,-0.6665367109698164,-1.04234603006333
9939,14,0.18822657211383828,-0.05271865793869325
9940,18,-0.12653603307652006,2.3275086380950087
9941,5,0.7706070951723601,0.9222957816654903
9942,10,-0.8328603243731724,1.2834308886919625
9943,14,1.0144041868506868,0.6157028118675153
9944,14,1.0492976970831898,0.706491471233235
9945,18,-0.2761964961163942,2.164187248924789
9946,12,1.754941707606144,-0.5666430262140337
9947,9,-0.1845933309647439,-0.7153643196907804
9948,6,-0.29376219729360165,0.43968336684436954
9949,13,0.2907421898900934,-1.3171997230786567
9950,12,1.2308063383934942,0.07579658843263953
9951,12,1.013177045349668,-0.6903727207274376
9952,15,0.3125186046037089,-1.4528497960689415
9953,17,1.0268577039601268,-0.8545811333987878
9954,9,-0.5890924529093692,-1.4429757982547804
9955,1,1.584339942342438,-0.39697979016442186
9956,5,1.131931995019745,0.21740861541363696
9957,8,1.2041508096406521,0.4615987274470066
9958,18,-1.3307784527287323,2.587221727178074
9959,3,-0.4641156053574646,0.7428838214363492
9960,1,1.8364310286939551,0.2348186640669277
9961,1,1.2607065192896172,-1.603895395735624
9962,3,-0.30342892953339057,-0.7855688395597125
9963,11,0.8819818193969495,1.3006170375611863
9964,8,1.1504867164363468,0.14437807147719842
9965,9,-1.6216544125526968,-0.3934131220913722
9966,0,-1.3490952177643705,1.1297838622379026
9967,18,-0.09974412335857506,0.6421239721091975
9968,18,0.6343469618116782,1.8372416184052016
9969,18,0.18044295588369372,1.2166258163537889
9970,11,2.107182561482261,0.1387093510939842
9971,8,1.9149752329603231,1.0207679938971068
9972,6,-0.17030891492538694,0.5545551293453688
9973,3,0.3129657779107928,-0.36806333213254533
9974,7,0.8679457870179761,0.9788301962040831
9975,13,-1.531342485435876,-0.2832530498975769
9976,18,-0.19632946487110697,2.191385368092787
9977,11,1.2605172383564922,0.8901842482782402
9978,4,0.021460981974214255,0.34301424666411345
9979,6,-0.39925031920604953,-0.0712489242253962
9980,6,-1.0673391978253928,-0.7766941617818057
9981,13,-0.9592726719931154,-1.1038703557378302
9982,3,-0.2918247643738662,0.7040132236554982
9983,14,-0.199062853230569,-0.7984936895199155
9984,14,0.21615474420933525,-1.1444441265614902
9985,13,-1.38451670940967,-1.8899879038654959
9986,9,-0.6487479063436976,-0.5305857734114348
9987,18,0.7055689528801945,1.4479399311256431
9988,1,1.045615942847601,-1.5168254726151151
9989,13,-1.7238166285996772,-1.9730578083973995
9990,5,0.49331237733004246,0.16925016134184528
9991,9,-1.0891481718621814,-0.30679256930008986
9992,6,-0.5764613615622803,-0.08930382472308726
9993,0,-1.7727098529379284,1.3670194032394765
9994,17,0.40736764536495734,-0.2874386274532446
9995,12,0.7713089330789364,-1.332363432890866
9996,5,0.7653393003627964,0.4117899554543807
9997,13,-0.9531001987959649,-2.006521635974374
9998,15,0.1729690542014025,-0.18211301499654692
9999,11,1.4355131725522172,0.3761957912798563
