age,annual_income,spending_score,debt_ratio,credit_card_count,overdue_count_6m,credit_score,is_overdue
50,3406.0,54,0.29,1,1,295.0,0
25,2161.0,7,0.78,2,0,259.0,1
56,6390.0,83,0.88,9,2,323.0,0
54,2821.0,10,0.01,2,2,377.0,0
50,4925.0,90,0.06,7,1,395.0,0
31,4931.0,83,0.45,1,1,321.0,0
43,4738.0,28,0.18,9,0,425.0,0
34,5275.0,37,0.41,2,4,250.0,1
31,5036.0,68,0.58,1,0,423.0,0
63,1962.0,83,0.57,9,1,273.0,1
48,4882.0,7,0.99,9,0,301.0,0
25,4833.0,11,0.73,5,3,253.0,1
30,6562.0,33,0.8,8,0,428.0,0
32,2783.0,74,0.9,7,0,300.0,0
38,8086.0,44,0.73,7,0,434.0,0
65,2321.0,6,0.41,8,0,299.0,0
37,7757.0,49,0.58,2,2,336.0,0
51,7473.0,61,0.21,5,0,516.0,0
23,6572.0,89,0.96,6,0,365.0,0
56,7620.0,88,0.54,1,0,536.0,0
34,7588.0,85,0.96,6,1,438.0,0
67,6415.0,59,0.36,7,0,436.0,0
68,5518.0,23,0.71,5,1,362.0,0
51,1772.0,12,0.06,9,1,299.0,0
20,5130.0,58,0.8,9,1,367.0,0
24,7474.0,32,0.49,7,1,384.0,0
65,3435.0,3,0.74,3,1,302.0,0
48,3287.0,82,0.94,6,0,270.0,1
38,6686.0,97,0.4,5,0,448.0,0
52,8365.0,88,0.6,1,0,546.0,0
33,6466.0,84,0.05,2,0,494.0,0
34,5108.0,47,0.73,7,1,329.0,0
68,5893.0,2,0.43,9,1,409.0,0
31,7955.0,36,0.72,8,0,481.0,0
43,3230.0,53,0.48,1,1,250.0,1
43,5522.0,78,0.91,8,1,344.0,0
64,4985.0,96,0.15,7,0,417.0,0
38,5436.0,88,0.43,2,0,398.0,0
53,6794.0,39,0.34,8,3,339.0,0
63,3483.0,36,0.08,1,1,351.0,0
37,7706.0,64,0.22,1,0,537.0,0
66,10079.0,63,0.25,7,3,423.0,0
55,6869.0,78,0.1,8,0,475.0,0
57,5538.0,61,0.8,2,1,273.0,1
31,5276.0,91,0.32,4,0,434.0,0
26,6039.0,71,0.99,3,0,392.0,0
67,3443.0,23,0.58,3,0,372.0,0
65,2276.0,20,0.84,9,0,188.0,0
32,6856.0,76,0.42,9,0,451.0,0
57,6863.0,66,0.96,3,1,375.0,0
38,7375.0,28,0.36,5,0,485.0,0
55,4651.0,86,0.39,5,1,365.0,0
42,4295.0,85,0.28,2,2,302.0,0
45,5213.0,42,0.34,2,0,425.0,0
68,7214.0,35,0.35,2,0,535.0,0
45,3684.0,11,0.31,6,0,351.0,0
64,4681.0,93,0.58,2,1,316.0,0
55,4521.0,63,0.3,9,0,306.0,0
42,3991.0,56,0.67,4,1,315.0,0
56,4992.0,82,0.26,4,0,428.0,0
46,3799.0,61,0.85,6,0,304.0,0
28,8476.0,14,0.86,4,1,427.0,0
31,1500.0,82,0.68,2,0,258.0,1
36,5735.0,10,0.25,8,0,456.0,0
49,4992.0,4,0.77,6,0,381.0,0
58,5334.0,49,0.65,9,0,402.0,0
61,2701.0,95,0.79,8,1,209.0,1
48,3317.0,52,0.41,1,0,352.0,0
56,2741.0,87,0.23,2,0,373.0,0
68,4459.0,5,0.21,4,0,390.0,0
62,1500.0,36,0.03,8,0,409.0,0
22,3040.0,54,0.67,8,0,289.0,0
58,1500.0,4,0.76,2,2,142.0,0
26,8195.0,82,0.11,9,0,504.0,0
48,6429.0,17,0.81,8,0,450.0,0
23,4564.0,25,0.99,1,0,303.0,0
32,8066.0,14,0.2,3,0,534.0,0
64,5171.0,56,0.13,1,0,455.0,0
34,8507.0,90,0.01,3,0,635.0,0
35,10422.0,3,0.3,4,2,463.0,0
55,6387.0,98,0.02,9,1,466.0,0
62,1500.0,18,0.75,4,1,239.0,0
24,5359.0,42,0.37,8,0,389.0,0
63,3027.0,58,0.85,5,0,285.0,1
64,4203.0,84,0.65,8,1,316.0,0
26,6934.0,53,0.43,4,1,419.0,0
53,5613.0,46,0.55,5,0,366.0,0
56,3942.0,61,0.63,1,0,400.0,0
45,6119.0,76,0.84,4,0,397.0,0
25,8629.0,77,0.99,6,1,459.0,0
25,4686.0,69,0.82,1,0,338.0,0
48,4317.0,83,0.91,5,1,304.0,0
45,6620.0,52,0.09,1,1,502.0,0
32,8737.0,30,0.72,4,0,473.0,0
24,5013.0,54,0.35,1,0,391.0,0
24,1686.0,29,0.4,1,1,305.0,0
49,4240.0,57,0.26,2,0,415.0,0
40,4800.0,75,1.0,4,2,270.0,0
45,5978.0,3,0.1,1,0,477.0,0
54,7083.0,95,0.16,4,0,500.0,0
44,5717.0,63,0.11,2,0,473.0,0
66,8198.0,86,0.27,3,0,532.0,0
69,1500.0,26,0.39,4,1,190.0,1
45,11081.0,69,0.24,6,0,542.0,0
51,4005.0,33,0.89,1,0,356.0,0
47,4113.0,9,0.95,3,0,298.0,0
58,4141.0,31,0.44,7,2,242.0,0
57,7693.0,48,0.03,5,0,491.0,0
58,4625.0,47,0.83,1,0,378.0,0
69,6564.0,76,0.41,2,1,412.0,0
44,2628.0,80,0.68,7,0,333.0,0
40,6325.0,81,0.17,9,2,365.0,0
50,1633.0,41,0.41,4,1,255.0,0
51,4284.0,33,0.62,7,0,354.0,0
57,7196.0,23,0.91,7,1,373.0,0
69,5129.0,79,0.69,8,1,290.0,1
68,4773.0,94,0.0,8,0,409.0,0
21,2607.0,77,0.34,9,0,445.0,0
40,4143.0,37,0.4,8,0,422.0,0
68,4040.0,1,0.91,6,2,220.0,1
30,7253.0,14,0.34,8,0,417.0,0
26,1866.0,39,0.91,3,1,226.0,1
32,3826.0,14,0.97,4,0,323.0,0
63,7911.0,37,0.06,4,0,502.0,0
40,6661.0,67,0.01,1,0,539.0,0
41,5568.0,83,0.01,5,0,473.0,0
54,3846.0,14,0.53,3,0,377.0,0
46,6148.0,87,0.71,3,0,397.0,0
25,8402.0,45,0.27,8,0,519.0,0
28,4557.0,95,0.07,8,1,379.0,0
63,2421.0,72,0.51,1,1,249.0,0
63,9413.0,51,0.9,8,1,447.0,0
55,3711.0,41,0.5,2,0,324.0,0
46,7597.0,27,0.32,7,0,504.0,0
24,5756.0,50,0.44,7,1,337.0,0
29,6304.0,44,0.76,1,0,402.0,0
64,4171.0,57,0.01,5,0,413.0,0
45,8457.0,75,0.52,9,1,412.0,0
49,3240.0,60,0.11,4,0,403.0,0
20,5582.0,94,0.12,5,0,457.0,0
27,4143.0,96,0.31,8,0,354.0,0
29,5309.0,67,0.51,5,0,373.0,0
61,7592.0,21,0.9,2,2,322.0,0
35,5162.0,50,0.18,1,0,455.0,0
42,8197.0,84,0.26,8,0,540.0,0
25,6087.0,98,0.41,6,0,472.0,0
35,5174.0,61,0.72,6,0,425.0,0
32,6181.0,39,0.53,7,0,452.0,0
66,5275.0,8,0.66,3,0,423.0,0
57,4082.0,16,0.85,9,0,305.0,0
62,8461.0,46,0.16,7,0,586.0,0
51,5978.0,4,0.93,6,1,372.0,0
30,2848.0,16,0.7,2,2,206.0,1
29,7556.0,69,0.08,1,0,496.0,0
37,3653.0,50,1.0,5,0,346.0,0
38,3376.0,88,0.91,7,1,158.0,0
51,4729.0,87,0.94,8,1,265.0,1
61,5092.0,29,0.28,2,1,354.0,0
42,5651.0,17,0.06,5,0,451.0,0
41,4808.0,90,0.82,1,0,333.0,0
68,5403.0,14,0.8,7,0,399.0,0
31,4075.0,87,0.2,5,0,403.0,0
35,8226.0,14,0.26,6,0,519.0,0
43,7884.0,27,0.14,3,1,476.0,0
39,1638.0,24,0.82,2,2,158.0,1
30,4599.0,36,0.75,6,2,264.0,1
37,6752.0,80,0.14,2,2,379.0,0
48,4491.0,18,0.29,3,0,410.0,0
67,8117.0,16,0.5,8,3,425.0,0
45,2900.0,12,0.78,3,0,337.0,0
56,4005.0,32,0.32,5,0,418.0,0
56,3052.0,78,0.78,4,1,279.0,1
36,4234.0,63,0.63,8,1,318.0,0
64,2742.0,17,0.83,8,0,233.0,1
65,4886.0,73,0.95,9,1,303.0,0
54,3827.0,55,0.71,1,0,308.0,0
44,6989.0,53,0.97,1,1,348.0,0
61,3826.0,95,0.36,4,2,285.0,1
23,6597.0,1,0.35,5,0,502.0,0
66,8331.0,24,0.22,6,2,349.0,0
31,3739.0,28,0.52,9,0,334.0,0
44,8200.0,86,0.54,7,0,471.0,0
50,5150.0,76,0.66,9,1,312.0,0
65,6635.0,78,0.66,9,1,437.0,0
27,2743.0,48,0.2,9,1,305.0,0
20,3369.0,52,0.12,2,1,337.0,0
54,3510.0,79,0.38,9,0,350.0,0
50,5882.0,39,0.4,1,2,299.0,0
24,3530.0,96,0.32,8,2,261.0,1
54,5189.0,69,0.69,4,0,400.0,0
57,5402.0,19,0.17,5,1,408.0,0
51,7692.0,42,0.69,8,0,469.0,0
45,4676.0,32,0.44,8,0,411.0,0
21,5476.0,24,0.95,2,0,393.0,0
64,2470.0,42,0.55,9,1,274.0,1
68,7505.0,68,0.25,8,0,484.0,0
36,4110.0,86,0.45,7,0,358.0,0
68,6828.0,15,0.38,6,0,408.0,0
36,5004.0,32,0.1,5,0,475.0,0
31,8049.0,16,0.41,4,0,496.0,0
31,3479.0,83,0.26,2,0,410.0,0
45,4957.0,22,0.42,6,1,372.0,0
52,4004.0,90,0.98,9,0,284.0,0
68,5556.0,40,0.78,8,0,432.0,0
64,6475.0,49,0.14,8,0,488.0,0
48,6494.0,86,0.92,8,0,400.0,0
49,6581.0,5,0.51,3,0,446.0,0
64,7250.0,10,0.23,3,1,392.0,0
66,5328.0,7,0.91,6,0,345.0,0
65,1975.0,37,0.57,8,0,299.0,0
21,8823.0,28,0.71,1,0,531.0,0
43,6299.0,22,0.94,3,0,421.0,0
63,7176.0,63,0.89,1,0,460.0,0
26,4968.0,25,0.47,9,3,188.0,1
56,4934.0,46,0.31,2,1,338.0,0
33,3188.0,7,0.2,7,0,388.0,0
38,5937.0,71,0.61,1,1,361.0,0
27,4867.0,99,0.23,2,0,405.0,0
45,1854.0,88,0.93,2,0,284.0,1
36,4203.0,12,0.13,3,0,355.0,0
49,4481.0,85,0.52,7,1,359.0,0
35,3551.0,55,0.69,4,0,346.0,0
36,5160.0,1,0.33,9,0,468.0,0
29,7612.0,43,0.45,2,1,428.0,0
39,3871.0,81,0.28,2,0,399.0,0
20,7991.0,52,0.07,1,1,460.0,0
64,5802.0,77,0.81,5,1,292.0,0
41,3940.0,78,0.12,7,0,418.0,0
28,5006.0,97,0.55,7,0,399.0,0
33,10265.0,44,0.99,5,2,394.0,0
34,2146.0,23,0.47,4,0,317.0,0
65,4242.0,60,0.45,6,2,289.0,1
45,5404.0,78,0.41,7,0,417.0,0
63,4113.0,22,0.88,7,1,338.0,0
39,5105.0,14,0.63,8,3,277.0,1
49,8938.0,86,0.19,6,1,479.0,0
23,4954.0,23,0.53,5,0,384.0,0
26,7936.0,57,0.89,7,0,472.0,0
35,7904.0,33,0.4,5,0,547.0,0
35,6136.0,14,1.0,6,0,375.0,0
37,5341.0,6,0.44,3,3,195.0,1
57,5834.0,23,0.05,6,0,455.0,0
27,5275.0,59,0.86,8,1,348.0,0
66,5587.0,96,0.39,1,0,450.0,0
38,5672.0,36,0.63,4,0,440.0,0
56,5207.0,16,0.36,5,0,377.0,0
51,6688.0,99,0.77,7,0,416.0,0
61,6255.0,5,0.36,6,0,417.0,0
38,6692.0,56,0.95,2,0,397.0,0
29,8226.0,73,0.06,6,0,529.0,0
27,4628.0,24,0.46,9,0,431.0,0
64,3468.0,62,0.77,5,2,295.0,0
40,3695.0,25,0.03,1,2,350.0,0
22,3400.0,40,0.41,3,2,236.0,1
23,4599.0,62,0.88,6,0,336.0,0
48,5987.0,29,0.18,5,0,457.0,0
55,3241.0,57,0.57,2,1,270.0,0
65,2935.0,21,0.75,1,1,278.0,1
22,4050.0,71,0.82,7,0,327.0,0
33,3868.0,73,0.81,9,0,321.0,0
58,3799.0,30,0.92,3,0,345.0,0
51,3323.0,77,0.63,4,1,299.0,0
23,6111.0,55,0.82,7,0,357.0,0
33,3455.0,27,0.93,3,0,331.0,0
52,8760.0,63,0.14,1,1,470.0,0
67,5287.0,72,0.05,8,1,407.0,0
53,6584.0,62,0.49,2,0,384.0,0
39,3570.0,30,0.55,6,0,327.0,0
57,7956.0,97,0.29,3,1,454.0,0
27,4206.0,57,0.7,5,1,310.0,0
47,4822.0,26,0.0,9,2,335.0,0
58,4487.0,37,0.97,4,3,203.0,0
52,6763.0,87,0.8,8,0,351.0,0
53,3559.0,58,0.68,7,0,276.0,0
36,3729.0,29,0.23,3,0,414.0,0
59,4582.0,33,0.5,1,0,390.0,0
50,3633.0,77,0.04,3,1,340.0,0
48,6405.0,42,0.93,5,1,396.0,0
50,2131.0,37,0.5,2,0,312.0,0
59,3697.0,66,0.12,5,0,403.0,0
38,6886.0,26,0.88,5,0,448.0,0
66,6589.0,86,0.23,9,1,499.0,0
35,5600.0,12,0.05,1,1,408.0,0
29,3746.0,9,0.12,8,1,385.0,0
43,5307.0,33,0.35,6,2,318.0,0
64,5246.0,20,0.87,7,0,406.0,0
31,3026.0,99,0.65,8,0,364.0,0
27,3055.0,84,0.06,1,0,396.0,0
39,3836.0,80,0.7,7,1,308.0,0
68,8330.0,93,0.21,5,0,534.0,0
40,4175.0,6,0.04,6,1,360.0,0
37,10890.0,19,0.43,2,1,534.0,0
20,6135.0,24,0.58,5,1,370.0,0
20,11235.0,84,0.27,4,0,609.0,0
34,2318.0,69,0.36,1,2,238.0,1
54,3523.0,13,0.43,1,0,357.0,0
51,8876.0,93,0.12,6,0,544.0,0
35,5258.0,93,0.1,7,0,428.0,0
21,4734.0,69,0.25,5,1,389.0,0
30,6292.0,52,0.63,8,0,385.0,0
28,5161.0,93,0.82,7,1,345.0,0
36,6406.0,70,0.04,6,1,406.0,0
63,4625.0,10,0.31,4,2,319.0,0
32,5305.0,53,0.98,9,1,294.0,0
27,7081.0,78,0.0,3,1,461.0,0
42,9232.0,32,0.17,4,0,550.0,0
25,3593.0,49,0.98,9,0,352.0,0
48,3084.0,74,0.11,5,0,432.0,0
28,7272.0,25,0.04,4,1,493.0,0
35,2770.0,74,0.61,1,1,262.0,1
54,8054.0,82,1.0,6,0,459.0,0
41,4759.0,47,0.38,4,1,333.0,0
69,1500.0,69,0.55,4,1,213.0,1
54,5015.0,17,0.3,7,2,306.0,0
44,6226.0,24,0.52,5,0,403.0,0
66,6155.0,57,0.76,1,1,341.0,0
64,2761.0,81,0.16,7,2,258.0,1
27,10017.0,51,0.0,8,3,467.0,0
62,5730.0,47,0.35,3,1,357.0,0
35,5564.0,88,0.82,5,1,344.0,0
40,4292.0,55,0.99,6,0,294.0,0
31,5814.0,12,0.41,6,0,409.0,0
45,4651.0,25,0.56,3,2,367.0,0
31,8344.0,17,0.24,8,0,531.0,0
46,8726.0,57,0.86,4,0,461.0,0
60,1500.0,20,0.56,9,2,210.0,1
21,7105.0,30,0.81,5,1,386.0,0
32,6635.0,95,0.71,5,0,429.0,0
39,2800.0,99,0.98,6,0,267.0,1
29,5751.0,61,0.03,9,0,434.0,0
31,3385.0,44,0.15,9,0,368.0,0
42,7413.0,64,0.72,7,0,476.0,0
68,5933.0,10,0.43,8,2,305.0,0
30,4225.0,40,0.58,8,2,224.0,1
22,7465.0,11,0.03,7,1,469.0,0
23,6354.0,85,0.3,6,1,423.0,0
58,7983.0,44,0.4,9,1,482.0,0
25,6098.0,40,0.81,8,0,378.0,0
26,1500.0,91,0.37,2,0,285.0,0
37,2614.0,67,0.29,3,0,346.0,0
33,1500.0,92,0.16,4,0,328.0,0
63,4616.0,66,0.98,3,0,338.0,0
39,6953.0,32,0.54,6,0,484.0,0
61,1500.0,30,0.94,3,0,225.0,1
35,6830.0,1,0.55,9,0,406.0,0
53,6430.0,79,0.44,4,1,414.0,0
29,6371.0,23,0.85,4,0,405.0,0
28,9882.0,18,0.46,8,0,512.0,0
64,9897.0,86,0.48,7,0,589.0,0
34,6778.0,76,0.26,6,0,527.0,0
65,3079.0,11,0.85,5,2,181.0,0
31,6453.0,1,0.12,6,0,529.0,0
41,1500.0,13,0.96,8,0,258.0,1
68,5818.0,28,0.02,2,0,476.0,0
41,3156.0,20,0.18,6,1,319.0,0
47,7602.0,75,0.06,6,0,576.0,0
58,3640.0,30,0.59,5,0,390.0,0
33,5666.0,29,0.86,9,0,386.0,0
35,3267.0,52,0.49,9,0,354.0,0
21,10886.0,65,0.78,1,1,521.0,0
55,6142.0,76,0.37,4,1,398.0,0
63,2573.0,23,0.31,7,1,245.0,0
43,6891.0,77,0.86,3,0,428.0,0
57,5635.0,50,0.57,7,1,381.0,0
27,2984.0,6,0.67,9,0,310.0,0
68,7752.0,95,0.24,3,0,518.0,0
61,6401.0,86,0.05,9,0,466.0,0
27,7984.0,87,0.34,8,0,538.0,0
51,4531.0,28,0.94,1,0,333.0,0
22,4745.0,68,0.2,9,0,440.0,0
54,3806.0,81,0.9,4,0,318.0,0
28,5516.0,1,0.96,3,0,344.0,0
42,4655.0,99,0.02,8,0,438.0,0
59,4047.0,28,0.26,4,1,323.0,0
40,5441.0,69,0.48,3,0,439.0,0
31,6796.0,75,0.79,2,2,375.0,0
62,4903.0,54,0.2,9,0,427.0,0
39,4812.0,5,0.49,9,0,461.0,0
24,5417.0,85,0.75,2,1,362.0,0
33,4311.0,25,0.84,1,1,309.0,0
64,3281.0,72,0.89,5,1,268.0,1
62,4040.0,63,0.39,6,1,300.0,0
44,3942.0,77,0.57,4,3,192.0,1
44,3821.0,57,0.25,9,0,378.0,0
30,5222.0,88,0.41,1,1,342.0,0
44,5507.0,94,0.89,4,1,298.0,0
64,3145.0,13,0.19,7,2,268.0,1
53,5564.0,77,0.66,5,0,398.0,0
43,1500.0,57,0.89,3,1,237.0,1
20,8139.0,20,0.04,9,0,503.0,0
29,2535.0,29,0.61,1,0,337.0,0
62,6501.0,85,0.29,1,0,492.0,0
21,5279.0,16,0.81,3,0,353.0,0
54,6728.0,93,0.59,5,1,437.0,0
57,5787.0,67,0.92,2,1,283.0,1
64,3689.0,41,0.13,8,1,356.0,0
44,6883.0,38,0.7,5,2,361.0,0
37,3317.0,12,0.9,7,0,269.0,0
54,3910.0,7,0.72,1,0,349.0,0
43,1500.0,91,0.25,4,0,278.0,1
44,7784.0,1,0.09,4,2,457.0,0
38,4985.0,4,0.35,4,1,330.0,0
28,4196.0,78,0.6,5,1,329.0,0
67,3826.0,85,0.88,9,0,338.0,0
28,5512.0,97,0.55,1,2,320.0,0
68,5287.0,51,0.61,1,2,324.0,0
31,2121.0,58,0.54,5,0,291.0,1
35,6087.0,57,0.19,5,0,478.0,0
60,3739.0,78,0.99,8,0,319.0,0
41,7237.0,91,0.1,3,0,529.0,0
64,9113.0,81,0.35,8,0,550.0,0
53,5159.0,9,0.07,6,0,475.0,0
40,4228.0,4,0.94,6,0,341.0,0
22,2591.0,75,0.91,7,0,287.0,1
67,5020.0,44,0.57,8,1,365.0,0
67,6224.0,33,0.66,1,1,338.0,0
59,6542.0,3,0.26,8,3,353.0,0
50,4191.0,89,0.84,7,2,204.0,1
45,6474.0,96,0.49,3,0,454.0,0
58,4254.0,99,0.7,8,1,296.0,0
36,5764.0,27,0.11,5,0,491.0,0
36,5318.0,16,0.23,3,0,459.0,0
44,4506.0,15,0.41,5,0,389.0,0
38,4534.0,77,0.89,9,0,356.0,0
47,6057.0,84,0.9,5,0,392.0,0
37,4635.0,2,0.26,2,0,426.0,0
23,5273.0,38,0.87,7,1,298.0,0
67,3664.0,52,0.59,9,0,335.0,0
41,4596.0,84,0.43,7,1,374.0,0
39,5910.0,38,0.92,5,0,394.0,0
65,7528.0,28,0.59,7,0,475.0,0
52,6985.0,9,0.31,9,1,409.0,0
68,3918.0,81,0.71,7,0,402.0,0
20,1954.0,70,0.08,8,3,181.0,0
64,3940.0,66,0.5,7,0,446.0,0
33,8116.0,69,0.26,9,0,551.0,0
41,3612.0,69,0.8,9,0,297.0,0
62,6419.0,84,0.1,6,0,440.0,0
34,2733.0,82,0.03,5,0,363.0,0
35,6888.0,96,0.07,6,0,496.0,0
20,5946.0,71,0.85,4,0,401.0,0
41,5760.0,88,0.25,8,0,478.0,0
49,4183.0,80,0.57,4,0,342.0,0
43,5564.0,48,0.6,2,0,368.0,0
25,3047.0,62,0.34,8,0,294.0,0
32,4274.0,42,0.73,8,0,347.0,0
69,3341.0,98,0.45,5,0,327.0,0
28,3212.0,58,0.07,2,0,420.0,0
57,4539.0,20,0.17,2,0,455.0,0
63,10172.0,53,0.76,5,1,460.0,0
48,6521.0,45,0.11,5,0,499.0,0
22,6816.0,20,0.61,1,0,491.0,0
56,8306.0,14,0.88,2,0,479.0,0
68,2080.0,91,0.05,3,0,365.0,0
34,3479.0,47,0.79,1,0,361.0,0
43,1500.0,41,0.05,1,1,291.0,1
35,6555.0,17,0.06,7,2,412.0,0
23,5536.0,74,0.65,3,0,398.0,0
39,3886.0,13,0.81,4,0,360.0,0
33,6036.0,87,0.77,8,1,345.0,0
41,3899.0,18,0.67,8,0,356.0,0
40,7304.0,38,0.81,1,0,421.0,0
52,3812.0,66,0.12,6,0,402.0,0
55,2743.0,63,0.12,2,0,398.0,0
52,8415.0,35,0.68,6,0,468.0,0
48,4362.0,25,0.59,3,0,376.0,0
23,3806.0,21,0.15,5,0,473.0,0
29,3490.0,68,0.85,5,1,264.0,1
31,4377.0,41,0.36,1,0,364.0,0
45,6550.0,61,0.25,4,0,513.0,0
39,3687.0,30,0.77,6,1,270.0,0
47,6852.0,34,0.73,3,0,459.0,0
48,4468.0,64,0.8,6,0,328.0,0
26,6668.0,33,0.84,4,0,403.0,0
68,5782.0,79,0.32,5,0,410.0,0
60,4844.0,63,0.3,6,0,365.0,0
48,3049.0,86,0.02,4,1,329.0,0
27,4364.0,49,0.66,7,0,377.0,0
40,3458.0,72,0.15,8,1,412.0,0
39,6142.0,14,0.42,4,0,483.0,0
35,6805.0,49,0.26,3,1,446.0,0
62,7956.0,12,0.16,1,2,416.0,0
40,4969.0,80,0.07,9,0,485.0,0
40,4917.0,46,0.19,4,0,426.0,0
52,5206.0,78,0.49,7,1,351.0,0
56,3680.0,19,0.89,3,0,320.0,0
50,2469.0,68,0.42,4,0,295.0,0
40,4949.0,65,0.52,3,0,394.0,0
67,7726.0,94,0.84,5,0,458.0,0
30,6350.0,16,0.99,4,0,376.0,0
26,1500.0,63,0.67,4,0,223.0,1
31,4229.0,29,0.28,5,0,465.0,0
67,1500.0,50,0.42,5,0,320.0,0
22,6751.0,69,0.94,5,1,358.0,0
68,5065.0,1,0.84,6,0,367.0,0
28,2335.0,40,0.51,3,0,351.0,0
59,4058.0,40,0.51,3,1,344.0,0
27,6989.0,23,0.76,5,0,412.0,0
27,3717.0,43,0.26,3,0,379.0,0
40,8343.0,57,0.13,4,0,524.0,0
64,4160.0,20,0.47,2,0,321.0,0
55,8898.0,75,0.24,2,1,498.0,0
44,5222.0,60,0.03,3,1,431.0,0
37,6839.0,93,0.5,3,0,455.0,0
56,8906.0,45,0.73,6,0,531.0,0
59,7237.0,76,0.56,7,1,410.0,0
61,6298.0,74,0.66,3,1,399.0,0
45,1612.0,76,0.4,3,0,324.0,0
56,2843.0,5,0.03,8,2,292.0,0
32,8693.0,96,0.68,7,0,521.0,0
25,4356.0,85,0.01,4,0,478.0,0
32,4854.0,10,0.36,3,1,400.0,0
48,6654.0,36,0.09,4,1,435.0,0
45,1656.0,97,0.78,3,2,188.0,1
29,5524.0,15,0.21,8,0,466.0,0
43,7933.0,64,0.83,6,1,419.0,0
67,2701.0,28,0.72,2,0,291.0,1
45,4876.0,88,0.1,5,0,458.0,0
52,5626.0,55,0.85,3,0,451.0,0
47,5903.0,83,0.38,9,2,373.0,0
57,5598.0,84,0.36,3,1,328.0,0
21,7084.0,72,0.57,6,0,507.0,0
54,6797.0,36,0.58,5,2,281.0,1
66,6273.0,17,0.58,7,1,351.0,0
50,5029.0,22,0.23,5,0,406.0,0
66,3917.0,57,0.24,1,0,381.0,0
66,4367.0,21,0.07,6,0,401.0,0
39,5818.0,89,0.26,2,1,411.0,0
67,1937.0,91,0.91,9,1,250.0,1
64,3917.0,59,0.6,3,2,253.0,1
52,5830.0,29,0.69,1,0,352.0,0
45,7320.0,59,0.11,6,0,502.0,0
37,5249.0,26,0.13,7,0,411.0,0
62,3181.0,86,0.05,9,0,389.0,0
63,7387.0,78,0.17,8,1,481.0,0
45,1500.0,83,0.35,3,0,310.0,0
64,8710.0,92,0.09,2,1,483.0,0
31,6388.0,52,0.57,4,0,462.0,0
57,3792.0,61,0.59,1,0,419.0,0
61,1787.0,12,0.77,5,1,253.0,1
44,5307.0,41,0.14,2,0,397.0,0
54,5243.0,7,0.63,5,0,409.0,0
43,5772.0,26,0.76,7,0,375.0,0
45,6005.0,78,0.52,9,2,337.0,0
44,7055.0,9,0.98,8,0,449.0,0
41,4436.0,87,0.9,2,1,260.0,1
25,5857.0,85,0.74,1,0,383.0,0
53,3281.0,41,0.21,7,0,385.0,0
57,3732.0,19,0.17,6,0,402.0,0
60,6333.0,92,0.07,9,1,417.0,0
25,3654.0,5,0.16,9,0,390.0,0
48,7081.0,80,0.67,8,0,433.0,0
40,2384.0,66,0.62,5,0,324.0,0
36,7987.0,74,0.67,3,1,520.0,0
62,3401.0,35,0.86,5,0,315.0,0
61,4378.0,64,0.49,2,0,393.0,0
34,5198.0,62,0.29,7,1,346.0,0
33,5340.0,6,1.0,7,0,387.0,0
67,1500.0,51,0.72,5,0,264.0,1
41,4138.0,37,0.07,7,0,417.0,0
28,7080.0,2,0.11,7,0,522.0,0
26,6116.0,47,0.13,8,2,403.0,0
69,6161.0,8,0.22,9,1,452.0,0
58,4337.0,39,0.28,6,2,259.0,1
69,6291.0,49,0.63,5,1,394.0,0
68,6482.0,16,0.84,4,0,447.0,0
69,4200.0,18,0.05,8,0,472.0,0
39,3646.0,19,0.3,9,1,351.0,0
39,2758.0,73,0.06,7,1,317.0,0
46,8570.0,31,0.1,5,1,477.0,0
65,8971.0,13,0.47,9,0,513.0,0
40,6729.0,75,0.98,2,0,417.0,0
53,8638.0,32,0.43,7,1,500.0,0
52,4687.0,36,0.12,1,0,403.0,0
36,8804.0,40,0.37,8,1,454.0,0
51,5963.0,72,0.26,4,0,449.0,0
32,2071.0,59,0.93,1,1,197.0,1
34,2232.0,37,0.24,8,0,339.0,0
60,3081.0,7,0.59,5,0,338.0,0
51,5281.0,64,0.31,2,1,420.0,0
25,4953.0,19,0.85,7,1,268.0,1
39,4308.0,77,0.44,4,0,382.0,0
23,3282.0,20,0.67,4,0,341.0,0
32,6208.0,90,0.69,2,0,454.0,0
65,1500.0,49,0.62,4,2,185.0,1
22,6753.0,58,0.05,2,0,503.0,0
65,10603.0,57,0.16,9,0,642.0,0
41,5277.0,74,1.0,9,0,383.0,0
43,6162.0,11,0.58,8,1,439.0,0
25,3179.0,15,0.89,1,1,274.0,0
67,5772.0,83,0.75,9,0,391.0,0
46,6059.0,59,0.59,5,1,374.0,0
38,4282.0,59,0.31,4,1,308.0,0
57,5412.0,29,0.95,6,0,394.0,0
64,7404.0,6,0.64,8,1,437.0,0
49,4642.0,24,1.0,6,1,262.0,1
37,5614.0,64,0.1,7,1,410.0,0
58,5083.0,20,0.89,7,0,378.0,0
48,4142.0,94,0.94,6,1,323.0,0
62,4692.0,65,0.82,6,1,310.0,0
24,6312.0,77,0.46,1,1,437.0,0
56,1500.0,97,0.51,9,0,251.0,1
64,5449.0,50,0.08,7,0,462.0,0
41,5509.0,10,0.87,7,0,361.0,0
60,4358.0,42,0.35,4,0,400.0,0
36,5421.0,46,0.41,9,1,356.0,0
49,5333.0,17,0.48,9,0,426.0,0
49,6144.0,91,0.01,9,0,452.0,0
56,3679.0,18,0.06,5,0,388.0,0
31,8967.0,48,0.7,2,0,515.0,0
69,6256.0,63,0.7,2,1,327.0,0
35,5471.0,31,0.31,9,1,406.0,0
46,3988.0,91,0.57,9,3,205.0,1
42,3531.0,8,0.41,1,0,368.0,0
67,1500.0,78,0.63,1,0,302.0,0
24,8779.0,94,0.0,1,1,462.0,0
62,6314.0,26,0.83,1,1,369.0,0
39,1870.0,91,0.53,2,1,263.0,1
45,4158.0,60,0.34,3,0,385.0,0
64,7642.0,97,0.85,9,0,474.0,0
60,8221.0,4,0.64,5,1,404.0,0
46,5086.0,44,0.31,2,0,429.0,0
49,1992.0,72,0.92,1,0,234.0,0
44,7210.0,1,0.67,9,1,468.0,0
32,1539.0,99,0.1,7,0,285.0,1
26,3625.0,59,0.62,8,0,372.0,0
28,5159.0,58,0.42,6,0,414.0,0
46,4972.0,59,0.26,9,0,395.0,0
36,4543.0,6,0.04,8,2,338.0,0
47,5453.0,68,0.39,3,1,350.0,0
52,8967.0,31,0.09,9,0,553.0,0
49,1500.0,70,0.38,1,0,341.0,0
43,4387.0,32,0.15,3,2,361.0,0
63,5594.0,63,0.44,9,1,342.0,0
33,5025.0,58,0.83,8,0,301.0,0
26,7430.0,95,0.72,9,1,388.0,0
59,7930.0,71,0.28,3,1,461.0,0
49,8149.0,76,0.35,5,2,425.0,0
40,3606.0,53,0.71,4,0,360.0,0
67,4249.0,60,0.75,7,3,178.0,1
30,5856.0,86,0.84,9,0,412.0,0
62,7632.0,52,0.12,4,0,570.0,0
32,4649.0,17,0.47,8,0,363.0,0
56,5298.0,15,0.81,5,0,437.0,0
37,7889.0,19,0.3,1,0,508.0,0
55,4311.0,87,0.1,2,2,337.0,0
48,1970.0,92,0.75,6,2,182.0,1
27,6425.0,45,0.71,5,0,413.0,0
47,2551.0,60,0.68,4,0,359.0,0
36,6654.0,17,0.67,6,2,367.0,0
60,5206.0,71,0.39,7,2,317.0,0
22,5861.0,25,0.53,8,0,402.0,0
42,2738.0,66,0.68,8,0,279.0,1
56,1935.0,28,0.51,1,0,326.0,0
26,4683.0,19,0.55,2,1,347.0,0
28,7493.0,45,0.66,3,0,449.0,0
34,6449.0,83,0.22,2,0,459.0,0
27,2467.0,12,1.0,5,1,200.0,0
52,1500.0,76,0.36,6,2,222.0,0
39,4256.0,33,0.81,3,1,281.0,1
63,5031.0,82,0.72,2,2,265.0,1
60,2770.0,68,0.76,6,0,331.0,0
62,2948.0,67,0.7,8,0,340.0,0
30,6230.0,48,0.99,2,1,351.0,0
22,5175.0,90,0.85,5,1,321.0,0
58,4344.0,55,0.47,5,0,359.0,0
66,2283.0,87,0.28,4,1,259.0,1
49,3043.0,87,0.16,5,0,370.0,0
69,1935.0,85,0.68,1,0,295.0,0
42,3055.0,88,0.36,3,0,366.0,0
24,4594.0,41,0.52,3,0,327.0,0
29,2887.0,51,0.73,8,0,324.0,0
31,5023.0,32,0.14,7,3,298.0,0
28,7650.0,10,0.77,7,1,381.0,0
61,7274.0,63,0.03,1,1,444.0,0
48,7054.0,33,0.78,7,1,404.0,0
22,8301.0,2,1.0,8,1,377.0,0
46,3874.0,42,0.84,3,0,294.0,0
66,2790.0,21,0.45,5,1,319.0,0
29,5555.0,22,0.94,9,0,436.0,0
54,5316.0,47,0.98,3,0,376.0,0
42,6913.0,34,0.34,4,1,413.0,0
24,3924.0,85,0.34,6,2,254.0,0
27,9666.0,26,0.45,4,0,546.0,0
60,4084.0,22,0.57,9,2,230.0,1
64,4929.0,63,0.6,7,0,434.0,0
28,5109.0,4,0.15,7,0,487.0,0
30,7718.0,90,0.08,2,0,508.0,0
44,4458.0,99,0.11,4,1,394.0,0
67,1745.0,76,0.32,6,1,260.0,1
43,5994.0,35,0.76,8,0,360.0,0
57,8349.0,65,0.8,2,1,461.0,0
35,6554.0,88,0.72,6,0,419.0,0
31,4300.0,81,0.92,5,2,248.0,1
63,3382.0,56,0.41,5,0,337.0,0
67,4029.0,38,0.49,6,0,342.0,0
34,1500.0,83,0.53,4,0,289.0,1
53,7276.0,34,0.29,7,0,501.0,0
27,4798.0,1,0.25,9,0,430.0,0
56,4273.0,92,0.29,8,0,388.0,0
61,3058.0,76,0.56,7,1,340.0,0
52,2914.0,27,0.73,1,0,284.0,1
37,7847.0,74,0.28,4,0,479.0,0
23,5435.0,55,0.98,8,0,391.0,0
66,7031.0,21,0.04,6,0,473.0,0
69,4704.0,92,0.24,5,0,393.0,0
48,5237.0,64,0.68,6,0,376.0,0
52,1971.0,30,0.42,8,0,303.0,0
39,5147.0,42,0.56,9,0,431.0,0
35,5006.0,82,0.47,1,1,416.0,0
30,5334.0,67,0.59,7,0,423.0,0
56,6725.0,96,0.38,7,0,498.0,0
36,5001.0,54,0.93,2,2,208.0,1
63,4920.0,73,0.3,8,1,352.0,0
22,3354.0,2,0.56,6,0,267.0,1
21,2280.0,75,0.95,2,1,264.0,1
48,5415.0,54,0.32,8,0,436.0,0
24,5079.0,83,0.53,1,1,326.0,0
37,7863.0,89,0.83,9,0,455.0,0
41,3240.0,72,0.65,4,1,273.0,1
50,2035.0,91,0.09,8,1,307.0,0
50,6620.0,68,0.67,1,1,368.0,0
27,6706.0,51,0.5,4,2,315.0,0
54,7256.0,31,0.81,8,0,405.0,0
27,3350.0,5,0.8,6,0,346.0,0
39,2947.0,21,0.26,6,1,279.0,1
61,3077.0,87,0.14,5,0,296.0,0
47,3746.0,1,0.57,6,0,387.0,0
40,6225.0,34,0.98,9,0,403.0,0
58,4027.0,66,0.25,8,0,361.0,0
67,6856.0,71,0.08,8,1,449.0,0
21,5335.0,66,1.0,9,0,389.0,0
37,3219.0,69,0.92,2,0,312.0,0
41,2721.0,14,0.12,5,0,375.0,0
68,4980.0,44,0.91,8,0,407.0,0
44,3889.0,83,0.89,4,1,275.0,0
42,4835.0,11,0.89,7,0,329.0,0
47,5139.0,32,0.25,7,0,452.0,0
40,2625.0,31,0.99,6,0,328.0,0
21,6984.0,96,0.72,6,0,436.0,0
46,7169.0,47,0.68,6,1,384.0,0
48,5796.0,31,0.49,6,1,336.0,0
69,4861.0,9,0.76,9,0,346.0,0
49,3597.0,15,0.57,5,0,375.0,0
34,4172.0,64,0.31,7,1,368.0,0
25,6398.0,60,0.27,3,0,519.0,0
32,4746.0,18,0.83,7,0,326.0,0
63,4707.0,98,0.52,6,0,379.0,0
41,10273.0,68,0.53,8,1,527.0,0
46,8042.0,80,0.32,7,1,429.0,0
61,2912.0,47,0.76,6,1,260.0,1
40,2309.0,61,0.52,9,1,291.0,1
54,7838.0,99,0.65,5,1,453.0,0
52,6547.0,35,0.64,6,0,468.0,0
43,4513.0,76,0.54,2,1,360.0,0
64,4983.0,18,0.4,5,1,270.0,1
60,5816.0,84,0.81,5,0,396.0,0
62,5473.0,83,0.2,2,3,279.0,1
24,4284.0,11,0.44,9,0,419.0,0
65,4515.0,30,0.91,9,2,205.0,1
57,6911.0,71,0.33,3,0,512.0,0
30,5168.0,42,0.36,5,0,454.0,0
36,3683.0,4,0.68,1,1,310.0,0
51,3957.0,98,0.84,1,0,325.0,0
58,7437.0,47,0.67,2,0,449.0,0
29,5755.0,71,0.54,9,1,408.0,0
69,2500.0,88,0.09,1,1,355.0,0
54,2674.0,71,0.56,3,0,340.0,0
52,5792.0,12,0.79,1,0,407.0,0
21,8031.0,19,0.92,1,1,406.0,0
64,1516.0,55,0.64,9,0,264.0,1
38,3636.0,77,0.29,7,1,350.0,0
48,3296.0,72,0.34,4,0,355.0,0
24,5872.0,79,0.3,1,1,351.0,0
40,3985.0,49,0.17,6,1,340.0,0
52,4194.0,40,0.12,9,0,426.0,0
40,5819.0,6,1.0,5,1,272.0,1
37,7063.0,8,0.52,6,0,497.0,0
27,3358.0,62,0.75,8,1,266.0,1
56,3888.0,96,0.65,7,1,297.0,0
28,6464.0,64,0.88,8,1,394.0,0
58,1500.0,94,0.9,4,0,258.0,1
54,8883.0,49,0.42,2,0,536.0,0
50,5191.0,73,0.04,3,1,376.0,0
52,3940.0,86,0.55,6,0,390.0,0
39,4975.0,53,0.12,4,0,406.0,0
24,5078.0,48,0.73,4,1,332.0,0
52,9880.0,86,0.31,4,0,567.0,0
38,7940.0,66,0.27,8,0,497.0,0
38,3678.0,83,0.16,7,0,443.0,0
45,4751.0,7,0.11,4,2,339.0,0
48,4375.0,62,0.29,7,0,380.0,0
28,5079.0,36,0.77,4,0,367.0,0
61,4157.0,26,0.93,7,0,330.0,0
43,5015.0,47,0.34,6,1,407.0,0
47,4604.0,72,0.84,8,0,348.0,0
22,5816.0,67,0.37,3,1,401.0,0
33,3224.0,22,0.87,1,1,249.0,0
37,6345.0,43,0.85,6,0,434.0,0
49,3953.0,5,0.68,3,1,282.0,1
23,9004.0,14,0.49,9,0,484.0,0
44,3434.0,92,0.45,4,0,360.0,0
32,4055.0,2,0.15,5,0,439.0,0
69,5823.0,70,0.59,6,0,416.0,0
38,4604.0,77,0.29,3,0,391.0,0
64,4321.0,85,0.83,4,0,323.0,0
40,1570.0,49,0.94,1,1,229.0,1
68,5978.0,60,0.48,2,2,374.0,0
41,3147.0,17,0.42,8,0,332.0,0
40,5136.0,42,0.48,1,0,441.0,0
26,3395.0,41,0.15,2,1,306.0,0
39,6639.0,3,0.11,2,1,450.0,0
33,4368.0,37,0.12,3,0,417.0,0
27,5694.0,76,0.61,8,1,360.0,0
51,2643.0,7,0.32,1,0,350.0,0
22,4445.0,27,0.68,6,0,372.0,0
67,5166.0,55,0.92,2,0,354.0,0
28,7600.0,87,0.22,5,0,513.0,0
52,7903.0,54,0.5,4,0,503.0,0
48,6041.0,10,0.48,3,1,347.0,0
20,3800.0,79,0.95,4,0,273.0,0
33,6631.0,81,0.22,8,0,462.0,0
22,9441.0,98,0.46,4,0,539.0,0
59,5145.0,35,0.37,3,0,414.0,0
48,4641.0,92,0.92,9,1,277.0,1
38,5206.0,27,0.28,9,0,427.0,0
21,6278.0,70,0.65,7,2,290.0,1
38,7354.0,52,0.07,5,0,514.0,0
26,7119.0,34,0.9,6,0,411.0,0
44,4039.0,7,0.09,9,1,363.0,0
64,5321.0,67,0.29,1,0,478.0,0
50,4337.0,28,0.23,5,0,404.0,0
22,2884.0,47,0.01,7,0,357.0,0
35,8039.0,97,0.25,2,0,515.0,0
57,3489.0,70,0.73,8,2,218.0,1
26,1500.0,99,0.84,7,0,256.0,1
61,6769.0,63,0.59,6,1,396.0,0
34,7544.0,77,0.51,1,0,479.0,0
53,1500.0,24,0.15,8,0,295.0,0
49,3489.0,42,0.58,9,0,365.0,0
51,3662.0,81,0.5,7,0,390.0,0
39,5191.0,23,0.6,7,0,452.0,0
51,4991.0,4,0.71,8,0,389.0,0
64,7780.0,42,0.13,4,0,516.0,0
55,4703.0,51,0.47,8,0,395.0,0
57,6816.0,79,0.92,4,1,328.0,0
27,1500.0,87,0.76,2,2,207.0,1
60,4191.0,14,0.43,5,1,294.0,0
44,5348.0,72,0.48,9,0,433.0,0
57,7366.0,1,0.3,5,0,498.0,0
57,7661.0,2,0.47,6,1,421.0,0
25,8338.0,4,0.21,4,1,444.0,0
44,4927.0,61,0.38,7,0,403.0,0
27,8078.0,58,0.19,4,0,455.0,0
37,5372.0,95,0.0,3,0,446.0,0
46,4398.0,31,0.27,1,0,451.0,0
68,7280.0,56,0.9,2,1,389.0,0
49,5852.0,76,0.3,7,0,463.0,0
29,5501.0,4,0.79,4,3,275.0,0
52,1994.0,93,0.16,9,1,307.0,0
52,5374.0,58,0.22,5,1,361.0,0
46,4632.0,36,0.49,4,2,252.0,1
23,5323.0,87,0.54,6,0,437.0,0
42,3542.0,44,0.79,1,1,307.0,0
20,6394.0,92,0.64,9,0,430.0,0
50,2084.0,61,0.03,3,0,363.0,0
30,4233.0,15,0.63,9,1,294.0,0
56,6648.0,3,0.31,2,1,472.0,0
60,7353.0,77,0.08,3,0,485.0,0
30,7367.0,11,0.2,7,0,516.0,0
61,6819.0,37,0.99,7,0,412.0,0
28,5124.0,47,0.84,7,0,339.0,0
32,5032.0,49,0.66,1,0,369.0,0
53,6245.0,13,0.62,2,0,418.0,0
39,6514.0,88,0.92,7,0,425.0,0
28,9404.0,85,0.31,3,3,382.0,0
45,2249.0,4,0.3,3,1,289.0,1
53,5247.0,71,0.62,8,1,324.0,0
28,4874.0,5,0.69,2,1,333.0,0
34,4845.0,80,0.06,7,0,425.0,0
36,7036.0,67,0.02,7,0,528.0,0
36,1500.0,44,0.58,9,1,268.0,1
26,5463.0,36,0.73,6,0,387.0,0
35,4393.0,22,0.4,4,1,350.0,0
29,5361.0,85,0.48,9,2,302.0,0
53,4262.0,69,0.32,5,0,404.0,0
67,4260.0,89,0.37,3,2,300.0,0
47,4973.0,44,0.68,9,2,266.0,1
44,3877.0,53,0.84,9,1,321.0,0
25,5909.0,79,0.24,1,0,433.0,0
27,2752.0,55,0.33,2,0,328.0,0
37,4842.0,80,0.03,4,2,340.0,0
28,4733.0,72,0.27,9,0,441.0,0
35,5323.0,34,0.91,7,0,346.0,0
50,5144.0,65,0.65,8,0,412.0,0
61,2287.0,72,0.27,8,0,410.0,0
37,4218.0,5,0.9,9,1,260.0,0
25,2603.0,33,0.4,2,0,313.0,0
45,5951.0,96,0.31,2,0,477.0,0
45,7334.0,83,0.56,7,0,448.0,0
68,2278.0,47,0.92,3,1,226.0,0
31,6375.0,94,0.95,5,3,251.0,0
21,4453.0,27,0.09,8,1,382.0,0
33,7679.0,18,0.98,1,0,475.0,0
66,4543.0,89,0.24,9,1,374.0,0
42,8179.0,74,0.05,9,1,510.0,0
31,1500.0,88,0.19,9,2,222.0,1
41,6617.0,17,0.19,7,1,423.0,0
53,1666.0,93,0.4,2,0,292.0,0
57,7636.0,74,0.88,5,0,416.0,0
37,6649.0,29,0.66,2,0,431.0,0
42,3994.0,83,0.62,4,1,326.0,0
62,5780.0,80,0.92,7,2,304.0,0
68,5468.0,81,0.3,3,0,426.0,0
27,7749.0,49,0.79,6,0,424.0,0
39,4999.0,63,0.74,1,0,353.0,0
22,5397.0,94,0.24,9,1,370.0,0
57,4496.0,35,0.67,7,0,370.0,0
43,3640.0,20,0.6,7,0,362.0,0
42,4377.0,72,0.59,6,0,392.0,0
57,1500.0,4,0.2,3,2,223.0,0
58,8597.0,26,0.77,3,2,394.0,0
24,1500.0,3,0.65,7,1,267.0,0
41,4218.0,79,0.13,3,0,438.0,0
49,6237.0,78,0.65,4,1,345.0,0
61,8152.0,28,0.33,2,0,571.0,0
46,3968.0,71,0.26,9,0,377.0,0
67,2640.0,99,0.34,8,0,369.0,0
30,4463.0,49,0.83,5,1,320.0,0
60,4657.0,88,0.84,8,0,336.0,0
57,6536.0,1,0.48,7,2,333.0,0
42,3500.0,92,0.19,8,0,403.0,0
53,6199.0,18,0.79,7,2,288.0,0
49,3771.0,8,0.74,6,1,262.0,1
21,4626.0,58,0.25,1,0,434.0,0
39,6493.0,1,0.41,6,2,346.0,0
27,1743.0,40,0.02,6,0,334.0,0
26,9882.0,19,0.74,2,2,423.0,0
56,5081.0,15,0.4,2,1,333.0,0
39,4085.0,8,0.32,6,1,303.0,0
30,4706.0,74,0.33,7,0,393.0,0
58,3232.0,91,0.25,5,0,309.0,0
53,4827.0,31,0.12,4,2,341.0,0
22,6706.0,11,0.78,9,0,350.0,0
32,5767.0,75,0.13,9,1,404.0,0
40,4547.0,62,0.42,9,1,350.0,0
56,4293.0,58,0.4,2,0,361.0,0
43,2441.0,47,0.42,2,3,148.0,1
60,6567.0,58,0.83,8,1,354.0,0
22,2836.0,30,0.41,1,0,380.0,0
67,6774.0,20,0.64,8,0,477.0,0
52,2178.0,41,0.24,8,0,332.0,0
66,4935.0,7,0.04,4,0,443.0,0
26,8540.0,44,0.27,1,0,522.0,0
28,3673.0,12,0.19,3,1,389.0,0
26,2088.0,46,1.0,8,1,190.0,1
62,2984.0,18,0.49,3,0,316.0,0
33,3814.0,35,0.76,6,1,257.0,0
22,8409.0,85,0.85,1,0,520.0,0
26,5268.0,32,0.89,5,2,296.0,0
53,6623.0,63,0.32,8,1,411.0,0
56,9371.0,81,0.32,4,0,540.0,0
29,3352.0,56,0.13,8,0,382.0,0
60,3300.0,63,0.03,4,2,291.0,1
21,4087.0,7,0.82,1,0,335.0,0
45,2323.0,62,0.2,5,1,239.0,1
68,3156.0,28,0.24,2,1,293.0,0
61,5471.0,85,0.29,9,0,451.0,0
36,3714.0,58,0.72,1,0,304.0,0
64,2794.0,8,0.23,7,0,383.0,0
43,5311.0,13,0.01,8,0,416.0,0
60,4442.0,30,0.2,8,4,210.0,1
45,3988.0,31,0.66,6,0,388.0,0
38,4098.0,84,0.81,9,2,250.0,0
56,7222.0,9,0.37,6,0,493.0,0
26,6228.0,34,0.96,3,0,418.0,0
38,8359.0,83,0.88,4,1,429.0,0
51,2117.0,91,0.14,7,2,260.0,0
34,5502.0,29,0.79,7,0,411.0,0
21,3138.0,33,0.36,7,1,292.0,0
34,8118.0,79,0.59,1,2,401.0,0
55,5419.0,39,0.5,8,0,385.0,0
55,3887.0,47,0.99,6,0,341.0,0
57,6397.0,2,0.6,2,0,463.0,0
40,5580.0,40,0.83,3,1,321.0,0
35,5004.0,27,0.75,5,0,429.0,0
42,7927.0,47,0.67,5,1,426.0,0
68,5448.0,74,0.38,8,0,400.0,0
56,4426.0,23,0.17,5,1,364.0,0
53,8076.0,60,0.61,1,1,424.0,0
24,6301.0,74,0.03,4,0,447.0,0
55,2374.0,85,0.34,7,0,367.0,0
41,3998.0,23,0.86,2,0,333.0,0
61,5248.0,91,0.96,6,0,353.0,0
55,8057.0,84,0.26,8,1,429.0,0
38,8177.0,53,0.56,2,0,493.0,0
42,6636.0,25,0.21,8,2,425.0,0
67,2047.0,11,0.84,9,0,285.0,1
40,3292.0,55,0.96,1,0,268.0,1
67,6951.0,91,0.04,5,0,502.0,0
37,6691.0,32,0.55,9,0,433.0,0
48,6111.0,98,0.07,8,0,435.0,0
28,9286.0,72,0.64,8,0,495.0,0
30,3035.0,38,0.24,1,0,357.0,0
53,4474.0,97,0.84,2,0,362.0,0
59,7317.0,29,0.47,4,2,370.0,0
20,3327.0,80,0.81,9,0,310.0,0
63,7124.0,28,0.12,5,0,509.0,0
65,4021.0,85,0.83,5,0,332.0,0
33,6446.0,29,0.84,6,0,472.0,0
29,8081.0,15,0.62,1,1,479.0,0
56,5684.0,99,0.95,1,0,401.0,0
50,3642.0,77,0.36,1,1,345.0,0
45,5169.0,47,0.12,1,0,413.0,0
66,3284.0,24,0.02,9,1,317.0,0
34,3831.0,25,0.23,2,0,401.0,0
66,2565.0,30,0.26,6,1,243.0,0
32,4401.0,66,0.27,9,0,399.0,0
43,7310.0,70,0.96,2,0,452.0,0
28,3454.0,48,0.84,9,0,348.0,0
38,5143.0,38,0.33,2,0,416.0,0
25,5010.0,94,0.24,8,4,250.0,0
53,6036.0,45,0.28,4,1,407.0,0
64,3054.0,86,0.03,5,2,309.0,0
24,5917.0,77,0.0,2,2,401.0,0
42,4201.0,23,0.31,8,4,238.0,0
37,8291.0,85,0.96,7,0,490.0,0
69,4491.0,49,0.94,7,1,265.0,1
51,6710.0,68,0.84,8,1,387.0,0
41,8259.0,81,0.57,1,1,396.0,0
60,8202.0,19,0.3,8,2,414.0,0
22,5028.0,46,0.9,9,0,391.0,0
65,8082.0,94,0.52,9,0,498.0,0
48,4018.0,29,0.57,8,1,280.0,0
24,3557.0,27,0.27,5,1,361.0,0
32,4000.0,39,0.94,9,2,240.0,1
63,6419.0,97,0.27,1,0,459.0,0
28,6233.0,86,0.14,4,0,491.0,0
22,6220.0,77,0.01,4,2,341.0,0
40,4726.0,55,0.42,9,0,397.0,0
42,3204.0,98,0.94,5,0,299.0,0
25,4860.0,48,0.23,7,0,356.0,0
26,5540.0,11,0.05,8,0,451.0,0
61,4757.0,61,0.32,9,1,407.0,0
35,7004.0,31,0.82,5,0,394.0,0
57,3772.0,46,0.06,9,0,426.0,0
38,5386.0,97,0.69,2,1,341.0,0
59,3124.0,51,0.52,1,0,365.0,0
46,2355.0,89,0.35,4,2,248.0,0
51,2169.0,42,0.93,2,1,191.0,1
57,8668.0,84,0.01,6,1,494.0,0
68,3498.0,28,0.5,2,1,279.0,1
38,4765.0,19,0.18,3,3,254.0,1
51,2038.0,91,0.95,2,1,229.0,1
25,2713.0,66,0.58,7,0,335.0,0
64,3631.0,51,0.09,2,1,324.0,0
45,1988.0,87,0.39,9,0,342.0,0
23,4225.0,38,0.55,3,0,354.0,0
44,6298.0,59,0.55,8,0,478.0,0
63,4156.0,30,0.45,3,3,239.0,1
24,8181.0,82,0.65,8,1,468.0,0
59,6011.0,25,0.25,7,0,450.0,0
39,1960.0,15,0.61,5,1,277.0,1
43,7249.0,19,0.85,6,1,391.0,0
44,9995.0,34,0.54,8,1,461.0,0
43,9698.0,41,0.99,7,0,483.0,0
63,6009.0,36,0.09,5,1,401.0,0
37,6375.0,59,0.37,8,1,372.0,0
43,5545.0,20,0.44,8,0,443.0,0
62,6991.0,2,0.4,2,2,307.0,0
30,4966.0,38,0.68,5,1,279.0,1
28,1670.0,22,0.84,5,1,193.0,1
49,3991.0,13,0.0,7,0,513.0,0
51,2592.0,60,0.08,4,0,375.0,0
66,5416.0,17,0.79,3,1,331.0,0
60,2744.0,75,0.46,8,0,325.0,0
37,4703.0,31,0.18,1,0,428.0,0
28,6389.0,72,0.64,8,1,389.0,0
45,2326.0,70,0.08,1,0,356.0,0
37,1500.0,45,0.07,5,2,221.0,1
64,2781.0,72,0.49,3,0,365.0,0
49,8662.0,13,0.03,3,1,460.0,0
22,4022.0,47,0.05,8,1,323.0,0
48,2086.0,55,0.13,2,0,325.0,0
41,4732.0,85,0.71,3,0,334.0,0
27,4880.0,45,0.82,6,0,397.0,0
37,3440.0,62,0.69,3,0,368.0,0
21,2564.0,30,0.28,8,0,350.0,0
35,2374.0,92,0.93,3,0,282.0,1
55,3870.0,74,0.24,1,1,380.0,0
34,4610.0,41,0.92,1,0,352.0,0
63,3663.0,60,0.22,2,0,330.0,0
49,4945.0,44,0.44,6,1,352.0,0
52,3677.0,66,0.19,4,1,327.0,0
51,3506.0,32,0.32,6,0,368.0,0
28,6427.0,84,0.54,7,0,467.0,0
51,4830.0,26,0.9,4,0,363.0,0
60,7533.0,3,0.28,4,0,522.0,0
60,2656.0,87,0.18,3,1,247.0,1
48,6438.0,47,0.33,3,0,491.0,0
29,2622.0,21,0.99,3,0,291.0,1
51,4902.0,76,0.72,5,1,333.0,0
62,3952.0,81,0.85,2,0,276.0,1
62,1500.0,80,0.71,5,1,205.0,1
64,4097.0,71,0.83,5,0,335.0,0
36,4796.0,23,0.92,1,0,309.0,0
45,3564.0,32,0.01,3,0,421.0,0
66,8274.0,38,0.91,7,0,474.0,0
36,5094.0,47,0.8,9,1,276.0,1
29,5684.0,90,0.53,4,0,416.0,0
55,5814.0,27,0.24,8,1,418.0,0
45,1963.0,92,0.85,1,1,228.0,0
56,1983.0,85,0.17,3,1,253.0,1
67,9297.0,51,0.32,6,2,454.0,0
40,6469.0,64,0.82,8,0,444.0,0
40,6089.0,49,0.25,7,0,463.0,0
53,3438.0,81,0.65,6,0,274.0,1
59,7749.0,41,0.59,9,1,396.0,0
48,5623.0,91,0.81,6,2,293.0,0
45,4103.0,71,0.92,8,0,309.0,0
28,2553.0,94,0.72,7,0,286.0,1
42,5028.0,72,0.65,6,0,351.0,0
36,4976.0,55,0.26,1,0,460.0,0
59,3869.0,41,0.63,3,0,366.0,0
22,5355.0,12,0.97,9,0,327.0,0
22,8351.0,95,0.93,6,2,422.0,0
25,6816.0,36,0.39,6,2,377.0,0
57,5904.0,8,0.47,4,2,291.0,1
62,2823.0,16,0.74,6,0,323.0,0
49,5638.0,83,0.31,1,0,465.0,0
21,6216.0,51,0.86,2,0,451.0,0
26,4835.0,84,0.66,7,1,322.0,0
40,1979.0,67,0.76,3,0,277.0,1
52,7298.0,65,0.81,9,0,470.0,0
57,6943.0,42,0.66,6,0,407.0,0
65,6349.0,45,0.66,3,3,251.0,0
59,5451.0,12,0.37,4,0,386.0,0
33,3031.0,8,0.75,9,0,308.0,0
31,6404.0,31,0.44,4,2,345.0,0
35,4679.0,53,0.82,4,0,345.0,0
34,7180.0,31,0.54,6,1,350.0,0
49,6540.0,54,0.36,2,1,380.0,0
67,5327.0,55,0.99,1,1,320.0,0
51,3510.0,99,0.15,1,1,372.0,0
43,6211.0,78,0.27,4,0,464.0,0
62,3916.0,22,0.72,7,0,362.0,0
20,3194.0,66,0.01,9,1,353.0,0
59,7567.0,99,0.55,9,0,459.0,0
43,4694.0,28,0.22,3,0,386.0,0
57,5104.0,66,0.75,8,0,348.0,0
31,7328.0,9,0.72,6,0,456.0,0
33,3551.0,16,0.54,8,1,271.0,0
41,4003.0,25,0.13,6,1,367.0,0
31,2487.0,36,0.32,1,1,285.0,0
50,3088.0,94,0.69,8,1,250.0,1
21,5250.0,50,0.39,9,0,470.0,0
37,6959.0,86,0.3,2,1,460.0,0
39,7374.0,88,0.66,7,1,447.0,0
50,8270.0,8,0.92,5,0,423.0,0
32,5726.0,19,0.27,2,0,434.0,0
34,2453.0,51,0.96,7,1,203.0,0
26,10871.0,45,0.5,2,0,570.0,0
39,4372.0,11,0.79,7,0,359.0,0
61,8032.0,88,0.68,2,2,350.0,0
36,4956.0,84,0.13,1,0,441.0,0
49,5909.0,3,0.41,9,0,463.0,0
46,10214.0,79,0.19,9,0,528.0,0
44,3669.0,41,0.67,5,0,335.0,0
49,6226.0,28,0.25,6,0,472.0,0
32,7043.0,93,0.8,5,0,414.0,0
62,6793.0,92,1.0,2,0,417.0,0
34,1677.0,24,0.76,7,0,293.0,0
66,5808.0,53,0.89,9,1,306.0,0
42,5095.0,23,0.58,9,0,372.0,0
44,7296.0,81,0.5,5,0,467.0,0
44,7782.0,20,0.33,6,0,482.0,0
49,4237.0,99,0.13,5,0,399.0,0
42,3504.0,28,0.19,8,0,410.0,0
25,4718.0,85,0.95,5,0,294.0,0
49,1510.0,85,0.82,6,0,282.0,1
20,6956.0,21,1.0,8,1,393.0,0
61,4920.0,54,0.57,6,2,307.0,0
35,5339.0,13,0.34,9,1,338.0,0
51,4026.0,35,0.55,1,0,385.0,0
58,6632.0,14,0.36,2,0,480.0,0
56,5902.0,67,0.92,8,0,387.0,0
63,4308.0,31,0.54,7,0,409.0,0
54,6925.0,91,0.33,2,0,430.0,0
32,2653.0,94,0.44,1,1,295.0,0
48,1603.0,87,0.4,8,2,194.0,1
37,2098.0,72,0.09,6,1,280.0,1
33,1905.0,17,0.21,8,0,297.0,0
36,8298.0,41,0.87,7,1,406.0,0
28,8345.0,41,0.52,3,1,458.0,0
25,6211.0,8,0.35,2,1,400.0,0
57,7839.0,9,0.76,3,0,458.0,0
49,5798.0,90,0.0,7,0,475.0,0
30,1841.0,46,0.64,2,0,272.0,1
27,7157.0,11,0.21,2,0,502.0,0
49,7114.0,95,0.14,6,1,498.0,0
41,3882.0,28,0.53,5,0,384.0,0
27,4469.0,14,0.43,9,0,379.0,0
46,6114.0,60,0.96,6,0,333.0,0
40,6833.0,37,0.95,9,1,344.0,0
54,6274.0,37,0.04,9,0,524.0,0
40,5346.0,75,0.7,3,0,377.0,0
23,7089.0,7,0.81,7,0,473.0,0
69,6566.0,33,0.8,6,0,420.0,0
23,1881.0,30,0.07,6,1,295.0,0
69,4951.0,48,0.9,7,1,304.0,0
39,6124.0,69,0.06,1,0,487.0,0
25,5937.0,75,0.08,6,0,456.0,0
24,5866.0,49,0.82,5,0,402.0,0
24,4200.0,12,0.68,9,0,362.0,0
57,2962.0,79,0.27,8,0,352.0,0
66,3592.0,38,0.38,4,0,375.0,0
41,3563.0,12,0.72,6,1,345.0,0
34,4898.0,24,0.49,7,0,417.0,0
68,3476.0,66,0.99,6,0,322.0,0
57,4238.0,48,0.99,2,1,322.0,0
46,2717.0,83,0.53,3,2,245.0,1
21,3744.0,13,0.19,1,0,384.0,0
47,4470.0,24,0.77,1,1,282.0,1
52,6393.0,91,0.07,8,0,480.0,0
63,4041.0,66,0.63,1,0,296.0,0
55,4566.0,18,0.83,9,0,376.0,0
69,5619.0,41,0.65,6,0,415.0,0
42,4528.0,40,0.38,8,0,405.0,0
68,7610.0,70,0.33,6,0,540.0,0
42,4838.0,43,0.03,5,0,482.0,0
56,6310.0,82,0.57,9,1,351.0,0
56,4890.0,85,0.59,5,2,239.0,1
37,5891.0,81,0.32,2,0,467.0,0
40,3381.0,25,0.26,3,0,375.0,0
24,5870.0,69,0.01,7,2,374.0,0
54,1500.0,73,0.76,3,0,223.0,1
23,5684.0,23,0.15,9,2,355.0,0
50,8885.0,65,0.63,8,0,517.0,0
65,4820.0,99,0.1,5,0,422.0,0
48,5673.0,90,0.68,8,0,356.0,0
41,4479.0,58,1.0,9,0,315.0,0
44,2773.0,84,0.83,6,0,311.0,0
69,4353.0,12,0.99,2,0,313.0,0
20,5388.0,29,0.1,9,0,481.0,0
22,4513.0,9,0.38,2,0,403.0,0
64,3410.0,81,0.83,4,1,229.0,1
65,4380.0,46,0.64,5,1,305.0,0
35,3778.0,36,0.25,3,1,358.0,0
67,8937.0,16,0.24,9,0,561.0,0
41,2194.0,68,0.41,7,1,267.0,1
43,5144.0,21,0.88,5,0,335.0,0
60,3913.0,83,0.08,5,1,353.0,0
66,4081.0,3,0.79,7,1,279.0,1
51,4391.0,79,0.49,8,0,381.0,0
47,3791.0,70,0.98,5,1,217.0,1
33,6753.0,69,0.7,2,1,390.0,0
37,4661.0,58,0.93,5,1,316.0,0
34,8776.0,27,0.33,5,1,485.0,0
35,4147.0,90,0.98,5,0,256.0,1
44,2808.0,62,0.28,7,1,283.0,0
31,3862.0,1,0.29,7,0,380.0,0
58,1500.0,87,0.11,1,0,361.0,0
63,5038.0,78,0.71,9,1,289.0,0
53,5927.0,44,0.01,2,1,407.0,0
58,5562.0,68,0.06,8,1,428.0,0
44,5890.0,96,0.85,4,0,409.0,0
55,2554.0,93,0.83,1,0,279.0,0
51,5835.0,32,0.87,5,0,373.0,0
43,4477.0,16,0.2,2,0,423.0,0
43,1500.0,13,0.11,7,0,332.0,0
36,6991.0,69,0.76,3,0,458.0,0
21,3164.0,44,0.48,3,0,332.0,0
54,4423.0,6,0.13,9,0,453.0,0
67,2496.0,32,0.94,2,1,208.0,1
57,7573.0,58,0.98,6,1,377.0,0
27,7082.0,39,0.19,6,1,479.0,0
25,6338.0,77,0.71,9,1,341.0,0
28,5495.0,48,0.19,7,0,426.0,0
62,5195.0,40,0.33,8,1,373.0,0
46,6140.0,36,0.91,9,0,435.0,0
55,6371.0,71,0.4,6,0,429.0,0
25,8983.0,16,0.54,4,0,477.0,0
66,9538.0,31,0.26,9,1,506.0,0
58,5551.0,11,0.86,4,0,354.0,0
52,1500.0,44,0.12,6,0,317.0,0
40,3217.0,80,0.74,4,0,373.0,0
38,4911.0,31,0.74,4,0,380.0,0
26,4609.0,30,0.61,5,0,368.0,0
33,5316.0,11,0.25,1,2,320.0,0
66,5256.0,39,0.35,6,0,420.0,0
35,3725.0,40,0.3,7,1,361.0,0
22,5111.0,93,0.7,6,0,393.0,0
68,5163.0,57,0.84,1,1,326.0,0
49,4512.0,32,0.67,7,0,330.0,0
34,7362.0,52,0.48,2,0,478.0,0
55,5872.0,27,0.77,4,0,393.0,0
31,5528.0,90,0.18,8,2,340.0,0
44,4598.0,9,0.98,8,1,288.0,1
37,1500.0,63,0.86,6,1,254.0,1
63,3561.0,79,0.43,4,0,376.0,0
24,3305.0,97,0.24,9,0,369.0,0
64,5293.0,54,0.44,6,0,420.0,0
44,4706.0,7,0.15,1,0,370.0,0
24,2825.0,67,0.95,5,0,371.0,0
39,2768.0,13,0.86,5,1,254.0,1
55,7394.0,89,0.19,1,0,537.0,0
37,3073.0,8,0.33,7,0,309.0,0
66,4818.0,7,0.86,1,0,316.0,0
54,3188.0,13,0.5,1,2,210.0,1
44,1500.0,99,0.14,2,2,171.0,1
34,3714.0,13,0.78,3,1,244.0,1
43,5863.0,37,0.97,1,0,402.0,0
48,3541.0,93,0.98,7,1,257.0,0
68,6083.0,18,0.52,8,0,406.0,0
42,5289.0,62,0.32,4,0,404.0,0
65,3924.0,21,0.63,2,0,293.0,0
52,7563.0,92,0.28,4,0,511.0,0
38,1500.0,70,0.18,6,0,327.0,0
41,3768.0,33,0.43,1,2,272.0,0
59,4573.0,22,0.35,7,0,362.0,0
68,5183.0,9,0.92,5,2,277.0,1
23,2619.0,36,0.95,5,0,310.0,0
66,3817.0,91,0.15,2,2,314.0,0
21,1500.0,25,0.01,7,2,264.0,1
48,4524.0,73,0.53,8,0,338.0,0
47,4306.0,17,0.72,8,2,264.0,1
31,4855.0,20,0.52,2,0,378.0,0
39,4061.0,13,0.58,4,0,341.0,0
50,3501.0,30,0.48,2,0,348.0,0
48,5064.0,13,0.64,6,0,420.0,0
39,1500.0,92,0.31,9,1,276.0,1
64,1794.0,95,0.69,7,1,253.0,0
55,4653.0,49,0.25,3,0,420.0,0
35,4724.0,15,0.63,5,0,386.0,0
24,3552.0,88,0.4,9,0,369.0,0
65,4170.0,35,0.25,7,0,399.0,0
29,8114.0,87,0.11,6,0,498.0,0
44,5069.0,84,0.98,3,0,335.0,0
48,5382.0,24,0.36,6,0,396.0,0
24,6980.0,99,0.3,2,0,512.0,0
46,7010.0,31,0.61,3,1,471.0,0
26,2613.0,99,0.44,6,0,306.0,0
42,4515.0,67,0.44,5,1,277.0,0
42,5403.0,73,0.8,6,0,439.0,0
29,7539.0,27,0.05,3,0,519.0,0
42,7221.0,16,0.13,7,0,491.0,0
44,3044.0,83,0.44,4,1,295.0,0
56,8884.0,39,0.43,8,0,544.0,0
66,5860.0,36,0.25,8,1,372.0,0
57,4438.0,55,0.76,2,0,355.0,0
28,4142.0,52,0.31,7,1,364.0,0
35,5550.0,29,0.83,2,1,352.0,0
55,1506.0,26,0.82,8,0,277.0,1
52,1500.0,60,0.3,2,0,357.0,0
28,4985.0,65,0.89,9,0,350.0,0
39,4255.0,17,0.38,8,1,360.0,0
39,4006.0,36,0.26,7,0,400.0,0
38,3623.0,50,0.97,2,1,270.0,1
39,1500.0,89,0.54,4,0,270.0,0
21,6292.0,94,0.55,4,1,297.0,0
47,5825.0,86,0.86,1,2,356.0,0
28,4566.0,91,0.17,1,1,405.0,0
63,3975.0,33,0.39,6,0,398.0,0
21,3682.0,35,0.91,9,1,272.0,1
31,7538.0,68,0.17,2,0,440.0,0
56,3790.0,60,0.41,3,0,404.0,0
51,5946.0,27,0.05,7,1,447.0,0
33,2792.0,88,0.55,7,0,345.0,0
50,4379.0,5,0.1,6,4,197.0,1
67,5623.0,43,0.67,9,1,374.0,0
45,4006.0,34,0.7,8,0,349.0,0
35,4404.0,32,0.89,5,1,303.0,0
52,11755.0,69,0.82,6,1,533.0,0
65,3947.0,24,0.17,2,2,310.0,0
28,7452.0,64,0.23,7,1,465.0,0
61,7150.0,81,0.66,3,0,441.0,0
29,6500.0,44,0.88,9,1,319.0,0
25,6780.0,5,0.65,8,0,454.0,0
36,3043.0,73,0.81,5,1,295.0,0
36,5433.0,6,0.78,3,0,418.0,0
57,5430.0,79,0.31,7,1,375.0,0
23,3945.0,30,0.36,1,0,372.0,0
66,1500.0,73,0.22,8,1,305.0,0
64,7628.0,82,0.28,9,0,505.0,0
25,4825.0,21,0.09,9,1,349.0,0
50,6080.0,99,0.19,4,0,486.0,0
66,9080.0,75,0.97,9,0,487.0,0
62,3842.0,74,0.76,1,2,210.0,1
40,3629.0,62,0.85,3,0,334.0,0
56,6755.0,68,0.41,8,1,416.0,0
49,3740.0,28,0.91,5,0,333.0,0
40,3113.0,57,0.1,8,0,427.0,0
51,5486.0,87,0.89,9,0,377.0,0
24,3621.0,99,0.06,9,0,413.0,0
24,7332.0,76,0.61,5,1,449.0,0
45,7613.0,89,0.38,9,1,495.0,0
63,4910.0,27,0.24,4,0,435.0,0
48,7828.0,65,0.11,2,1,501.0,0
22,4218.0,37,0.97,1,0,346.0,0
61,4579.0,12,0.33,5,2,309.0,0
54,4612.0,33,0.28,3,1,380.0,0
44,5456.0,46,0.06,8,1,441.0,0
61,3142.0,79,0.72,2,2,233.0,1
50,4263.0,41,0.14,6,0,440.0,0
25,3963.0,52,0.68,7,0,337.0,0
43,1500.0,91,0.96,4,0,264.0,1
54,5584.0,43,0.36,3,1,394.0,0
64,7325.0,73,0.37,1,1,446.0,0
63,5794.0,9,0.61,4,0,391.0,0
23,7689.0,64,0.21,9,0,518.0,0
36,3956.0,90,0.57,8,2,201.0,1
69,3530.0,4,0.07,3,0,448.0,0
66,2652.0,75,0.48,2,0,306.0,0
24,6374.0,88,0.5,2,0,432.0,0
30,3996.0,67,0.91,4,1,265.0,1
57,5447.0,40,0.76,7,1,297.0,0
51,5659.0,23,0.06,1,1,368.0,0
67,3640.0,94,0.48,2,0,385.0,0
40,5189.0,16,0.64,1,1,290.0,0
25,1752.0,29,0.3,8,0,304.0,0
36,1500.0,85,0.12,6,0,296.0,0
36,2739.0,64,0.03,3,2,274.0,1
51,3827.0,28,0.4,3,0,376.0,0
54,2992.0,21,0.08,3,0,405.0,0
49,3681.0,52,0.69,6,1,278.0,1
29,4631.0,4,0.3,1,0,420.0,0
69,1500.0,31,0.24,9,0,344.0,0
60,6183.0,41,0.69,6,1,351.0,0
56,1818.0,73,0.92,4,3,83.0,1
29,9235.0,6,0.99,8,0,464.0,0
51,6644.0,49,0.94,3,0,438.0,0
39,1500.0,63,0.32,7,0,319.0,0
67,6572.0,17,0.92,1,0,386.0,0
64,5693.0,89,0.66,6,0,395.0,0
25,3879.0,79,0.24,4,1,369.0,0
35,5272.0,14,0.86,8,1,308.0,0
65,2582.0,82,0.54,4,0,342.0,0
56,3567.0,48,0.95,5,1,299.0,0
43,6227.0,1,0.42,7,0,456.0,0
32,4205.0,56,0.98,9,0,358.0,0
61,5324.0,13,0.58,3,0,461.0,0
32,3393.0,75,0.78,7,0,293.0,0
56,5537.0,38,0.74,1,0,366.0,0
30,4786.0,34,0.73,1,0,358.0,0
61,7799.0,56,0.92,6,0,497.0,0
31,5225.0,78,0.77,3,0,342.0,0
49,4466.0,69,0.05,9,0,405.0,0
55,5416.0,15,0.36,9,0,441.0,0
27,6934.0,26,0.21,8,0,472.0,0
66,1973.0,16,0.33,9,2,163.0,1
64,7429.0,29,0.79,5,1,391.0,0
52,1910.0,26,0.48,7,0,348.0,0
69,4366.0,26,0.8,3,1,313.0,0
39,8984.0,95,0.01,8,2,500.0,0
54,7911.0,84,0.46,9,0,474.0,0
23,5838.0,77,0.12,4,0,406.0,0
41,4385.0,51,0.19,2,1,323.0,0
60,4982.0,82,0.05,8,1,431.0,0
68,6510.0,52,0.3,3,0,474.0,0
66,5735.0,56,0.98,4,0,390.0,0
23,5952.0,1,1.0,4,1,334.0,0
39,5366.0,47,0.89,9,0,374.0,0
32,4805.0,24,0.32,2,1,382.0,0
32,8041.0,30,0.34,1,1,397.0,0
41,7250.0,93,0.07,8,1,434.0,0
51,6340.0,31,0.02,5,0,490.0,0
56,7702.0,52,0.03,7,0,554.0,0
53,6019.0,44,0.08,5,0,492.0,0
33,6086.0,48,0.42,6,0,459.0,0
39,4559.0,74,0.83,4,0,374.0,0
36,9102.0,85,0.66,2,1,451.0,0
41,2882.0,14,0.96,3,3,136.0,0
41,2236.0,79,0.74,8,1,248.0,1
28,4895.0,15,0.41,6,0,411.0,0
32,4366.0,97,0.97,2,1,278.0,1
57,6163.0,59,0.23,5,0,475.0,0
38,5341.0,46,0.36,2,1,362.0,0
38,2352.0,3,0.38,2,0,344.0,0
53,5229.0,75,0.96,9,1,244.0,1
59,2362.0,3,0.28,4,0,319.0,0
49,4245.0,1,0.55,3,0,357.0,0
28,7515.0,3,0.8,9,0,458.0,0
69,3573.0,49,0.18,1,0,395.0,0
31,4005.0,90,0.13,8,0,462.0,0
43,7222.0,20,0.17,2,0,509.0,0
57,5044.0,89,0.23,9,0,423.0,0
44,4301.0,99,0.1,1,0,452.0,0
60,4549.0,93,0.13,7,0,415.0,0
27,5251.0,1,0.0,8,0,453.0,0
36,5254.0,67,0.42,9,0,415.0,0
36,3519.0,71,0.29,6,0,394.0,0
47,3573.0,19,0.97,4,1,290.0,1
53,1500.0,13,0.17,9,1,286.0,1
57,6613.0,75,0.6,5,0,419.0,0
61,4837.0,13,0.91,9,0,397.0,0
45,4288.0,84,0.08,5,0,407.0,0
59,6941.0,40,0.75,1,1,393.0,0
32,4018.0,6,0.88,2,3,210.0,1
31,5305.0,2,0.34,1,1,390.0,0
28,3168.0,42,0.15,4,0,385.0,0
57,3918.0,88,0.27,2,0,399.0,0
38,4389.0,14,0.64,6,0,354.0,0
20,11571.0,43,0.5,6,1,540.0,0
46,8470.0,53,0.15,1,0,559.0,0
31,3515.0,51,0.36,5,0,351.0,0
54,4711.0,19,0.9,1,0,437.0,0
45,5327.0,60,0.3,5,0,426.0,0
51,5303.0,67,0.54,6,1,328.0,0
21,6213.0,76,0.84,4,0,416.0,0
34,4427.0,10,0.68,6,0,413.0,0
38,3502.0,37,0.16,8,0,363.0,0
38,6861.0,97,0.51,4,0,489.0,0
55,1500.0,68,0.87,8,1,206.0,1
24,4586.0,32,0.42,5,2,324.0,0
57,4275.0,69,0.98,8,0,346.0,0
45,5722.0,47,0.2,2,1,393.0,0
58,8736.0,9,0.78,1,0,486.0,0
44,8551.0,34,0.97,5,3,352.0,0
36,5956.0,57,0.93,9,1,351.0,0
57,3079.0,68,0.35,7,0,375.0,0
30,1856.0,61,0.93,5,0,247.0,1
34,4883.0,86,0.08,7,1,420.0,0
33,6867.0,30,0.81,7,0,442.0,0
24,4397.0,73,0.95,4,1,271.0,1
45,8031.0,79,0.82,9,2,367.0,0
52,3285.0,42,0.47,8,2,245.0,0
25,7969.0,81,0.76,6,0,494.0,0
29,4639.0,52,0.21,4,0,382.0,0
55,3321.0,11,0.94,5,0,296.0,0
36,3020.0,61,0.94,5,0,295.0,0
43,5157.0,50,0.6,2,0,437.0,0
49,7549.0,26,0.59,5,2,418.0,0
61,10006.0,59,0.69,5,0,512.0,0
24,3488.0,49,0.62,6,0,367.0,0
24,7821.0,37,0.69,6,0,504.0,0
33,6922.0,60,0.03,5,1,473.0,0
38,5843.0,29,0.52,4,0,375.0,0
35,5216.0,83,0.82,8,0,346.0,0
37,1500.0,46,0.7,7,0,276.0,0
22,3183.0,2,0.03,1,0,381.0,0
54,1836.0,59,0.96,9,0,289.0,1
40,5591.0,58,0.45,1,0,446.0,0
25,5547.0,9,0.05,8,0,429.0,0
36,4712.0,35,0.1,6,0,485.0,0
59,7818.0,27,0.8,1,0,436.0,0
59,1935.0,57,0.79,2,0,277.0,0
57,3003.0,46,0.23,6,0,361.0,0
42,1500.0,95,0.22,4,1,331.0,0
50,5303.0,10,0.84,6,1,316.0,0
31,4876.0,25,0.64,5,2,262.0,1
25,6975.0,77,0.85,1,1,367.0,0
32,3955.0,57,0.96,3,0,294.0,0
63,7782.0,10,0.59,6,2,394.0,0
43,5137.0,75,0.69,2,0,382.0,0
28,4534.0,91,0.71,9,0,365.0,0
44,4844.0,66,0.15,1,0,410.0,0
47,5365.0,59,0.8,3,1,343.0,0
37,8279.0,21,0.44,3,1,457.0,0
44,2854.0,96,0.49,6,1,258.0,1
40,4613.0,16,0.98,7,0,318.0,0
42,5800.0,23,0.95,2,1,319.0,0
21,3399.0,21,0.09,3,0,410.0,0
53,6454.0,16,0.08,3,0,541.0,0
42,4838.0,1,0.95,9,1,311.0,0
47,7074.0,91,0.74,3,2,306.0,0
36,5002.0,99,0.59,5,0,340.0,0
64,9344.0,57,0.5,9,0,545.0,0
58,4700.0,70,0.21,3,1,384.0,0
65,2931.0,88,0.23,5,1,328.0,0
38,7345.0,60,0.9,4,2,324.0,0
48,5718.0,25,0.19,4,0,466.0,0
45,3970.0,12,0.11,2,0,385.0,0
65,7719.0,89,0.63,7,0,468.0,0
54,2765.0,95,0.33,5,0,363.0,0
39,4733.0,72,0.88,2,0,248.0,1
66,5879.0,86,0.27,4,0,405.0,0
41,4627.0,69,0.77,2,0,397.0,0
26,7423.0,4,0.81,4,0,383.0,0
33,1988.0,7,0.22,7,0,300.0,0
50,5777.0,91,0.54,9,1,404.0,0
59,2920.0,83,0.35,3,0,314.0,0
69,3831.0,92,0.98,4,0,318.0,0
40,7076.0,20,0.53,1,0,467.0,0
24,9905.0,94,0.88,6,0,473.0,0
37,7991.0,83,0.06,2,0,512.0,0
67,3856.0,12,0.51,9,1,330.0,0
67,1972.0,63,0.17,3,0,361.0,0
43,4266.0,99,0.2,7,0,407.0,0
46,4371.0,54,0.88,1,0,394.0,0
63,4997.0,41,0.99,9,0,324.0,0
30,4650.0,88,0.31,1,0,430.0,0
38,2906.0,11,0.7,5,0,333.0,0
47,3219.0,87,0.84,7,0,355.0,0
65,8775.0,29,0.75,3,1,414.0,0
58,3811.0,99,0.86,9,2,260.0,1
64,3532.0,29,0.58,2,0,337.0,0
29,2013.0,32,0.61,5,1,219.0,1
22,6400.0,42,0.87,8,0,410.0,0
62,10146.0,97,0.74,3,0,539.0,0
37,5362.0,92,0.16,1,1,431.0,0
34,7399.0,8,0.79,6,0,416.0,0
63,2109.0,52,0.97,6,1,230.0,1
67,1582.0,23,0.32,2,0,280.0,0
45,2535.0,13,0.68,4,2,240.0,1
44,4374.0,60,0.31,1,0,402.0,0
23,2021.0,81,0.05,8,0,302.0,0
54,4473.0,80,0.28,9,0,433.0,0
68,4594.0,67,0.01,3,1,390.0,0
60,5768.0,15,0.46,3,1,393.0,0
41,6921.0,41,0.16,6,2,322.0,0
60,5167.0,26,0.82,7,1,325.0,0
20,3871.0,75,0.19,8,0,417.0,0
60,7207.0,62,0.89,1,1,330.0,0
43,3741.0,78,0.29,3,0,436.0,0
51,3010.0,12,0.98,9,0,245.0,0
31,3213.0,39,0.29,9,0,391.0,0
48,2630.0,75,0.64,1,0,313.0,0
40,5713.0,44,0.23,9,1,369.0,0
39,5326.0,9,0.99,6,1,335.0,0
51,1853.0,41,0.11,2,0,338.0,0
27,8634.0,26,0.25,3,0,530.0,0
69,1500.0,67,0.93,6,0,209.0,1
57,5969.0,41,0.01,7,1,395.0,0
45,6518.0,6,0.53,7,0,424.0,0
22,4232.0,93,0.56,3,0,411.0,0
49,6778.0,2,0.25,8,0,456.0,0
48,6925.0,91,0.43,1,0,502.0,0
23,4870.0,83,0.12,6,1,401.0,0
66,4801.0,69,0.21,6,0,418.0,0
27,5106.0,17,0.5,5,0,427.0,0
55,4508.0,90,0.36,2,2,337.0,0
38,4624.0,67,0.17,3,0,388.0,0
23,7685.0,86,0.57,1,2,360.0,0
68,6433.0,96,0.75,9,2,305.0,0
36,3228.0,55,0.33,6,0,358.0,0
51,6518.0,58,0.98,7,1,391.0,0
64,4823.0,63,0.33,9,0,389.0,0
54,5919.0,38,0.22,3,1,381.0,0
20,3148.0,27,0.89,7,1,272.0,1
34,8347.0,79,0.73,2,1,408.0,0
21,6797.0,24,0.31,5,0,452.0,0
51,2371.0,35,0.16,6,0,312.0,0
45,4201.0,60,0.46,3,1,319.0,0
57,2272.0,58,0.81,8,0,336.0,0
59,3264.0,27,0.03,5,1,376.0,0
69,2845.0,19,0.45,6,0,380.0,0
67,6744.0,52,0.03,5,0,499.0,0
34,1500.0,94,0.99,9,1,195.0,1
25,6153.0,28,0.18,1,0,459.0,0
54,4068.0,74,0.32,9,2,302.0,0
51,1500.0,84,0.13,2,0,318.0,0
68,7151.0,77,0.3,5,2,397.0,0
45,5504.0,12,0.87,9,0,349.0,0
68,4996.0,68,0.95,2,2,251.0,1
48,6114.0,67,0.69,8,1,385.0,0
27,3462.0,37,0.45,4,2,250.0,1
42,5339.0,72,0.65,2,1,389.0,0
61,4810.0,11,0.41,7,0,357.0,0
21,3825.0,73,0.64,4,0,317.0,0
31,8340.0,49,0.61,7,1,409.0,0
51,3767.0,64,0.55,7,0,399.0,0
61,5039.0,89,0.25,9,0,376.0,0
23,6062.0,18,0.3,5,0,431.0,0
56,4486.0,35,0.24,1,0,423.0,0
22,5066.0,97,0.25,7,0,401.0,0
30,3648.0,66,0.51,3,0,340.0,0
22,5709.0,2,0.68,3,0,412.0,0
20,3442.0,80,0.77,5,0,337.0,0
40,2327.0,25,0.65,6,1,262.0,1
49,3033.0,67,0.31,1,0,374.0,0
36,1500.0,32,0.28,5,0,297.0,0
67,4633.0,23,0.51,1,0,400.0,0
61,6814.0,92,0.2,4,0,475.0,0
55,6846.0,48,0.62,2,1,350.0,0
64,2474.0,87,0.98,7,1,245.0,1
52,7568.0,87,0.3,6,0,511.0,0
65,7581.0,75,0.32,9,0,498.0,0
23,3712.0,44,0.71,3,1,273.0,1
42,5047.0,16,0.45,7,0,419.0,0
26,9140.0,32,0.89,6,0,554.0,0
54,3966.0,9,1.0,7,0,336.0,0
34,2335.0,71,0.22,5,1,286.0,0
38,4990.0,60,0.85,7,1,317.0,0
33,5100.0,33,0.02,3,0,477.0,0
29,3750.0,91,0.91,8,0,306.0,0
44,7557.0,35,0.85,4,0,447.0,0
24,8665.0,63,0.21,9,0,531.0,0
24,8691.0,97,0.36,6,0,540.0,0
53,6043.0,57,0.52,7,0,443.0,0
51,2767.0,42,0.74,8,0,312.0,0
26,5828.0,39,0.35,6,0,439.0,0
39,7733.0,36,0.95,5,1,384.0,0
41,4377.0,22,0.82,4,2,233.0,1
62,10161.0,60,0.71,6,1,520.0,0
31,8304.0,99,0.54,6,0,480.0,0
48,7880.0,60,0.25,6,1,474.0,0
41,7098.0,85,0.89,1,1,384.0,0
54,6582.0,1,0.73,5,1,413.0,0
26,5747.0,98,0.75,3,1,343.0,0
49,4334.0,96,0.58,4,0,316.0,0
23,3788.0,27,0.78,9,0,343.0,0
63,2026.0,87,0.28,5,1,307.0,0
58,6941.0,39,0.18,5,0,476.0,0
49,4156.0,9,0.8,2,0,333.0,0
25,3023.0,69,0.37,5,0,286.0,1
45,6842.0,19,0.19,8,1,459.0,0
53,3678.0,95,0.68,5,0,367.0,0
39,3397.0,67,0.31,1,0,341.0,0
61,7116.0,85,0.54,9,1,378.0,0
40,7179.0,2,0.63,6,0,479.0,0
25,6484.0,11,0.79,3,0,377.0,0
53,5294.0,76,1.0,7,0,411.0,0
30,6716.0,38,0.63,1,0,426.0,0
25,5324.0,87,0.63,3,1,340.0,0
22,6746.0,98,0.06,9,0,529.0,0
60,4451.0,33,0.13,4,0,445.0,0
63,8611.0,32,0.43,4,1,467.0,0
63,5203.0,64,0.82,1,1,346.0,0
63,6107.0,63,0.13,8,0,459.0,0
52,2743.0,22,0.19,2,0,380.0,0
36,5744.0,53,0.83,3,1,388.0,0
50,9108.0,76,0.03,8,0,604.0,0
41,7867.0,38,0.75,7,0,452.0,0
55,3953.0,37,0.01,3,0,425.0,0
37,1500.0,91,0.16,6,0,321.0,0
68,7727.0,70,0.08,7,1,455.0,0
25,5253.0,59,0.42,4,1,359.0,0
53,3456.0,59,0.48,1,1,337.0,0
46,5491.0,6,0.87,8,1,335.0,0
45,6792.0,78,0.02,5,1,461.0,0
29,4283.0,95,0.99,3,0,337.0,0
39,3449.0,96,0.09,5,0,391.0,0
44,5291.0,31,0.02,5,0,481.0,0
20,4605.0,94,0.76,3,1,307.0,0
51,5138.0,3,0.23,6,0,417.0,0
63,1500.0,29,0.87,7,0,244.0,0
34,4835.0,43,0.88,9,0,389.0,0
24,6731.0,70,0.44,1,0,417.0,0
47,6395.0,71,0.16,2,0,523.0,0
63,6536.0,52,0.2,8,0,457.0,0
36,6597.0,78,0.59,2,1,329.0,0
21,8710.0,92,0.13,2,0,621.0,0
36,6640.0,95,0.64,5,0,371.0,0
69,1500.0,68,0.73,9,0,251.0,1
68,6218.0,80,0.71,6,0,440.0,0
55,4133.0,27,0.34,7,0,386.0,0
50,6027.0,68,0.5,5,1,337.0,0
59,5262.0,30,0.21,8,0,427.0,0
68,6076.0,27,0.46,9,1,414.0,0
55,5169.0,36,0.51,7,1,307.0,0
57,5401.0,64,0.9,1,0,405.0,0
64,7519.0,39,0.47,7,0,485.0,0
27,2548.0,79,0.37,8,0,383.0,0
47,5438.0,26,0.62,1,0,396.0,0
49,4517.0,62,0.83,6,0,381.0,0
21,5564.0,4,0.37,8,3,300.0,0
69,4780.0,57,0.65,7,0,318.0,0
67,5560.0,15,0.51,4,0,423.0,0
36,3904.0,63,0.36,3,1,325.0,0
23,8437.0,39,0.88,9,0,491.0,0
46,3506.0,96,0.55,1,2,235.0,1
49,7967.0,14,0.06,7,0,545.0,0
54,3105.0,38,0.5,2,0,353.0,0
22,2192.0,65,0.85,7,1,218.0,1
46,7540.0,16,0.63,4,0,531.0,0
40,7146.0,96,0.34,2,2,341.0,0
38,11568.0,9,0.29,5,0,601.0,0
62,5610.0,5,0.47,6,0,418.0,0
60,3741.0,13,0.1,7,1,313.0,0
42,9357.0,36,0.49,2,0,552.0,0
20,5702.0,53,0.22,1,0,433.0,0
37,7731.0,76,0.63,7,1,406.0,0
20,7266.0,93,0.42,3,1,369.0,0
42,3088.0,77,0.92,8,0,273.0,1
57,6726.0,60,0.09,5,1,384.0,0
29,1939.0,78,0.88,9,0,247.0,1
61,3762.0,95,0.46,3,1,337.0,0
47,1500.0,10,0.3,3,2,254.0,0
22,3978.0,43,0.07,3,0,417.0,0
57,7330.0,21,0.93,7,0,459.0,0
48,1927.0,24,0.87,7,0,258.0,1
36,7074.0,13,0.98,8,0,419.0,0
36,6363.0,9,0.31,6,0,397.0,0
23,4776.0,70,0.65,1,0,336.0,0
27,6875.0,8,0.24,9,0,466.0,0
55,1500.0,55,0.42,9,0,353.0,0
47,6533.0,22,0.26,4,1,390.0,0
32,5364.0,15,0.36,6,0,404.0,0
23,6388.0,56,0.38,5,1,446.0,0
31,7545.0,87,0.64,7,2,334.0,0
56,5481.0,48,0.75,6,1,349.0,0
35,8945.0,37,0.06,5,0,487.0,0
54,6585.0,35,0.49,1,1,375.0,0
26,4622.0,18,0.96,5,1,343.0,0
51,2834.0,30,0.09,5,0,411.0,0
46,4266.0,25,0.06,2,0,429.0,0
60,2115.0,61,0.25,5,0,405.0,0
37,8779.0,87,0.05,7,1,502.0,0
51,7712.0,53,0.47,7,0,537.0,0
24,3266.0,67,0.29,3,0,331.0,0
38,5761.0,5,0.46,3,0,431.0,0
56,5888.0,34,0.76,5,1,396.0,0
47,2687.0,87,0.11,5,0,330.0,0
63,3214.0,11,0.85,3,0,343.0,0
46,5475.0,50,0.56,1,0,380.0,0
65,3771.0,51,0.99,6,0,370.0,0
56,4828.0,64,0.32,3,1,412.0,0
67,6407.0,29,0.65,2,0,415.0,0
59,5357.0,7,0.09,7,0,400.0,0
45,2325.0,79,0.25,2,0,340.0,0
43,3816.0,61,1.0,7,1,242.0,1
55,7474.0,18,0.06,8,0,518.0,0
56,6454.0,48,0.58,6,1,403.0,0
30,5387.0,84,0.09,8,1,383.0,0
55,6599.0,79,0.78,7,1,277.0,1
36,5110.0,53,0.17,4,0,413.0,0
52,6660.0,81,0.08,4,0,535.0,0
28,5417.0,88,0.6,3,1,365.0,0
40,1500.0,74,0.93,4,1,192.0,1
46,5402.0,30,0.34,2,1,436.0,0
21,5640.0,69,0.01,3,3,298.0,0
34,7179.0,82,0.98,9,0,403.0,0
33,5875.0,21,0.7,3,0,414.0,0
27,4510.0,85,0.8,1,0,400.0,0
66,4132.0,68,0.34,6,0,440.0,0
39,7960.0,50,0.55,7,2,362.0,0
41,7527.0,53,0.92,6,0,430.0,0
37,5881.0,85,0.72,3,0,390.0,0
35,3407.0,75,0.04,7,2,302.0,0
31,1500.0,44,0.45,1,1,293.0,0
51,4550.0,64,0.5,1,0,403.0,0
29,5364.0,53,0.01,6,1,350.0,0
23,4127.0,74,0.18,9,0,450.0,0
60,2791.0,91,0.97,7,0,271.0,1
23,7217.0,39,0.22,3,0,495.0,0
31,5230.0,79,0.74,6,0,411.0,0
67,5907.0,16,0.94,6,0,327.0,0
47,7605.0,37,0.74,4,2,350.0,0
32,5113.0,59,0.21,4,1,397.0,0
44,7056.0,23,0.86,2,1,383.0,0
49,2044.0,15,0.39,7,2,303.0,0
69,8772.0,73,0.44,8,0,505.0,0
32,3388.0,21,0.64,6,0,349.0,0
41,4723.0,97,0.43,9,1,340.0,0
52,9224.0,77,0.93,2,0,465.0,0
38,7444.0,85,0.54,7,0,473.0,0
57,3356.0,93,0.08,4,0,403.0,0
38,7767.0,89,0.35,3,0,497.0,0
58,8004.0,36,0.65,6,0,516.0,0
33,7258.0,42,0.3,4,0,466.0,0
35,4394.0,70,0.27,3,0,403.0,0
49,3197.0,89,0.67,2,0,372.0,0
28,3818.0,99,0.6,8,1,332.0,0
58,6851.0,43,0.62,1,0,404.0,0
36,5989.0,25,0.08,4,0,484.0,0
27,4885.0,12,0.47,3,0,424.0,0
23,5214.0,25,0.69,7,0,330.0,0
28,4190.0,25,0.58,4,2,306.0,0
61,4915.0,37,0.22,7,0,452.0,0
53,3844.0,29,0.12,9,0,445.0,0
23,4500.0,61,0.64,2,1,274.0,1
24,4397.0,25,0.48,5,0,375.0,0
21,5951.0,46,0.19,2,1,385.0,0
61,3260.0,83,0.36,1,2,272.0,1
25,8927.0,29,0.03,8,1,579.0,0
46,4571.0,3,0.21,1,2,334.0,0
39,2470.0,78,0.39,7,0,328.0,0
23,5506.0,3,0.46,5,1,349.0,0
38,5998.0,75,0.5,7,0,423.0,0
42,2836.0,10,0.96,7,0,264.0,0
24,6184.0,97,0.58,5,0,408.0,0
54,5221.0,74,0.19,2,0,422.0,0
27,5862.0,99,0.46,1,1,411.0,0
59,3977.0,21,0.69,6,0,329.0,0
37,4484.0,99,0.74,5,0,336.0,0
68,2141.0,74,0.51,3,2,227.0,1
32,4245.0,36,0.78,2,0,291.0,1
30,6464.0,17,0.65,6,0,406.0,0
47,6263.0,76,0.09,8,0,491.0,0
24,5717.0,65,0.56,5,1,310.0,0
55,4515.0,69,0.31,2,0,381.0,0
57,3737.0,45,0.64,2,3,165.0,1
40,6827.0,44,0.01,7,0,502.0,0
25,4088.0,93,0.01,6,0,472.0,0
30,6990.0,48,0.71,7,0,414.0,0
64,1500.0,78,0.84,8,0,255.0,0
35,7342.0,14,0.52,5,1,437.0,0
31,6133.0,52,0.34,5,0,448.0,0
59,4878.0,21,0.54,2,0,298.0,0
64,3200.0,43,0.96,1,1,215.0,0
47,5908.0,90,0.97,1,0,344.0,0
55,6945.0,86,0.68,5,2,319.0,0
37,6899.0,36,0.84,3,0,400.0,0
38,4316.0,48,0.32,6,0,407.0,0
40,4823.0,59,0.73,5,1,349.0,0
34,6510.0,53,0.19,5,0,448.0,0
30,1500.0,2,0.45,8,1,292.0,0
58,6743.0,55,0.17,8,0,487.0,0
66,7804.0,4,0.49,6,1,434.0,0
42,5206.0,59,0.24,4,0,417.0,0
66,2462.0,12,0.81,6,0,397.0,0
59,3383.0,91,0.66,6,1,299.0,0
39,5380.0,10,0.93,3,1,296.0,0
66,1500.0,75,0.66,5,1,182.0,1
56,5877.0,6,0.73,9,0,467.0,0
31,4312.0,67,0.41,8,0,419.0,0
53,1500.0,59,0.85,9,3,127.0,1
20,6348.0,8,0.18,3,0,469.0,0
65,5369.0,76,0.64,8,1,335.0,0
42,5812.0,33,0.75,8,1,368.0,0
63,1826.0,64,0.25,2,1,272.0,1
24,3312.0,28,0.97,5,0,270.0,1
39,5466.0,21,0.3,7,1,347.0,0
61,4859.0,74,0.04,6,1,353.0,0
58,3989.0,5,0.47,9,0,356.0,0
32,7868.0,32,0.35,7,0,498.0,0
62,5070.0,15,0.61,9,1,345.0,0
33,8071.0,63,0.93,8,1,406.0,0
22,9355.0,99,0.86,5,0,467.0,0
35,4359.0,91,0.21,1,0,416.0,0
31,1500.0,44,0.94,6,2,122.0,1
20,1513.0,60,0.35,7,0,325.0,0
52,6316.0,55,0.51,2,2,361.0,0
56,5086.0,28,0.72,7,2,314.0,0
49,6061.0,64,0.65,9,0,428.0,0
64,1500.0,87,0.78,9,0,292.0,0
57,8425.0,93,0.1,5,0,523.0,0
44,4600.0,50,0.58,2,1,325.0,0
69,3439.0,72,0.93,5,0,336.0,0
34,5589.0,41,0.91,1,0,406.0,0
48,4748.0,86,0.02,4,0,401.0,0
22,5590.0,69,0.39,3,0,453.0,0
49,5600.0,49,0.18,8,0,467.0,0
24,5717.0,29,0.34,9,1,403.0,0
56,6313.0,64,0.02,1,0,497.0,0
34,8735.0,78,0.0,8,0,491.0,0
46,7823.0,15,0.09,9,0,474.0,0
27,2605.0,20,0.16,5,2,246.0,0
51,4274.0,80,0.93,6,0,330.0,0
55,5023.0,37,0.98,5,1,305.0,0
51,4106.0,41,0.39,1,0,374.0,0
34,5682.0,92,0.93,7,0,385.0,0
64,3184.0,82,0.05,7,0,480.0,0
57,5282.0,13,0.18,4,1,312.0,0
51,3365.0,30,0.76,3,1,267.0,1
23,5021.0,78,0.71,9,1,263.0,0
59,6779.0,67,0.62,8,0,442.0,0
61,2853.0,10,0.34,6,0,373.0,0
56,7771.0,26,0.96,4,1,402.0,0
66,5213.0,35,0.4,5,0,421.0,0
45,4041.0,67,0.75,9,1,326.0,0
35,4939.0,33,0.42,6,0,394.0,0
62,3480.0,64,0.32,9,1,288.0,1
24,1500.0,62,0.59,8,0,277.0,1
33,1500.0,14,0.37,6,0,312.0,0
63,5260.0,87,0.72,5,0,361.0,0
36,2211.0,3,0.43,2,1,320.0,0
42,4193.0,32,0.38,4,1,341.0,0
37,6551.0,57,0.57,2,0,432.0,0
62,8054.0,89,0.85,3,0,456.0,0
28,6011.0,16,0.91,3,0,390.0,0
59,6581.0,59,0.96,7,2,310.0,0
50,3750.0,96,0.71,1,0,311.0,0
44,5156.0,4,0.47,2,0,402.0,0
47,4637.0,16,0.77,8,1,373.0,0
64,5036.0,74,0.84,6,0,291.0,1
49,6061.0,91,0.34,5,0,451.0,0
34,3945.0,18,0.39,2,1,303.0,0
38,6323.0,44,0.96,7,2,251.0,1
66,2200.0,50,0.0,5,0,375.0,0
68,5093.0,69,0.42,6,1,322.0,0
31,4061.0,93,0.56,3,1,255.0,1
42,7309.0,80,0.68,5,0,459.0,0
21,5656.0,53,0.72,3,0,380.0,0
64,1500.0,44,0.12,2,0,337.0,0
34,6292.0,82,0.62,4,0,406.0,0
41,5900.0,23,0.96,5,0,348.0,0
49,4396.0,37,0.23,6,0,349.0,0
55,4476.0,79,0.22,7,0,423.0,0
38,5084.0,96,0.96,3,0,356.0,0
21,8408.0,43,0.69,7,0,457.0,0
62,5184.0,90,0.56,2,3,217.0,1
22,5390.0,87,0.44,4,0,435.0,0
31,5321.0,32,0.48,2,1,400.0,0
20,8489.0,16,0.49,6,2,413.0,0
26,3961.0,99,0.35,1,0,405.0,0
57,4132.0,81,0.93,4,0,290.0,1
59,5026.0,73,0.01,5,0,454.0,0
35,5523.0,66,0.79,3,0,407.0,0
52,5075.0,56,0.85,1,0,412.0,0
54,2948.0,98,0.72,4,1,292.0,0
42,1500.0,23,0.99,7,0,200.0,1
38,5879.0,94,0.86,1,1,347.0,0
36,6908.0,99,0.64,6,1,364.0,0
67,5912.0,95,0.3,2,0,452.0,0
36,3746.0,76,0.03,1,0,430.0,0
38,2507.0,49,0.68,1,0,314.0,0
41,1500.0,67,0.34,4,1,270.0,1
20,5265.0,30,0.73,5,0,359.0,0
40,5361.0,81,0.08,5,0,417.0,0
59,5657.0,59,0.58,6,1,383.0,0
67,2376.0,19,0.06,4,0,380.0,0
62,3091.0,43,0.83,2,0,284.0,0
38,9719.0,43,0.96,8,1,448.0,0
60,6218.0,62,0.41,4,1,423.0,0
25,4843.0,44,0.09,7,0,430.0,0
54,1500.0,24,0.64,2,3,130.0,0
59,7026.0,61,0.29,8,0,503.0,0
45,4468.0,17,0.27,1,0,409.0,0
28,6117.0,64,0.18,9,0,513.0,0
24,6376.0,85,0.98,8,0,410.0,0
41,6944.0,35,0.7,1,1,411.0,0
41,6786.0,15,0.04,9,0,517.0,0
57,5599.0,99,0.48,6,0,419.0,0
57,9200.0,9,0.45,4,0,511.0,0
41,6177.0,82,0.47,8,0,460.0,0
29,3696.0,31,0.94,8,1,256.0,1
28,5228.0,94,0.89,5,0,355.0,0
59,3382.0,1,0.27,2,0,351.0,0
27,3926.0,14,0.05,9,0,385.0,0
56,4322.0,65,0.99,2,0,301.0,0
64,7548.0,89,0.32,7,2,461.0,0
42,10047.0,24,0.27,1,1,562.0,0
56,6887.0,4,0.42,9,0,495.0,0
55,2399.0,74,0.72,8,1,209.0,1
24,5532.0,9,0.3,4,0,425.0,0
22,2566.0,36,0.86,2,1,246.0,1
31,6389.0,20,0.18,7,2,340.0,0
39,4404.0,9,0.64,2,0,388.0,0
60,4430.0,4,0.95,6,1,291.0,1
67,4614.0,93,0.73,7,0,380.0,0
67,5331.0,63,0.14,9,1,387.0,0
48,4657.0,6,0.23,7,0,436.0,0
46,3328.0,89,0.89,3,0,341.0,0
22,4544.0,50,0.92,3,0,288.0,1
37,4203.0,17,0.57,9,1,284.0,1
67,6731.0,20,0.35,5,0,440.0,0
45,3619.0,1,0.2,4,0,390.0,0
44,4713.0,51,0.41,2,0,449.0,0
43,2962.0,63,0.54,7,0,392.0,0
47,4811.0,45,0.02,5,1,449.0,0
59,6366.0,4,0.52,3,0,427.0,0
37,3340.0,69,0.38,2,1,295.0,0
35,1500.0,44,0.39,7,2,193.0,1
64,4721.0,14,0.51,7,1,347.0,0
55,4443.0,74,0.82,6,0,358.0,0
44,5680.0,74,0.24,7,2,315.0,0
47,4376.0,78,0.27,8,1,376.0,0
69,6731.0,72,0.86,3,0,463.0,0
44,3361.0,35,0.34,8,0,394.0,0
25,7812.0,86,0.19,4,2,449.0,0
49,3748.0,16,0.94,1,0,314.0,0
30,5040.0,68,0.9,5,1,298.0,0
38,4336.0,91,0.89,2,1,291.0,0
40,3933.0,78,0.04,6,0,443.0,0
49,3670.0,62,0.19,9,0,435.0,0
34,4509.0,35,0.31,7,0,395.0,0
54,3777.0,81,0.51,6,2,249.0,1
29,5678.0,50,0.15,2,0,451.0,0
20,3878.0,18,0.98,3,1,219.0,1
65,3525.0,20,0.6,4,0,346.0,0
54,3328.0,89,0.31,6,1,283.0,0
28,4133.0,1,0.79,3,0,315.0,0
66,5331.0,58,0.6,9,0,385.0,0
33,5620.0,48,0.62,4,0,363.0,0
40,6186.0,76,0.71,6,0,425.0,0
50,4552.0,91,0.71,2,0,370.0,0
66,3505.0,41,0.73,1,0,339.0,0
51,7190.0,38,0.79,9,0,482.0,0
60,4382.0,12,0.16,4,0,384.0,0
58,3963.0,83,0.26,1,0,377.0,0
49,2612.0,3,0.7,9,0,321.0,0
35,3823.0,55,0.99,5,0,302.0,0
23,8738.0,82,0.26,1,0,574.0,0
39,4494.0,21,0.56,7,1,310.0,0
55,3849.0,56,0.8,8,0,314.0,0
58,4575.0,63,0.36,7,1,286.0,0
28,5125.0,79,0.99,6,0,383.0,0
36,6016.0,15,0.25,4,1,499.0,0
33,4485.0,43,0.99,2,0,354.0,0
46,2940.0,14,0.83,2,0,343.0,0
40,1500.0,88,0.01,2,2,221.0,0
42,6575.0,91,0.52,6,1,410.0,0
30,5165.0,66,0.81,2,0,372.0,0
39,4214.0,60,0.2,4,0,410.0,0
28,6916.0,19,0.8,9,0,447.0,0
36,5845.0,39,0.49,8,1,388.0,0
66,6377.0,70,0.94,9,0,405.0,0
58,5024.0,8,0.72,3,1,363.0,0
51,6480.0,70,0.15,8,1,437.0,0
53,3219.0,86,0.29,2,0,350.0,0
41,6684.0,68,0.32,5,0,430.0,0
31,5504.0,12,0.21,5,2,320.0,0
58,5596.0,72,0.45,3,0,414.0,0
69,6319.0,5,0.34,1,0,416.0,0
65,1749.0,68,0.98,9,0,281.0,0
55,5842.0,16,0.34,3,1,369.0,0
59,7656.0,34,0.38,6,1,442.0,0
59,5314.0,78,0.5,2,1,344.0,0
58,9852.0,5,0.23,4,1,532.0,0
43,2911.0,16,0.76,4,0,299.0,0
55,3905.0,32,0.24,3,0,406.0,0
22,1986.0,68,0.89,1,1,210.0,1
24,4374.0,77,0.08,7,0,422.0,0
60,3681.0,30,0.01,8,1,367.0,0
44,4940.0,89,0.04,4,0,432.0,0
20,3332.0,72,0.36,3,0,355.0,0
41,5430.0,95,0.23,7,0,418.0,0
67,6155.0,12,0.97,6,0,373.0,0
32,9223.0,19,0.48,8,0,585.0,0
43,4318.0,86,0.4,2,0,370.0,0
69,5071.0,15,0.53,8,0,445.0,0
52,5428.0,86,0.25,3,3,320.0,0
52,3691.0,30,0.21,5,0,377.0,0
53,8668.0,20,0.42,6,0,516.0,0
57,5746.0,13,0.36,8,0,438.0,0
64,5039.0,2,0.07,7,0,421.0,0
23,6606.0,55,0.05,4,0,512.0,0
47,8071.0,5,0.93,6,0,426.0,0
63,4918.0,75,0.13,2,1,425.0,0
44,4990.0,56,0.37,2,1,372.0,0
48,2904.0,30,0.85,8,0,328.0,0
69,1500.0,55,0.13,3,0,339.0,0
47,2409.0,3,0.67,1,0,323.0,0
32,5960.0,93,0.49,7,1,433.0,0
44,6002.0,84,0.82,6,1,300.0,0
40,3045.0,44,0.05,3,0,412.0,0
29,4367.0,74,0.88,8,1,264.0,1
52,5205.0,1,0.68,6,0,338.0,0
57,3368.0,99,0.51,6,0,415.0,0
47,5138.0,26,0.8,6,0,424.0,0
23,5062.0,19,0.22,6,1,357.0,0
26,8603.0,19,0.78,4,0,515.0,0
42,3602.0,83,0.85,5,2,236.0,0
36,8081.0,92,0.73,3,0,446.0,0
52,5367.0,38,0.3,5,0,427.0,0
36,4785.0,5,0.74,1,2,294.0,0
24,6575.0,24,0.21,6,1,413.0,0
48,1851.0,40,0.94,9,0,277.0,1
35,4588.0,57,0.7,1,0,391.0,0
51,4334.0,38,0.45,8,0,366.0,0
47,6495.0,35,0.36,8,0,420.0,0
45,2274.0,65,0.61,8,0,291.0,1
63,6252.0,60,0.3,8,0,437.0,0
30,4075.0,1,0.5,4,0,343.0,0
44,5216.0,10,0.25,7,0,381.0,0
52,4663.0,66,0.92,2,0,287.0,1
20,5947.0,16,0.35,2,0,437.0,0
33,2106.0,33,0.81,3,2,183.0,1
50,4005.0,35,0.26,2,0,394.0,0
47,4527.0,20,0.33,9,0,394.0,0
47,2998.0,73,0.91,7,0,279.0,1
64,2429.0,98,0.89,8,1,238.0,1
60,6140.0,29,0.23,6,0,434.0,0
69,1500.0,47,0.63,1,1,255.0,1
61,5215.0,4,0.97,4,0,323.0,0
54,5800.0,83,0.02,8,0,485.0,0
36,5514.0,56,0.88,1,1,362.0,0
44,2211.0,53,0.98,2,0,303.0,0
56,3801.0,48,0.55,2,0,378.0,0
53,6380.0,55,0.62,4,0,439.0,0
55,6011.0,89,0.16,5,0,503.0,0
44,5036.0,56,0.93,3,0,380.0,0
23,3925.0,28,0.66,1,0,334.0,0
33,6534.0,5,0.08,6,0,431.0,0
35,7677.0,58,0.36,2,0,460.0,0
67,7690.0,63,0.32,5,0,513.0,0
63,4594.0,41,0.06,4,1,353.0,0
35,6237.0,69,0.45,7,0,412.0,0
65,4280.0,99,0.87,2,2,239.0,1
62,6924.0,19,0.39,3,0,419.0,0
43,6513.0,43,0.64,8,0,401.0,0
61,5576.0,16,0.1,6,0,491.0,0
52,4771.0,56,0.85,8,2,270.0,1
20,8180.0,61,0.29,7,2,440.0,0
33,3475.0,35,0.18,6,0,407.0,0
53,5131.0,63,0.9,2,0,304.0,0
31,2863.0,59,0.47,3,0,377.0,0
30,4175.0,28,0.02,9,0,472.0,0
58,5067.0,35,0.21,9,1,372.0,0
28,6644.0,2,0.22,8,0,477.0,0
66,2991.0,13,0.93,5,1,280.0,1
22,3638.0,2,0.17,3,2,337.0,0
29,7866.0,89,0.08,8,1,501.0,0
66,8422.0,32,0.39,4,1,477.0,0
68,5458.0,2,0.66,2,1,305.0,0
58,6208.0,31,0.48,7,1,379.0,0
64,5061.0,22,0.84,9,1,304.0,0
54,3515.0,9,0.84,1,1,251.0,1
65,3594.0,95,0.39,5,0,322.0,0
64,5651.0,11,0.46,9,1,311.0,0
55,9355.0,16,0.66,3,0,549.0,0
27,5593.0,49,0.74,7,1,347.0,0
53,4194.0,95,0.76,6,0,348.0,0
36,7247.0,97,0.65,2,1,397.0,0
57,6559.0,77,0.54,1,0,424.0,0
68,7061.0,42,0.2,5,0,463.0,0
60,5454.0,13,0.54,9,1,416.0,0
55,2975.0,11,0.66,3,1,266.0,1
60,5111.0,10,0.66,4,0,364.0,0
57,3811.0,57,0.71,9,1,288.0,1
48,7393.0,40,0.02,8,1,501.0,0
31,3507.0,81,0.12,9,1,395.0,0
22,3738.0,33,0.64,8,0,375.0,0
41,1990.0,29,0.6,2,0,275.0,1
48,6615.0,23,0.81,9,1,381.0,0
69,2467.0,33,0.11,1,2,236.0,1
51,5804.0,3,0.82,9,0,371.0,0
47,4851.0,58,0.04,9,0,478.0,0
37,7345.0,11,0.79,8,0,441.0,0
30,1500.0,69,0.86,7,3,117.0,1
64,4985.0,79,0.76,8,0,376.0,0
42,9584.0,52,0.16,6,1,537.0,0
67,2255.0,37,0.47,5,1,248.0,1
60,8179.0,57,0.52,2,1,466.0,0
66,6795.0,59,0.43,7,0,460.0,0
50,3279.0,87,0.16,4,1,319.0,0
22,6760.0,97,0.53,2,0,422.0,0
21,3900.0,36,0.67,8,0,338.0,0
54,5454.0,12,0.94,7,0,397.0,0
44,2964.0,44,0.85,1,0,315.0,0
30,6117.0,39,0.31,4,0,469.0,0
51,3798.0,10,0.7,2,0,370.0,0
32,7390.0,67,0.51,8,1,400.0,0
27,5496.0,70,0.75,7,1,408.0,0
44,2453.0,9,0.03,5,0,387.0,0
58,6147.0,64,0.83,9,1,345.0,0
33,7226.0,90,0.77,8,2,410.0,0
26,4213.0,58,0.2,9,2,306.0,0
31,4747.0,53,0.78,6,1,286.0,1
65,3069.0,24,0.57,1,0,393.0,0
42,4001.0,94,0.84,6,1,251.0,1
37,5513.0,17,0.39,8,2,324.0,0
49,7766.0,90,0.53,8,0,450.0,0
33,4894.0,8,0.92,7,1,301.0,0
51,3743.0,91,0.32,3,0,437.0,0
44,4128.0,93,0.02,1,1,375.0,0
31,6508.0,22,0.68,9,1,407.0,0
46,3806.0,8,0.08,8,0,409.0,0
66,1500.0,33,0.87,3,0,227.0,1
48,3005.0,41,0.96,9,0,299.0,0
32,6176.0,82,0.41,9,1,401.0,0
44,2510.0,11,0.59,4,1,268.0,1
22,4741.0,21,0.88,1,1,326.0,0
23,6277.0,98,0.82,5,2,298.0,0
68,4384.0,90,0.73,4,0,302.0,0
35,4429.0,80,0.68,1,1,326.0,0
50,4474.0,39,0.99,9,1,283.0,1
62,3399.0,74,0.3,5,0,382.0,0
58,1585.0,68,0.28,4,1,295.0,0
59,3621.0,80,0.49,2,0,339.0,0
65,6021.0,4,0.48,3,0,417.0,0
55,4902.0,76,0.5,3,0,420.0,0
28,3952.0,58,0.15,8,2,258.0,1
49,2121.0,95,0.82,8,1,214.0,1
56,6274.0,18,0.54,3,0,420.0,0
41,3761.0,52,0.63,2,1,309.0,0
59,6449.0,32,0.93,9,0,409.0,0
64,5677.0,44,0.92,6,0,433.0,0
67,1500.0,65,0.53,7,0,263.0,1
25,6387.0,41,0.46,4,0,349.0,0
56,4249.0,4,0.35,6,2,273.0,1
36,8782.0,60,0.81,6,0,472.0,0
43,6445.0,17,0.54,4,0,417.0,0
38,2534.0,51,0.19,1,0,382.0,0
45,4158.0,5,0.12,2,0,413.0,0
61,2859.0,99,0.8,2,2,188.0,1
60,6569.0,27,0.61,4,0,389.0,0
31,1500.0,6,0.48,6,0,330.0,0
54,2823.0,60,0.22,3,1,286.0,1
43,8125.0,61,0.33,6,0,519.0,0
59,7110.0,66,0.37,7,1,425.0,0
44,4976.0,6,0.26,1,1,380.0,0
47,5222.0,44,0.67,9,1,357.0,0
37,9044.0,82,0.75,9,0,574.0,0
21,3387.0,24,0.24,5,0,325.0,0
53,3191.0,85,0.84,3,0,308.0,0
20,5460.0,65,0.67,3,0,410.0,0
41,2268.0,84,0.05,2,1,294.0,0
49,3906.0,94,0.34,8,2,240.0,1
55,5857.0,44,0.17,3,1,421.0,0
26,4663.0,29,0.87,9,1,288.0,1
35,3671.0,5,0.67,3,0,321.0,0
42,4813.0,90,0.65,2,0,367.0,0
40,7537.0,89,0.02,2,0,544.0,0
38,5244.0,4,0.52,9,0,416.0,0
58,2111.0,44,0.06,3,1,292.0,0
56,6369.0,16,0.46,3,1,420.0,0
27,3818.0,65,0.33,1,1,355.0,0
45,4821.0,63,0.17,5,0,461.0,0
41,6327.0,14,0.34,6,0,443.0,0
48,7054.0,5,0.98,8,0,420.0,0
32,3098.0,58,0.93,6,1,245.0,1
62,2661.0,93,0.58,6,1,246.0,1
51,5433.0,61,0.47,9,0,443.0,0
58,5855.0,25,0.08,4,1,408.0,0
46,4925.0,58,0.7,3,0,366.0,0
48,5421.0,3,0.29,5,0,421.0,0
21,7951.0,53,0.95,3,1,403.0,0
52,8906.0,27,0.79,4,0,502.0,0
68,6130.0,56,0.88,7,0,373.0,0
41,3414.0,91,0.28,3,0,378.0,0
43,6567.0,33,0.56,9,2,370.0,0
56,4947.0,66,0.92,9,1,296.0,0
60,8611.0,19,0.13,7,2,445.0,0
69,7174.0,34,0.84,1,0,424.0,0
49,3502.0,12,0.33,7,2,234.0,0
62,6228.0,63,0.15,2,1,477.0,0
23,4907.0,9,0.3,5,0,402.0,0
27,2676.0,45,0.13,5,0,387.0,0
53,8145.0,27,0.87,8,2,391.0,0
34,4729.0,54,0.45,1,0,376.0,0
64,3516.0,53,0.84,4,0,301.0,0
38,3446.0,75,0.67,2,3,212.0,1
23,6183.0,22,0.74,3,0,457.0,0
31,7163.0,42,0.91,4,0,411.0,0
38,6174.0,72,0.66,3,2,325.0,0
24,7489.0,54,0.65,8,0,512.0,0
34,4033.0,53,0.85,2,1,274.0,0
26,4450.0,69,0.62,1,0,366.0,0
32,6498.0,88,0.14,6,1,434.0,0
40,4304.0,8,0.92,1,1,267.0,1
36,9292.0,26,0.18,5,0,554.0,0
26,6115.0,67,0.75,9,0,442.0,0
34,6480.0,30,0.09,3,0,467.0,0
39,8174.0,19,0.24,7,1,500.0,0
33,5805.0,81,0.82,5,1,311.0,0
68,4793.0,40,0.19,9,1,361.0,0
54,6145.0,90,0.02,8,1,415.0,0
28,5686.0,16,0.53,7,0,410.0,0
56,6214.0,97,0.02,8,1,413.0,0
30,9615.0,66,0.51,3,0,542.0,0
67,5640.0,7,0.83,8,0,468.0,0
30,1500.0,42,0.69,9,1,185.0,1
65,4937.0,82,0.7,9,1,297.0,0
44,6955.0,81,0.38,6,0,459.0,0
63,5518.0,50,0.07,3,0,389.0,0
64,2459.0,85,0.23,6,1,278.0,1
45,5155.0,4,0.6,8,0,424.0,0
48,5199.0,66,0.28,7,0,432.0,0
52,3627.0,36,0.28,8,0,381.0,0
25,7164.0,53,0.55,5,0,463.0,0
40,4079.0,34,0.05,3,3,221.0,1
66,3745.0,7,0.77,2,2,292.0,0
41,2669.0,65,0.85,6,0,315.0,0
37,5023.0,97,0.13,3,0,403.0,0
63,6991.0,97,0.76,8,0,483.0,0
21,5055.0,70,0.38,2,0,467.0,0
21,5832.0,2,0.23,1,0,439.0,0
60,5435.0,30,0.07,8,2,321.0,0
50,7077.0,27,0.35,2,0,482.0,0
61,1500.0,15,0.86,3,0,242.0,1
32,5522.0,31,0.48,2,0,420.0,0
69,3459.0,87,1.0,5,0,315.0,0
45,3272.0,99,0.33,4,0,357.0,0
36,4130.0,12,0.31,5,4,195.0,1
57,6752.0,92,0.88,3,0,439.0,0
42,5280.0,67,0.46,7,2,304.0,0
66,3337.0,79,0.29,5,1,301.0,0
69,6899.0,47,0.82,6,1,395.0,0
24,8563.0,81,0.71,1,0,544.0,0
33,6918.0,99,0.22,7,0,495.0,0
67,3213.0,33,0.17,7,1,297.0,0
55,3046.0,35,0.03,6,0,395.0,0
36,2006.0,38,0.81,7,0,324.0,0
67,6836.0,53,0.58,6,0,395.0,0
64,9243.0,66,0.42,4,0,562.0,0
52,1552.0,44,0.62,9,1,244.0,1
37,3554.0,14,0.23,8,0,375.0,0
67,2671.0,54,0.81,6,1,247.0,0
55,3258.0,62,0.3,8,2,272.0,1
29,5855.0,14,0.22,6,2,329.0,0
55,4886.0,99,0.59,9,0,376.0,0
51,2722.0,95,0.36,5,0,367.0,0
39,6415.0,87,0.4,6,0,414.0,0
67,6928.0,58,0.71,3,0,440.0,0
48,5012.0,96,0.24,2,0,354.0,0
45,8574.0,33,0.67,9,0,514.0,0
21,5583.0,64,0.93,6,0,392.0,0
47,2178.0,8,0.67,3,0,259.0,0
69,6893.0,94,0.78,7,0,417.0,0
23,6573.0,65,0.15,2,0,515.0,0
22,4777.0,11,0.73,1,1,312.0,0
38,1500.0,27,0.82,8,0,287.0,1
56,3526.0,19,0.77,9,0,301.0,0
63,5927.0,13,0.38,8,0,432.0,0
46,5784.0,12,0.12,6,1,418.0,0
49,5912.0,93,0.16,1,2,346.0,0
61,2847.0,6,0.07,3,1,319.0,0
62,3919.0,79,0.89,6,0,340.0,0
46,3420.0,36,0.44,8,0,328.0,0
53,4441.0,42,0.8,8,0,351.0,0
31,6047.0,27,0.12,6,0,488.0,0
50,7163.0,5,0.52,1,0,534.0,0
50,2437.0,55,0.5,9,0,341.0,0
23,3199.0,50,0.57,6,0,291.0,1
46,5896.0,68,0.71,4,1,401.0,0
33,10836.0,15,0.0,6,0,594.0,0
51,2132.0,9,0.83,3,0,290.0,1
52,2836.0,74,0.24,7,0,359.0,0
58,5946.0,19,0.84,6,0,369.0,0
24,1500.0,27,0.36,7,0,297.0,0
28,4400.0,35,0.31,6,0,387.0,0
54,6642.0,82,0.09,1,0,469.0,0
30,5657.0,21,0.62,5,0,434.0,0
40,4611.0,83,0.37,6,0,442.0,0
53,4772.0,92,0.8,1,0,404.0,0
23,7394.0,61,0.02,5,1,466.0,0
23,4646.0,54,0.59,1,1,311.0,0
56,7518.0,75,0.56,3,0,463.0,0
30,3222.0,79,0.1,3,0,421.0,0
24,6851.0,59,0.08,4,2,452.0,0
55,5254.0,12,0.32,2,0,414.0,0
64,5093.0,84,0.38,2,0,464.0,0
63,2938.0,6,0.99,4,2,160.0,1
20,3972.0,85,0.48,1,1,298.0,0
69,4641.0,72,0.42,4,0,393.0,0
36,1651.0,55,0.59,5,0,298.0,0
27,7797.0,87,0.62,8,1,456.0,0
49,4491.0,54,0.41,5,1,395.0,0
60,1500.0,10,0.81,6,0,253.0,1
28,5550.0,59,0.13,1,1,381.0,0
37,6402.0,36,0.54,9,0,426.0,0
28,4681.0,72,0.79,6,0,355.0,0
27,7868.0,32,0.76,2,0,468.0,0
66,2969.0,16,0.69,8,0,254.0,1
43,4189.0,66,0.38,1,0,368.0,0
25,1717.0,63,0.85,5,0,260.0,1
56,2334.0,52,0.72,5,0,339.0,0
36,7873.0,91,0.11,4,0,541.0,0
63,6376.0,37,0.51,1,0,404.0,0
57,4651.0,86,0.46,4,1,338.0,0
25,6008.0,17,0.01,9,1,425.0,0
22,4538.0,92,0.12,1,0,415.0,0
68,7994.0,55,0.85,9,0,428.0,0
54,6106.0,38,0.21,2,1,353.0,0
64,6639.0,94,0.01,4,1,461.0,0
29,4214.0,37,0.34,7,0,447.0,0
61,2321.0,89,0.12,9,0,319.0,0
26,5376.0,78,0.55,9,1,368.0,0
29,5748.0,17,0.45,1,1,402.0,0
32,6325.0,21,0.95,8,1,306.0,0
32,6435.0,34,0.46,2,1,363.0,0
23,9108.0,26,0.74,6,0,443.0,0
40,7628.0,95,0.64,2,0,457.0,0
45,3281.0,93,0.67,7,0,331.0,0
30,6197.0,6,0.39,9,1,371.0,0
24,6506.0,85,0.32,5,2,374.0,0
21,2657.0,40,0.27,7,1,257.0,0
32,3475.0,5,0.48,9,0,349.0,0
64,4040.0,12,0.46,3,0,349.0,0
46,6538.0,2,0.55,4,0,488.0,0
32,5036.0,18,0.09,3,1,387.0,0
36,6011.0,93,0.05,9,0,485.0,0
36,5558.0,72,0.58,2,1,404.0,0
36,5265.0,19,0.17,8,1,406.0,0
28,3664.0,17,0.47,7,0,329.0,0
52,2776.0,96,0.2,7,0,389.0,0
45,10011.0,18,0.14,6,0,554.0,0
21,6073.0,15,0.15,1,0,433.0,0
55,9508.0,95,0.09,7,0,557.0,0
34,4854.0,49,0.47,2,1,321.0,0
33,6691.0,95,0.98,7,0,391.0,0
68,3628.0,45,0.96,3,1,248.0,0
55,4662.0,55,0.42,3,0,425.0,0
53,6518.0,54,0.55,6,1,408.0,0
60,5138.0,66,0.19,4,1,398.0,0
33,6814.0,56,0.82,9,1,359.0,0
63,6408.0,67,0.86,9,2,334.0,0
30,1500.0,73,0.93,9,0,263.0,1
32,4434.0,59,0.47,7,1,295.0,0
26,5966.0,61,0.61,6,0,375.0,0
53,2497.0,63,0.62,3,0,342.0,0
44,4016.0,10,0.89,2,0,310.0,0
61,2301.0,32,0.47,2,0,316.0,0
28,3901.0,1,0.83,6,2,226.0,0
62,7287.0,16,0.21,3,1,459.0,0
28,6407.0,12,0.0,9,0,509.0,0
36,5986.0,61,0.97,1,0,407.0,0
68,5893.0,66,0.46,5,0,483.0,0
35,5080.0,5,0.6,3,3,249.0,1
25,6141.0,15,0.67,1,2,308.0,0
45,5900.0,56,0.25,1,1,394.0,0
62,1500.0,41,0.17,5,0,331.0,0
61,4626.0,76,0.46,9,0,394.0,0
59,5750.0,8,0.37,9,2,309.0,0
66,5092.0,52,0.16,2,0,451.0,0
53,5640.0,23,0.09,7,1,415.0,0
44,5724.0,77,0.35,2,0,452.0,0
36,3233.0,38,0.36,2,0,371.0,0
46,6571.0,92,0.94,4,1,353.0,0
28,3364.0,77,0.2,2,0,334.0,0
28,2375.0,7,0.71,1,0,319.0,0
26,3687.0,21,0.75,8,1,263.0,1
39,7109.0,9,0.55,9,0,457.0,0
22,2474.0,80,0.29,2,0,350.0,0
52,3163.0,44,0.07,2,1,355.0,0
38,4897.0,81,0.39,8,1,353.0,0
26,3474.0,40,0.19,7,0,389.0,0
53,5651.0,94,0.43,7,0,446.0,0
59,3198.0,57,0.58,2,0,344.0,0
66,5832.0,30,0.4,6,2,330.0,0
56,7606.0,51,0.33,2,1,398.0,0
46,6993.0,46,0.93,4,0,442.0,0
60,2580.0,31,0.18,1,0,399.0,0
30,5086.0,45,0.62,4,2,307.0,0
68,6141.0,42,0.58,7,0,401.0,0
34,3955.0,45,0.0,8,0,431.0,0
38,3708.0,10,0.17,6,0,370.0,0
28,1500.0,77,0.88,9,1,199.0,1
25,3245.0,86,0.43,1,1,308.0,0
44,4746.0,78,0.47,3,1,304.0,0
60,7598.0,84,0.35,5,0,484.0,0
32,3041.0,12,0.63,8,0,345.0,0
31,1500.0,72,0.53,6,0,261.0,1
55,3018.0,90,0.07,3,0,398.0,0
45,8169.0,31,0.12,8,0,507.0,0
27,6357.0,54,0.49,8,1,396.0,0
63,5499.0,48,0.29,4,1,377.0,0
48,7223.0,61,0.05,4,0,552.0,0
41,1569.0,68,0.42,6,1,202.0,1
55,4039.0,9,0.82,8,0,334.0,0
41,2922.0,86,0.21,7,1,336.0,0
47,5795.0,18,0.13,2,0,420.0,0
29,1500.0,22,0.3,5,1,260.0,1
67,5207.0,49,0.89,2,0,365.0,0
61,6489.0,78,0.96,2,0,370.0,0
55,4652.0,42,0.84,1,2,193.0,1
63,2034.0,90,0.51,6,0,335.0,0
65,6720.0,8,0.86,5,2,313.0,0
40,7901.0,40,0.87,2,1,415.0,0
47,4808.0,29,0.46,7,2,277.0,1
55,4454.0,4,0.76,6,0,428.0,0
30,8078.0,33,0.62,3,0,436.0,0
60,3959.0,45,0.88,6,0,330.0,0
37,4871.0,41,0.03,9,1,437.0,0
32,3801.0,2,0.07,9,0,417.0,0
37,5032.0,73,0.18,2,0,452.0,0
59,4364.0,47,0.42,5,1,374.0,0
20,4505.0,39,0.26,3,0,359.0,0
61,7198.0,55,0.2,7,0,536.0,0
52,3080.0,4,0.77,7,0,323.0,0
42,6151.0,17,0.19,3,0,454.0,0
37,2371.0,54,0.34,1,1,204.0,0
46,3165.0,57,0.33,6,1,266.0,0
33,5176.0,62,0.02,5,1,363.0,0
48,4558.0,32,0.58,6,1,374.0,0
20,1500.0,26,0.43,7,0,320.0,0
25,5700.0,23,0.04,4,0,503.0,0
61,4020.0,82,0.94,3,1,282.0,1
45,7364.0,56,0.5,2,0,415.0,0
24,5434.0,72,0.86,9,2,270.0,1
59,5336.0,43,0.74,8,0,406.0,0
65,6192.0,81,0.92,7,0,405.0,0
68,1500.0,1,0.4,6,0,291.0,1
34,3393.0,66,0.0,8,2,305.0,0
47,5488.0,12,0.34,7,1,386.0,0
32,4643.0,97,0.98,1,1,290.0,1
52,5286.0,6,0.37,9,0,397.0,0
69,3858.0,22,0.0,9,0,410.0,0
62,4122.0,24,0.6,7,0,350.0,0
23,6271.0,40,0.31,5,0,411.0,0
21,7966.0,48,0.87,8,0,429.0,0
36,3573.0,79,0.4,8,0,378.0,0
59,5507.0,47,0.84,1,0,378.0,0
58,7570.0,51,0.59,7,1,395.0,0
67,2785.0,72,0.25,2,0,404.0,0
60,8248.0,34,0.16,3,0,470.0,0
23,5833.0,26,0.19,6,1,451.0,0
23,7388.0,52,0.67,3,0,462.0,0
46,4608.0,12,0.44,8,0,428.0,0
44,4086.0,72,0.96,1,0,324.0,0
42,5067.0,91,0.16,3,0,486.0,0
45,5619.0,51,0.86,6,1,322.0,0
20,4750.0,49,0.71,3,0,370.0,0
54,3219.0,7,0.01,2,0,414.0,0
44,7327.0,26,0.96,3,0,424.0,0
41,5271.0,15,0.69,8,2,315.0,0
62,6050.0,84,0.21,3,0,459.0,0
44,4468.0,69,0.27,4,1,298.0,0
51,7755.0,93,0.28,9,0,508.0,0
34,8274.0,51,0.84,8,0,419.0,0
50,3894.0,51,0.82,3,0,292.0,0
38,3160.0,29,0.23,3,0,293.0,0
50,5778.0,46,0.24,8,1,456.0,0
30,2803.0,68,0.49,1,0,322.0,0
27,7378.0,65,0.66,7,2,368.0,0
31,3130.0,40,0.87,8,0,316.0,0
21,4972.0,7,0.14,2,0,427.0,0
46,3344.0,52,0.03,3,0,442.0,0
50,5065.0,40,0.63,6,0,345.0,0
67,2917.0,44,0.22,7,1,360.0,0
68,8945.0,81,0.86,4,0,517.0,0
43,2729.0,15,0.02,6,1,313.0,0
43,7091.0,56,0.68,5,0,488.0,0
35,7668.0,89,0.2,6,0,537.0,0
48,2380.0,5,0.91,7,0,349.0,0
63,5946.0,21,0.84,2,0,413.0,0
60,7671.0,76,0.51,1,1,380.0,0
39,5838.0,86,0.8,5,0,420.0,0
65,5058.0,5,0.15,4,0,440.0,0
45,1500.0,56,0.24,1,0,341.0,0
30,2859.0,52,0.78,7,0,329.0,0
69,4755.0,72,0.87,7,0,368.0,0
21,1500.0,95,0.03,4,2,264.0,1
32,7893.0,95,0.34,6,0,526.0,0
31,5298.0,48,0.65,4,1,312.0,0
26,1500.0,33,0.14,5,1,244.0,0
52,4868.0,3,0.33,2,1,433.0,0
23,3405.0,77,0.99,7,0,345.0,0
69,8211.0,22,0.91,2,0,409.0,0
23,3995.0,75,0.95,2,1,215.0,1
36,9749.0,76,0.5,7,0,530.0,0
33,4707.0,13,0.52,2,0,406.0,0
46,4611.0,51,0.45,2,0,390.0,0
45,3894.0,85,0.91,4,1,287.0,1
43,3038.0,54,0.14,9,0,428.0,0
64,2623.0,52,0.7,1,2,179.0,0
54,8623.0,38,0.42,6,1,484.0,0
22,4060.0,69,0.55,5,0,347.0,0
54,5259.0,86,0.56,1,1,320.0,0
41,2869.0,25,0.21,4,0,374.0,0
34,2898.0,35,0.5,9,1,310.0,0
63,10397.0,26,0.76,5,1,539.0,0
38,6104.0,29,0.35,7,1,325.0,0
65,4631.0,35,0.13,8,1,384.0,0
53,6013.0,55,0.16,9,0,459.0,0
26,7387.0,81,0.1,3,2,471.0,0
48,6042.0,64,0.35,3,0,476.0,0
38,8599.0,96,0.86,6,0,499.0,0
27,2339.0,27,0.16,1,0,284.0,1
23,4429.0,56,0.38,7,0,345.0,0
22,4768.0,69,0.54,9,0,289.0,0
45,1500.0,5,0.73,4,0,326.0,0
55,5031.0,90,0.73,7,0,393.0,0
26,1500.0,39,0.57,7,0,324.0,0
35,6412.0,60,0.68,5,0,399.0,0
52,3356.0,71,0.79,7,1,222.0,0
28,6740.0,29,0.08,4,0,559.0,0
48,6398.0,56,0.71,2,1,388.0,0
33,5949.0,44,0.17,8,1,442.0,0
42,1636.0,60,0.71,4,0,249.0,1
40,5640.0,31,0.22,2,1,431.0,0
29,6276.0,63,0.15,1,0,487.0,0
35,6331.0,75,0.68,8,0,420.0,0
50,3441.0,19,0.83,9,1,270.0,1
22,5586.0,18,0.17,1,0,396.0,0
47,3456.0,89,0.73,4,1,280.0,1
60,6507.0,8,0.85,9,0,453.0,0
44,2691.0,47,0.06,1,0,360.0,0
30,2445.0,51,0.77,9,1,221.0,1
48,5576.0,94,0.26,1,0,399.0,0
64,5906.0,8,0.75,5,1,391.0,0
53,4532.0,7,0.05,8,0,458.0,0
49,6137.0,36,0.18,8,0,487.0,0
48,10276.0,5,0.85,9,2,395.0,0
69,6905.0,77,0.72,4,0,381.0,0
47,5067.0,51,0.23,6,0,441.0,0
36,6288.0,63,0.35,5,0,496.0,0
55,9009.0,76,0.88,3,2,422.0,0
34,6699.0,76,0.68,4,0,467.0,0
34,7352.0,77,0.17,6,0,492.0,0
23,6420.0,24,0.82,2,0,439.0,0
24,3333.0,56,0.59,8,0,332.0,0
51,3777.0,74,0.95,2,1,266.0,1
33,5259.0,20,0.56,8,0,365.0,0
66,4911.0,4,0.64,3,0,362.0,0
57,9686.0,27,0.61,9,1,489.0,0
39,5245.0,75,0.36,7,1,329.0,0
63,5502.0,78,0.76,4,0,397.0,0
37,2703.0,73,0.18,4,0,338.0,0
36,6906.0,75,0.46,9,0,404.0,0
20,1753.0,10,0.4,1,0,308.0,0
49,4902.0,36,0.96,1,0,327.0,0
64,7848.0,34,0.77,4,0,461.0,0
66,10284.0,55,0.7,6,0,520.0,0
29,4363.0,53,0.27,5,0,415.0,0
34,4978.0,60,0.28,1,0,413.0,0
24,6989.0,6,0.33,1,1,435.0,0
43,2150.0,72,0.73,9,0,308.0,0
56,1500.0,12,0.96,4,0,218.0,1
61,4158.0,19,0.85,2,0,319.0,0
49,5280.0,99,0.06,3,0,442.0,0
27,5891.0,67,0.27,8,0,425.0,0
32,6822.0,65,0.9,4,1,370.0,0
68,3778.0,25,0.07,2,0,399.0,0
48,2771.0,93,0.46,2,0,328.0,0
21,6702.0,19,0.18,6,0,419.0,0
23,4097.0,95,0.08,5,1,353.0,0
64,3677.0,25,0.1,6,1,389.0,0
65,5852.0,35,0.34,3,0,466.0,0
54,6566.0,42,0.97,3,0,439.0,0
63,7010.0,48,0.89,8,1,365.0,0
23,7253.0,5,0.34,3,0,461.0,0
44,8148.0,19,0.79,7,1,415.0,0
33,5648.0,90,0.37,7,2,318.0,0
24,5971.0,32,0.16,6,0,449.0,0
23,6816.0,36,0.99,8,0,347.0,0
66,3790.0,55,0.76,7,0,323.0,0
28,6378.0,19,0.37,2,0,497.0,0
56,2090.0,49,0.08,3,0,348.0,0
33,4314.0,60,0.92,8,0,341.0,0
66,4754.0,6,0.33,9,1,381.0,0
31,1768.0,49,0.53,5,1,251.0,0
24,2841.0,99,0.26,9,0,390.0,0
54,5937.0,52,0.65,1,0,407.0,0
57,3643.0,80,0.59,7,0,420.0,0
40,4645.0,54,0.5,5,0,438.0,0
35,6481.0,41,0.83,3,0,452.0,0
28,8728.0,53,0.94,1,0,469.0,0
53,4505.0,46,0.53,5,0,406.0,0
26,7988.0,53,0.01,9,1,463.0,0
51,4742.0,93,0.56,1,0,408.0,0
48,5234.0,7,0.15,8,0,339.0,0
28,3821.0,14,0.46,8,0,408.0,0
30,3043.0,45,0.56,1,0,356.0,0
61,4314.0,78,0.65,4,0,358.0,0
31,9221.0,52,0.99,1,1,387.0,0
37,4747.0,25,0.51,8,2,326.0,0
40,3643.0,79,0.27,2,1,295.0,0
54,3388.0,89,0.64,7,0,320.0,0
65,4603.0,62,0.18,5,1,321.0,0
67,4964.0,72,0.03,5,0,420.0,0
36,3837.0,64,0.61,2,0,393.0,0
44,4340.0,6,0.57,7,1,265.0,0
53,4613.0,31,0.83,3,1,268.0,1
34,5939.0,4,0.57,3,0,477.0,0
50,1724.0,35,0.53,6,0,327.0,0
55,6458.0,28,0.63,5,0,401.0,0
56,6807.0,49,0.77,7,1,328.0,0
41,7738.0,84,0.86,4,1,381.0,0
34,5452.0,38,0.38,1,0,449.0,0
48,4035.0,64,0.06,8,1,371.0,0
41,4589.0,26,0.38,3,0,395.0,0
55,5544.0,73,0.39,3,0,487.0,0
29,3936.0,35,0.79,3,1,287.0,1
55,4796.0,30,0.37,2,0,411.0,0
58,3535.0,86,0.06,5,0,356.0,0
21,3413.0,19,0.24,8,0,371.0,0
26,5214.0,6,0.79,3,1,341.0,0
55,2557.0,89,0.75,1,0,313.0,0
38,5062.0,96,0.44,9,1,349.0,0
37,5570.0,51,0.56,5,0,387.0,0
26,5879.0,26,0.73,8,1,367.0,0
46,4674.0,21,0.96,7,1,291.0,1
32,6019.0,94,0.46,8,1,354.0,0
56,6560.0,30,0.45,8,1,451.0,0
32,7724.0,16,0.54,9,0,428.0,0
47,3236.0,90,0.33,8,0,325.0,0
66,5915.0,43,0.62,3,0,385.0,0
50,2899.0,80,0.01,9,1,335.0,0
68,1500.0,77,0.89,7,0,338.0,0
61,4992.0,19,0.16,4,0,422.0,0
36,5905.0,47,0.43,6,0,385.0,0
36,9961.0,48,0.04,1,2,491.0,0
40,4583.0,71,0.54,9,1,335.0,0
63,2991.0,31,0.0,3,2,300.0,0
69,1500.0,49,0.13,7,2,248.0,1
23,3763.0,23,0.25,4,0,405.0,0
66,5149.0,88,0.39,3,0,442.0,0
26,7102.0,44,0.47,5,0,489.0,0
38,3279.0,32,0.38,6,0,414.0,0
51,3755.0,95,0.01,1,0,421.0,0
42,7841.0,8,0.74,8,0,480.0,0
34,6246.0,68,0.34,9,1,358.0,0
21,3012.0,37,0.19,6,0,324.0,0
47,5185.0,25,0.73,8,0,428.0,0
35,6436.0,18,0.65,7,0,413.0,0
50,4089.0,87,0.2,2,1,307.0,0
67,4827.0,95,0.33,8,1,373.0,0
20,6507.0,63,0.31,7,1,410.0,0
68,3423.0,95,0.78,3,0,339.0,0
61,4546.0,64,0.26,2,0,445.0,0
25,2797.0,97,0.43,8,0,330.0,0
44,4443.0,89,0.32,1,0,416.0,0
34,5057.0,31,0.01,6,0,447.0,0
66,3454.0,28,0.19,3,1,360.0,0
54,2349.0,89,0.18,3,0,427.0,0
59,5988.0,1,0.77,4,0,407.0,0
42,3777.0,97,0.48,8,0,316.0,0
39,2656.0,1,0.21,5,0,408.0,0
54,8329.0,15,0.78,5,1,422.0,0
39,7281.0,11,0.97,8,1,318.0,0
59,4657.0,87,0.87,1,0,319.0,0
69,3889.0,65,0.32,6,1,332.0,0
38,6187.0,53,0.32,7,0,472.0,0
25,4716.0,12,0.93,6,1,281.0,1
22,6168.0,2,0.46,4,1,350.0,0
68,5880.0,75,0.88,3,0,407.0,0
40,1500.0,6,0.25,7,0,264.0,1
27,5437.0,97,0.21,2,1,417.0,0
23,4766.0,43,0.37,7,0,377.0,0
65,5295.0,82,0.27,8,0,322.0,0
56,5407.0,71,0.13,9,1,384.0,0
24,6547.0,30,0.25,5,2,375.0,0
55,4076.0,4,0.19,5,2,278.0,1
21,3882.0,53,0.96,2,0,300.0,0
29,5858.0,65,0.8,8,3,211.0,1
41,5679.0,92,0.78,5,1,368.0,0
36,8147.0,47,0.81,9,0,460.0,0
30,5631.0,44,0.89,8,1,349.0,0
62,5135.0,41,0.78,1,2,206.0,1
60,4924.0,11,0.23,9,1,400.0,0
28,4895.0,73,0.71,3,0,411.0,0
65,5763.0,55,0.29,9,0,438.0,0
56,7445.0,11,0.19,8,0,505.0,0
57,3607.0,3,0.13,7,0,363.0,0
47,3523.0,5,0.53,4,0,367.0,0
38,1500.0,29,0.55,1,0,280.0,1
45,4176.0,69,0.28,4,1,355.0,0
67,5353.0,25,0.57,8,0,390.0,0
48,7997.0,38,0.27,3,0,548.0,0
27,2897.0,86,0.99,7,0,295.0,0
35,6868.0,8,0.49,6,0,490.0,0
20,1500.0,14,0.88,3,1,219.0,1
38,3512.0,5,0.35,7,0,376.0,0
65,5477.0,69,0.52,2,1,329.0,0
22,7868.0,85,0.94,4,0,440.0,0
37,4751.0,53,0.44,5,0,355.0,0
63,4359.0,3,0.98,2,1,292.0,0
32,5227.0,17,0.89,2,1,372.0,0
68,6853.0,41,0.97,5,1,320.0,0
45,4629.0,56,0.18,5,0,430.0,0
45,5276.0,39,0.05,5,0,413.0,0
67,6114.0,38,0.67,5,1,349.0,0
34,1500.0,77,0.54,9,1,206.0,0
54,5210.0,94,0.48,2,1,337.0,0
20,7848.0,87,0.66,2,0,481.0,0
29,5605.0,72,1.0,6,0,413.0,0
39,4412.0,88,0.28,4,0,403.0,0
62,6619.0,96,0.15,1,1,401.0,0
35,4173.0,75,0.64,7,0,351.0,0
52,2601.0,4,0.9,1,1,207.0,1
63,6650.0,66,0.58,3,1,378.0,0
27,9071.0,37,0.57,7,1,444.0,0
57,2737.0,85,0.22,7,1,320.0,0
69,9089.0,72,0.88,7,0,500.0,0
30,2510.0,61,0.34,1,1,312.0,0
61,4485.0,59,0.34,1,0,359.0,0
52,6043.0,35,0.14,3,0,436.0,0
68,4172.0,92,0.36,6,0,383.0,0
40,5363.0,47,0.42,1,0,444.0,0
67,5233.0,25,0.9,4,0,421.0,0
24,3945.0,11,0.9,1,0,317.0,0
57,1500.0,41,0.15,2,1,283.0,1
57,5148.0,37,0.28,6,0,427.0,0
29,4896.0,12,0.81,9,0,376.0,0
41,4188.0,32,0.93,9,0,365.0,0
58,4796.0,40,0.99,7,0,365.0,0
24,4210.0,72,0.88,6,0,346.0,0
32,5490.0,94,0.64,6,0,334.0,0
58,8367.0,15,0.49,7,0,504.0,0
28,2185.0,45,0.23,8,1,291.0,0
42,4318.0,37,0.57,7,0,357.0,0
65,5882.0,18,0.26,2,1,438.0,0
51,5480.0,25,0.37,2,0,364.0,0
59,4828.0,62,0.98,7,0,344.0,0
47,7645.0,19,0.32,9,2,383.0,0
37,3994.0,41,0.69,9,1,285.0,1
49,6877.0,80,0.09,2,1,435.0,0
57,6235.0,73,0.89,8,0,449.0,0
49,5788.0,90,0.34,3,0,462.0,0
49,7242.0,92,0.26,3,0,504.0,0
66,7467.0,35,0.16,1,0,478.0,0
42,4743.0,51,0.04,8,0,431.0,0
24,1500.0,54,0.13,7,1,293.0,0
34,4219.0,36,0.19,4,1,354.0,0
62,1500.0,83,0.79,4,0,277.0,1
52,7017.0,17,0.38,9,3,351.0,0
43,1500.0,61,0.47,1,0,274.0,1
43,5815.0,24,0.58,8,0,441.0,0
32,7665.0,70,0.31,6,1,449.0,0
38,3922.0,36,0.03,7,2,274.0,1
27,7043.0,67,0.71,5,0,473.0,0
22,5290.0,67,0.09,3,2,293.0,0
48,8853.0,6,0.03,7,2,494.0,0
66,6758.0,67,0.48,1,2,392.0,0
54,4160.0,34,0.94,7,0,338.0,0
22,2461.0,33,0.41,5,0,318.0,0
69,4710.0,61,0.24,4,0,370.0,0
62,4633.0,25,0.66,4,0,331.0,0
43,6617.0,1,0.49,8,0,406.0,0
44,7909.0,87,0.33,3,1,441.0,0
23,5817.0,13,0.8,6,0,459.0,0
30,3451.0,43,0.88,8,0,321.0,0
45,6170.0,20,0.43,1,0,442.0,0
28,5171.0,41,0.07,6,0,508.0,0
33,3742.0,40,0.98,6,1,252.0,0
36,3297.0,21,0.56,2,1,296.0,0
44,5662.0,27,0.55,5,0,396.0,0
64,3605.0,85,0.32,7,0,399.0,0
56,3630.0,71,0.14,6,1,378.0,0
49,7706.0,16,0.25,2,0,515.0,0
31,4027.0,92,0.17,3,1,308.0,0
21,3877.0,64,0.3,4,0,354.0,0
43,6415.0,12,0.69,5,0,437.0,0
47,3960.0,73,0.06,1,1,403.0,0
54,6981.0,19,0.06,9,0,493.0,0
39,1910.0,11,0.92,4,1,185.0,1
20,5047.0,32,0.89,7,1,309.0,0
22,4505.0,15,0.66,2,1,371.0,0
38,7705.0,97,0.76,7,0,385.0,0
54,3663.0,78,0.8,2,1,296.0,0
29,4773.0,41,0.84,7,2,288.0,1
41,6514.0,58,0.22,3,1,391.0,0
42,5164.0,30,0.52,6,0,437.0,0
48,6230.0,85,0.75,2,2,301.0,0
66,1985.0,28,0.57,2,1,282.0,1
60,1500.0,87,0.7,6,0,270.0,1
55,2011.0,60,0.46,8,0,298.0,0
50,6011.0,4,0.54,1,0,425.0,0
56,4388.0,66,0.25,3,2,332.0,0
63,1963.0,35,0.77,9,0,245.0,1
38,7577.0,28,0.08,9,0,475.0,0
27,5785.0,81,1.0,9,0,327.0,0
42,1798.0,47,0.53,1,0,320.0,0
32,4164.0,82,0.63,3,1,321.0,0
41,3917.0,58,0.35,1,1,315.0,0
30,5515.0,21,0.29,7,0,453.0,0
67,4258.0,58,0.07,5,0,449.0,0
50,6220.0,89,0.38,7,1,384.0,0
65,6031.0,11,0.26,7,0,390.0,0
49,4918.0,28,0.86,1,2,327.0,0
22,3913.0,23,0.85,6,2,189.0,1
61,1989.0,78,0.19,3,2,234.0,0
65,3473.0,52,0.31,9,0,403.0,0
49,6879.0,67,0.69,4,0,445.0,0
49,3167.0,23,0.96,8,1,226.0,1
45,3370.0,12,0.74,8,0,336.0,0
28,6528.0,13,0.18,8,0,466.0,0
49,7382.0,68,0.24,7,0,517.0,0
68,4624.0,90,0.04,8,1,329.0,0
67,3728.0,20,0.12,1,0,429.0,0
51,2581.0,60,0.63,4,0,320.0,0
64,6555.0,97,0.65,1,0,386.0,0
25,6451.0,85,0.56,3,3,309.0,0
69,1500.0,56,0.57,2,0,334.0,0
62,6457.0,42,0.42,4,1,417.0,0
67,1894.0,5,0.64,2,0,335.0,0
44,6685.0,10,0.13,1,2,387.0,0
48,8593.0,8,0.3,6,1,468.0,0
33,4904.0,15,0.81,2,0,334.0,0
25,3160.0,2,0.13,7,2,271.0,1
33,6722.0,94,0.54,5,0,441.0,0
58,4960.0,34,0.98,8,0,383.0,0
56,3047.0,90,0.12,3,0,376.0,0
42,6205.0,8,0.28,9,1,371.0,0
32,7980.0,85,0.83,6,1,440.0,0
47,6415.0,96,0.31,6,0,453.0,0
61,4968.0,44,0.17,8,1,377.0,0
37,7880.0,94,0.45,7,1,439.0,0
49,5351.0,17,0.39,2,2,316.0,0
21,4800.0,73,0.1,3,1,400.0,0
38,7430.0,88,0.17,5,0,549.0,0
54,4620.0,79,0.35,3,0,405.0,0
59,5547.0,86,0.64,9,0,424.0,0
51,2897.0,8,0.44,1,0,407.0,0
37,6701.0,4,0.92,9,1,399.0,0
51,4203.0,47,0.59,6,0,328.0,0
35,4655.0,96,0.94,5,1,273.0,1
35,8093.0,59,0.91,1,1,388.0,0
33,5051.0,80,0.1,6,1,412.0,0
62,3820.0,92,0.1,5,2,344.0,0
54,6264.0,54,0.53,4,0,476.0,0
50,6040.0,70,0.65,1,1,375.0,0
27,3316.0,32,0.51,3,0,307.0,0
52,5686.0,9,0.62,4,0,424.0,0
29,4951.0,4,0.76,2,0,388.0,0
59,3746.0,97,0.86,1,1,308.0,0
30,6224.0,46,0.77,6,0,412.0,0
51,4944.0,17,0.07,9,1,379.0,0
39,4157.0,54,0.69,7,0,400.0,0
37,7646.0,18,0.58,9,0,453.0,0
55,4331.0,22,0.4,2,0,358.0,0
34,3406.0,2,0.93,9,1,296.0,0
55,4090.0,57,0.75,3,1,299.0,0
21,8365.0,37,0.96,9,0,472.0,0
55,2428.0,64,0.81,7,0,298.0,0
61,3126.0,14,0.44,8,0,375.0,0
63,8461.0,23,0.87,4,2,391.0,0
66,3788.0,66,0.12,9,0,361.0,0
51,7894.0,26,0.66,7,1,374.0,0
54,1941.0,94,0.78,5,1,217.0,0
59,5755.0,61,0.97,2,2,303.0,0
42,1764.0,88,0.64,8,1,208.0,1
53,4595.0,19,0.11,5,0,415.0,0
26,5844.0,65,0.91,8,1,321.0,0
51,1500.0,91,0.45,7,0,279.0,1
43,1500.0,65,0.79,2,1,188.0,1
48,5247.0,15,0.68,3,1,329.0,0
54,6228.0,29,0.56,1,1,357.0,0
36,3351.0,71,0.1,5,0,433.0,0
59,4550.0,87,0.67,3,0,331.0,0
45,6728.0,15,0.51,1,0,482.0,0
45,4783.0,87,0.56,3,0,382.0,0
61,4097.0,98,0.76,5,0,323.0,0
28,8784.0,25,0.62,8,2,424.0,0
68,5693.0,42,0.94,8,2,282.0,1
67,8210.0,1,0.51,2,3,305.0,0
26,7143.0,70,0.38,6,0,425.0,0
44,1500.0,85,0.4,3,0,333.0,0
43,3248.0,82,0.89,9,1,265.0,1
63,6108.0,98,0.35,5,0,453.0,0
63,8634.0,27,0.99,9,1,432.0,0
48,2895.0,86,0.81,7,1,293.0,0
65,3809.0,48,0.01,8,1,385.0,0
20,7044.0,31,0.68,2,2,323.0,0
32,6490.0,33,0.91,5,1,317.0,0
66,2698.0,22,0.21,9,0,371.0,0
39,5374.0,34,0.42,1,0,464.0,0
29,5356.0,37,0.47,7,0,478.0,0
41,5772.0,7,0.22,7,1,402.0,0
68,1500.0,78,0.63,9,1,267.0,1
32,3408.0,14,0.38,2,0,340.0,0
58,6277.0,29,0.16,7,1,402.0,0
52,7674.0,45,0.59,3,0,511.0,0
31,6080.0,99,1.0,1,0,381.0,0
61,4500.0,10,0.64,8,0,355.0,0
62,1548.0,76,0.65,6,0,263.0,1
64,2628.0,9,0.5,8,1,230.0,1
52,5069.0,31,0.07,4,0,477.0,0
24,3577.0,92,0.36,7,1,297.0,0
38,4614.0,3,0.11,1,0,380.0,0
62,8204.0,17,0.74,4,1,397.0,0
24,6044.0,57,0.05,6,0,502.0,0
20,3063.0,53,0.33,9,0,367.0,0
31,4111.0,97,0.3,9,1,320.0,0
69,5699.0,80,0.27,8,1,383.0,0
41,7165.0,91,0.92,9,0,405.0,0
34,5174.0,80,0.95,7,0,306.0,0
66,4270.0,95,0.14,5,1,411.0,0
45,5385.0,10,0.32,2,0,402.0,0
49,6515.0,26,0.46,9,1,479.0,0
54,2404.0,42,0.46,4,0,280.0,1
57,7588.0,10,0.62,6,0,437.0,0
55,5010.0,98,0.12,9,0,457.0,0
23,5461.0,74,0.99,5,1,293.0,0
27,5467.0,93,0.52,2,0,429.0,0
68,8356.0,71,0.1,9,0,581.0,0
26,5973.0,38,0.53,6,0,440.0,0
23,5079.0,12,0.91,7,2,212.0,1
27,6849.0,62,0.53,7,2,356.0,0
64,5847.0,77,0.82,9,0,369.0,0
37,3869.0,75,0.86,3,0,343.0,0
54,4573.0,98,0.97,7,0,375.0,0
29,2311.0,96,0.28,7,0,325.0,0
27,3271.0,71,0.99,7,0,264.0,1
66,4476.0,16,0.39,1,1,386.0,0
27,7065.0,67,0.15,4,0,491.0,0
66,6062.0,50,0.01,7,0,502.0,0
38,4810.0,61,0.93,3,1,327.0,0
54,4935.0,88,0.06,2,1,379.0,0
24,4878.0,95,0.65,4,1,301.0,0
21,5838.0,85,0.69,7,1,342.0,0
20,5823.0,86,0.42,9,1,405.0,0
23,6995.0,61,0.07,2,0,515.0,0
27,3107.0,87,0.63,4,0,371.0,0
54,4285.0,26,0.85,9,1,265.0,1
58,4947.0,2,0.14,7,0,468.0,0
61,6381.0,52,0.46,9,1,373.0,0
26,6646.0,77,0.35,9,2,375.0,0
32,4287.0,16,0.08,3,1,379.0,0
36,5242.0,15,0.51,7,0,405.0,0
42,5692.0,74,0.96,6,0,393.0,0
21,8010.0,76,0.66,5,0,460.0,0
50,8797.0,31,0.48,8,4,309.0,0
52,3895.0,15,0.71,1,2,248.0,1
56,4503.0,77,0.64,5,0,387.0,0
66,3292.0,94,0.52,5,0,363.0,0
33,3404.0,83,0.93,5,1,207.0,1
68,5647.0,26,0.94,3,0,365.0,0
36,2750.0,5,0.01,1,1,312.0,0
40,7136.0,7,0.73,9,0,461.0,0
23,3405.0,93,0.08,4,0,365.0,0
57,7546.0,82,0.12,2,0,531.0,0
24,3531.0,97,0.98,7,0,274.0,0
68,4355.0,55,0.67,8,0,304.0,0
60,5504.0,93,0.04,7,1,360.0,0
48,6896.0,55,0.88,8,1,381.0,0
55,2758.0,68,0.44,8,0,369.0,0
34,1611.0,83,0.46,6,3,187.0,1
66,4045.0,93,0.54,8,1,322.0,0
32,5260.0,94,0.02,6,0,432.0,0
28,5437.0,53,0.7,5,0,379.0,0
21,4873.0,46,0.06,4,0,484.0,0
58,3122.0,12,0.52,1,2,231.0,1
32,4074.0,2,0.81,3,0,365.0,0
25,2127.0,34,0.24,3,0,341.0,0
22,2147.0,17,0.61,6,1,256.0,0
68,6889.0,28,0.95,8,0,383.0,0
45,5354.0,43,0.11,6,1,382.0,0
52,3476.0,99,0.09,5,0,417.0,0
61,6687.0,4,0.0,9,0,500.0,0
28,4544.0,80,0.36,6,0,383.0,0
57,9769.0,32,0.96,9,0,500.0,0
45,3069.0,65,0.48,4,1,327.0,0
57,5314.0,12,0.38,3,1,322.0,0
47,8362.0,43,0.68,6,1,403.0,0
30,4339.0,36,0.71,2,0,361.0,0
20,6431.0,56,0.96,7,0,456.0,0
41,4549.0,68,0.99,5,1,307.0,0
49,3094.0,12,0.3,6,1,314.0,0
35,6114.0,14,0.15,6,0,478.0,0
55,7979.0,60,0.99,5,0,503.0,0
59,4090.0,31,0.81,2,0,303.0,0
20,8492.0,31,0.87,2,0,508.0,0
57,1500.0,92,0.09,9,0,376.0,0
61,1598.0,74,0.63,5,1,250.0,1
34,6126.0,64,0.68,2,0,426.0,0
62,5699.0,4,0.63,3,0,455.0,0
52,3307.0,43,0.92,1,1,270.0,1
49,2732.0,99,0.86,7,1,273.0,1
55,5270.0,18,0.9,6,1,297.0,0
67,7296.0,50,0.59,1,0,473.0,0
42,5249.0,10,0.27,5,2,363.0,0
60,3194.0,97,1.0,9,0,362.0,0
56,5431.0,49,0.3,6,0,417.0,0
52,1500.0,16,0.19,6,1,280.0,1
22,6338.0,40,0.22,2,0,470.0,0
42,3426.0,97,0.2,4,3,258.0,1
22,3021.0,59,0.25,7,0,353.0,0
57,2350.0,25,0.96,4,0,285.0,1
32,5882.0,48,0.34,7,0,425.0,0
25,6925.0,70,0.49,2,0,452.0,0
21,7171.0,30,0.63,7,0,501.0,0
36,6671.0,43,0.45,3,2,321.0,0
49,3389.0,24,0.93,3,0,324.0,0
68,4758.0,64,0.61,1,2,266.0,1
27,4277.0,51,0.22,4,0,421.0,0
26,3594.0,22,0.47,8,1,274.0,1
45,6934.0,78,0.85,9,0,399.0,0
20,9797.0,4,0.27,5,1,489.0,0
55,2658.0,13,0.86,2,0,243.0,1
25,6696.0,50,0.52,4,0,428.0,0
31,1500.0,45,0.99,6,1,238.0,1
66,9735.0,44,0.14,7,0,518.0,0
24,4784.0,7,0.68,1,1,326.0,0
42,6450.0,93,0.35,8,0,463.0,0
69,5191.0,34,0.96,6,0,354.0,0
42,4666.0,60,0.77,7,0,366.0,0
56,4340.0,21,0.35,1,1,329.0,0
39,3002.0,28,0.6,7,4,121.0,1
39,6259.0,67,0.19,6,1,408.0,0
37,4850.0,90,0.68,9,1,350.0,0
53,8179.0,64,0.65,2,0,466.0,0
55,5404.0,68,0.95,1,0,289.0,0
50,11858.0,79,0.77,3,1,499.0,0
56,2666.0,95,0.35,3,0,273.0,0
68,9691.0,12,0.21,6,1,457.0,0
44,2686.0,20,0.54,4,1,192.0,0
45,6730.0,26,0.15,4,0,463.0,0
36,3131.0,39,0.09,8,0,367.0,0
29,5721.0,46,0.0,6,2,402.0,0
62,6666.0,30,0.85,2,0,428.0,0
65,8004.0,2,0.93,8,0,417.0,0
46,7004.0,31,0.21,4,0,455.0,0
68,6100.0,77,0.95,6,0,398.0,0
44,8247.0,27,0.07,3,3,398.0,0
25,6831.0,25,0.15,9,0,458.0,0
21,5910.0,98,0.18,5,0,445.0,0
32,6988.0,47,0.86,8,1,374.0,0
52,6872.0,52,0.86,5,0,448.0,0
30,2456.0,81,0.0,4,0,330.0,0
55,10144.0,71,0.98,2,0,528.0,0
49,5860.0,71,0.61,9,0,387.0,0
40,7315.0,99,0.01,9,0,521.0,0
41,7116.0,16,0.53,4,1,436.0,0
29,5630.0,65,0.41,4,1,406.0,0
69,3185.0,67,0.93,7,0,309.0,0
29,4621.0,56,0.45,3,0,361.0,0
46,7475.0,60,0.03,5,2,396.0,0
43,4559.0,48,0.41,9,1,321.0,0
56,4348.0,45,0.36,5,0,409.0,0
41,5998.0,79,0.38,7,0,452.0,0
21,5905.0,98,0.3,1,0,416.0,0
34,8202.0,59,0.9,5,1,446.0,0
41,3751.0,34,0.58,1,0,300.0,0
40,8483.0,80,0.07,6,0,611.0,0
58,3600.0,75,0.17,3,0,409.0,0
61,6505.0,35,0.04,9,0,528.0,0
59,3964.0,30,0.14,3,0,386.0,0
61,5461.0,31,0.65,9,0,327.0,0
48,6659.0,18,0.56,1,1,403.0,0
69,4140.0,90,0.53,4,0,394.0,0
21,3470.0,1,0.53,8,0,383.0,0
26,8083.0,76,0.7,9,0,423.0,0
20,8945.0,73,0.85,8,1,430.0,0
31,6182.0,53,0.81,8,0,401.0,0
34,6598.0,12,0.67,6,0,467.0,0
46,7732.0,99,0.33,5,2,427.0,0
53,4753.0,32,0.63,8,0,350.0,0
42,5725.0,22,0.55,1,0,435.0,0
35,1500.0,90,0.65,1,0,310.0,0
31,6071.0,98,0.51,6,0,421.0,0
20,3015.0,32,0.71,8,0,317.0,0
60,3934.0,73,0.55,9,0,337.0,0
21,1500.0,11,0.93,4,0,248.0,0
59,3295.0,19,0.48,8,0,431.0,0
31,6112.0,22,0.67,1,0,428.0,0
42,6143.0,92,0.48,9,1,406.0,0
63,4066.0,6,0.0,8,0,440.0,0
33,4297.0,97,0.32,3,0,412.0,0
33,7287.0,6,0.38,9,1,442.0,0
26,4135.0,14,0.74,4,1,291.0,1
53,4330.0,93,0.45,2,0,297.0,0
64,5227.0,58,0.09,5,1,386.0,0
66,3867.0,94,0.45,7,0,429.0,0
58,6894.0,27,0.31,6,2,359.0,0
31,3271.0,72,0.06,1,2,268.0,1
23,8425.0,51,0.93,1,0,491.0,0
69,3587.0,56,0.14,6,0,404.0,0
32,1516.0,17,0.24,3,0,346.0,0
44,4699.0,97,0.46,5,1,384.0,0
31,3902.0,11,0.83,4,0,341.0,0
29,4153.0,81,1.0,2,1,256.0,1
68,4871.0,35,0.9,5,0,386.0,0
47,2784.0,24,0.54,1,0,300.0,0
29,4814.0,29,0.52,8,0,403.0,0
48,3992.0,94,0.64,6,0,347.0,0
31,2458.0,40,0.42,5,1,320.0,0
59,4095.0,90,0.6,1,2,225.0,1
53,5370.0,31,0.79,8,1,312.0,0
22,2909.0,97,0.83,4,2,257.0,1
28,6069.0,4,0.11,9,0,514.0,0
32,7137.0,32,0.07,2,0,504.0,0
21,5878.0,82,0.49,7,0,372.0,0
39,2922.0,83,0.61,9,0,328.0,0
29,4281.0,5,0.58,7,2,225.0,1
30,2260.0,34,0.74,4,1,283.0,1
58,2054.0,53,0.93,2,1,230.0,1
25,4614.0,79,0.37,4,0,446.0,0
28,4910.0,32,0.03,6,0,415.0,0
34,5929.0,95,0.59,1,1,371.0,0
23,6756.0,86,0.27,5,1,433.0,0
58,2454.0,59,0.69,1,1,297.0,0
54,6225.0,96,0.11,8,0,436.0,0
57,5155.0,21,0.59,2,0,402.0,0
27,4938.0,76,0.99,5,1,323.0,0
21,9416.0,48,0.97,6,0,508.0,0
24,3934.0,82,0.17,3,0,439.0,0
24,2268.0,60,0.71,8,1,269.0,1
25,5285.0,13,0.89,8,0,400.0,0
26,5890.0,11,0.16,1,1,354.0,0
46,4935.0,31,0.6,4,1,304.0,0
51,5832.0,43,0.9,6,0,389.0,0
23,8924.0,15,0.24,4,0,564.0,0
22,8777.0,3,0.11,9,1,546.0,0
53,5785.0,65,0.73,7,0,379.0,0
62,7697.0,51,0.25,3,0,487.0,0
69,2152.0,34,0.42,7,0,301.0,0
23,7272.0,64,0.3,8,0,460.0,0
26,6309.0,39,0.79,7,2,292.0,0
29,6097.0,6,0.45,5,1,387.0,0
51,7407.0,44,0.3,4,1,433.0,0
59,5576.0,4,0.28,1,0,472.0,0
36,7876.0,37,0.16,6,2,486.0,0
52,6674.0,21,0.05,2,0,469.0,0
31,4239.0,29,0.86,5,0,324.0,0
49,6638.0,11,0.02,1,0,535.0,0
51,6079.0,96,0.56,7,0,422.0,0
27,8013.0,47,0.55,2,0,552.0,0
30,6818.0,90,0.13,8,0,462.0,0
54,4757.0,3,0.84,4,0,346.0,0
46,6214.0,62,0.9,4,0,434.0,0
47,5906.0,12,0.2,9,0,401.0,0
53,3994.0,56,0.63,8,3,237.0,1
43,7597.0,23,0.85,2,1,379.0,0
52,1738.0,53,0.74,9,1,241.0,1
40,5014.0,56,0.68,3,0,385.0,0
68,2261.0,4,0.55,3,2,253.0,1
46,4996.0,16,0.17,4,0,460.0,0
63,3950.0,54,0.75,6,0,336.0,0
44,4033.0,55,0.06,4,0,421.0,0
21,4295.0,5,0.55,3,0,418.0,0
56,4961.0,99,0.09,8,0,482.0,0
52,5673.0,95,0.42,7,1,426.0,0
42,5331.0,78,0.15,6,0,463.0,0
53,7243.0,7,0.99,1,0,472.0,0
28,2397.0,24,0.82,5,0,234.0,1
20,2761.0,1,0.71,3,0,337.0,0
47,7486.0,11,0.64,2,0,511.0,0
20,4448.0,91,0.94,7,0,351.0,0
68,5205.0,57,0.39,1,0,491.0,0
22,4733.0,24,0.5,7,0,404.0,0
29,4848.0,68,0.71,9,0,367.0,0
59,6748.0,58,0.59,8,1,386.0,0
67,2353.0,28,0.24,4,1,306.0,0
47,3047.0,72,0.3,8,0,392.0,0
52,2628.0,73,0.53,4,0,315.0,0
41,7692.0,95,0.36,4,1,424.0,0
67,3757.0,50,0.38,5,1,320.0,0
43,4725.0,69,0.43,6,1,347.0,0
45,1500.0,65,0.23,9,1,318.0,0
47,9383.0,94,0.07,9,2,493.0,0
66,4099.0,57,0.11,8,0,418.0,0
59,8984.0,58,0.64,4,0,526.0,0
52,6266.0,31,0.09,8,0,489.0,0
47,6789.0,35,0.48,8,0,385.0,0
21,4172.0,26,0.78,8,1,297.0,0
58,2887.0,65,0.45,2,1,298.0,0
24,3174.0,35,0.72,2,2,190.0,1
58,3653.0,11,0.4,3,1,298.0,0
44,5054.0,53,0.08,6,0,440.0,0
55,5377.0,36,0.78,9,0,379.0,0
58,3718.0,35,0.36,6,0,351.0,0
51,4920.0,71,0.41,3,2,341.0,0
46,6167.0,29,0.75,9,0,425.0,0
36,4791.0,23,0.18,8,0,396.0,0
28,5915.0,32,0.46,2,0,421.0,0
61,7686.0,72,0.78,2,0,491.0,0
67,5592.0,36,0.15,4,0,425.0,0
21,3350.0,79,0.06,6,2,321.0,0
45,3003.0,4,0.88,8,0,336.0,0
38,6919.0,50,0.38,7,0,457.0,0
22,4268.0,77,0.41,4,0,386.0,0
35,3395.0,42,0.15,7,1,315.0,0
44,3624.0,20,0.51,5,1,277.0,1
67,7088.0,26,0.5,2,0,413.0,0
52,1500.0,49,0.35,6,0,332.0,0
64,8033.0,63,0.19,6,2,442.0,0
65,7495.0,5,0.15,4,0,494.0,0
55,5445.0,46,0.1,5,1,389.0,0
45,5113.0,11,0.92,8,0,344.0,0
56,5870.0,7,0.29,2,1,404.0,0
40,4904.0,97,0.05,3,0,408.0,0
25,2991.0,62,0.48,5,0,360.0,0
36,6429.0,72,0.84,5,0,393.0,0
29,6208.0,93,0.31,4,0,488.0,0
32,7357.0,48,0.84,1,0,467.0,0
47,5183.0,76,0.05,7,0,463.0,0
62,5619.0,87,0.52,6,0,420.0,0
29,5959.0,81,0.87,7,0,402.0,0
56,1500.0,8,0.4,9,0,278.0,1
45,4679.0,63,0.36,8,0,440.0,0
42,3334.0,66,0.95,3,0,287.0,0
35,5477.0,22,0.55,8,0,452.0,0
59,5268.0,23,0.55,5,0,384.0,0
63,4692.0,73,0.28,1,0,460.0,0
51,4738.0,93,0.21,9,1,338.0,0
21,3686.0,60,0.32,7,0,336.0,0
42,4225.0,83,0.27,1,0,433.0,0
44,3490.0,77,0.38,6,0,365.0,0
51,5450.0,88,0.11,6,0,453.0,0
38,7785.0,58,0.66,3,0,434.0,0
23,2906.0,9,0.6,9,0,426.0,0
27,4449.0,90,0.51,7,0,366.0,0
64,7139.0,93,0.16,8,0,495.0,0
23,4322.0,16,0.59,9,0,406.0,0
49,6042.0,65,0.89,4,0,388.0,0
42,3550.0,6,0.54,3,0,351.0,0
64,4065.0,3,0.16,4,0,359.0,0
34,6915.0,53,0.04,7,0,489.0,0
34,6057.0,7,0.53,9,1,392.0,0
41,5192.0,13,0.9,4,0,377.0,0
29,4843.0,93,0.85,5,1,326.0,0
31,5953.0,87,0.87,6,1,347.0,0
31,5871.0,45,0.43,5,0,479.0,0
52,3630.0,15,0.3,2,0,358.0,0
37,5896.0,22,0.06,6,0,478.0,0
41,5497.0,56,0.26,4,0,413.0,0
42,1591.0,93,0.55,7,0,291.0,0
67,3934.0,34,0.55,8,1,314.0,0
63,6325.0,50,0.26,4,2,381.0,0
60,7849.0,87,0.27,7,2,473.0,0
42,6520.0,55,0.33,2,0,467.0,0
49,6813.0,46,0.66,8,0,449.0,0
42,7632.0,1,0.74,1,0,431.0,0
53,3785.0,46,0.03,7,0,430.0,0
46,1500.0,84,0.26,5,0,366.0,0
30,4679.0,91,0.48,1,0,401.0,0
68,2732.0,94,0.55,8,0,365.0,0
20,5235.0,95,0.57,1,1,347.0,0
24,10444.0,2,0.11,8,0,558.0,0
28,4782.0,78,0.03,6,0,466.0,0
52,5518.0,50,0.31,8,1,413.0,0
27,3895.0,77,0.69,8,0,342.0,0
39,3155.0,20,0.94,2,1,285.0,1
46,7578.0,26,0.8,3,0,425.0,0
48,7013.0,81,0.29,8,0,507.0,0
34,5534.0,52,0.82,2,1,304.0,0
48,6205.0,68,0.11,6,0,496.0,0
36,5197.0,70,0.06,6,0,473.0,0
58,5495.0,56,0.59,3,1,380.0,0
57,4751.0,62,0.99,3,0,269.0,1
65,4969.0,5,0.29,3,2,315.0,0
53,4130.0,13,0.29,3,0,327.0,0
21,4130.0,48,0.89,7,0,309.0,0
26,5216.0,49,0.98,7,1,329.0,0
63,4007.0,7,0.01,4,1,398.0,0
26,6069.0,53,0.92,2,1,386.0,0
25,2938.0,26,0.67,1,0,293.0,0
54,5666.0,74,0.38,5,1,358.0,0
28,4200.0,48,0.53,3,0,336.0,0
63,2202.0,86,0.38,1,0,406.0,0
25,8097.0,68,0.81,8,0,452.0,0
59,9838.0,24,0.27,7,0,570.0,0
22,4470.0,72,0.45,1,0,363.0,0
33,1500.0,21,0.6,7,1,289.0,1
32,4188.0,14,0.16,6,0,449.0,0
45,4917.0,63,0.85,7,1,287.0,1
50,5407.0,96,0.4,3,1,416.0,0
52,6319.0,47,0.96,3,1,306.0,0
25,4512.0,57,0.83,4,0,339.0,0
44,3786.0,62,0.83,4,1,274.0,1
37,3706.0,36,0.6,5,1,313.0,0
51,3155.0,75,0.12,4,0,390.0,0
40,7702.0,53,0.66,2,0,471.0,0
68,1500.0,17,0.67,7,0,244.0,0
54,8696.0,32,0.41,3,0,533.0,0
32,4872.0,40,0.61,6,0,463.0,0
53,4672.0,41,0.31,9,0,374.0,0
68,4900.0,93,0.45,4,1,394.0,0
60,4444.0,50,0.89,6,1,308.0,0
66,6383.0,21,0.33,7,1,397.0,0
31,2250.0,58,0.74,1,0,274.0,1
42,9054.0,62,0.33,4,0,571.0,0
55,4576.0,12,0.23,1,0,391.0,0
60,6703.0,22,0.83,4,0,459.0,0
28,10006.0,26,0.53,1,0,560.0,0
21,5899.0,93,0.07,8,0,463.0,0
47,5198.0,46,0.43,1,0,392.0,0
42,5646.0,83,0.51,7,0,401.0,0
68,2978.0,19,0.15,4,0,384.0,0
41,3024.0,75,0.5,1,0,350.0,0
57,6121.0,37,0.58,7,2,275.0,0
23,1500.0,71,0.6,1,0,312.0,0
63,6892.0,44,0.77,7,1,311.0,0
65,8437.0,41,0.14,8,0,591.0,0
30,3143.0,21,0.94,9,0,296.0,0
54,3419.0,12,0.25,6,0,373.0,0
60,5286.0,29,0.01,6,1,437.0,0
34,5194.0,50,0.89,2,2,245.0,1
50,3623.0,17,0.86,6,1,271.0,0
68,1500.0,88,0.73,9,0,265.0,0
69,4201.0,50,0.15,7,0,425.0,0
54,7894.0,25,0.52,2,0,535.0,0
52,4000.0,37,0.26,7,0,370.0,0
23,3671.0,21,0.03,4,1,404.0,0
27,4848.0,10,0.44,1,0,383.0,0
53,4326.0,7,0.59,1,0,362.0,0
54,3418.0,96,0.41,2,0,326.0,0
23,1500.0,38,0.1,6,1,263.0,1
68,4136.0,27,0.81,9,1,318.0,0
37,3293.0,18,0.87,2,0,333.0,0
45,8072.0,42,0.72,1,1,468.0,0
30,7712.0,98,0.71,3,0,434.0,0
42,3343.0,35,0.29,9,0,391.0,0
60,3421.0,97,0.33,7,1,340.0,0
49,4961.0,91,0.24,1,0,398.0,0
21,2058.0,57,0.17,1,1,298.0,0
27,3815.0,22,0.53,7,0,357.0,0
41,2824.0,27,0.11,6,0,391.0,0
54,7890.0,61,0.89,9,0,436.0,0
55,7360.0,77,0.71,8,1,374.0,0
29,6877.0,66,0.38,6,1,478.0,0
21,5414.0,94,0.53,4,1,372.0,0
38,4505.0,60,0.53,8,0,341.0,0
55,7051.0,37,0.09,7,0,552.0,0
26,4897.0,87,0.51,6,0,399.0,0
69,4335.0,17,0.32,8,1,320.0,0
62,8533.0,71,0.69,7,1,419.0,0
33,8029.0,1,0.5,8,1,396.0,0
58,6251.0,43,0.49,7,0,448.0,0
48,3076.0,24,0.05,6,2,272.0,0
24,2584.0,60,0.39,6,1,332.0,0
57,8102.0,82,0.55,7,1,378.0,0
59,6410.0,30,0.22,1,0,483.0,0
20,4333.0,44,0.64,8,2,251.0,0
37,6513.0,70,0.87,6,2,301.0,0
21,5665.0,80,0.67,9,0,381.0,0
30,8077.0,49,0.47,2,0,471.0,0
30,4694.0,21,0.26,9,0,423.0,0
51,6921.0,44,0.37,8,1,424.0,0
29,6158.0,19,0.96,5,1,310.0,0
48,8867.0,85,0.32,3,0,519.0,0
44,6703.0,29,0.18,6,2,389.0,0
21,5742.0,35,0.27,5,0,436.0,0
49,2895.0,93,0.01,5,0,371.0,0
39,2306.0,42,0.45,2,0,331.0,0
51,3560.0,77,0.48,5,2,265.0,1
23,6743.0,63,0.24,8,2,398.0,0
58,6141.0,38,0.47,6,0,420.0,0
39,4971.0,58,0.53,5,1,351.0,0
47,9611.0,65,0.56,4,1,487.0,0
56,5109.0,49,0.24,2,0,392.0,0
29,5368.0,72,0.35,3,0,418.0,0
53,1658.0,17,0.97,2,1,111.0,1
55,4401.0,74,0.59,5,0,371.0,0
62,3064.0,63,0.34,8,0,413.0,0
35,4467.0,56,0.18,7,1,411.0,0
54,8216.0,13,0.37,4,1,426.0,0
38,9271.0,98,0.85,5,2,446.0,0
41,5066.0,17,0.39,3,0,372.0,0
36,6758.0,15,0.18,9,1,459.0,0
30,4490.0,21,0.48,4,1,338.0,0
29,6543.0,24,0.67,1,0,370.0,0
52,4349.0,74,0.91,9,1,279.0,1
26,4335.0,85,0.27,8,1,334.0,0
20,3589.0,59,0.84,9,0,376.0,0
58,8978.0,10,0.96,7,1,441.0,0
40,5759.0,47,0.97,8,1,386.0,0
51,5366.0,26,0.62,7,1,365.0,0
50,5267.0,53,0.0,5,0,455.0,0
68,4733.0,51,0.69,6,1,338.0,0
51,6066.0,86,0.37,9,2,369.0,0
60,7382.0,43,0.89,5,1,400.0,0
36,3587.0,56,0.23,6,0,341.0,0
63,2160.0,47,0.94,8,0,302.0,0
51,4485.0,76,0.87,2,0,285.0,1
67,7745.0,1,0.04,3,0,499.0,0
35,5440.0,67,0.1,8,0,501.0,0
40,3207.0,60,0.18,6,0,374.0,0
23,3326.0,78,0.66,6,0,378.0,0
56,5464.0,15,0.66,5,0,360.0,0
60,5068.0,98,0.4,6,0,394.0,0
64,4308.0,85,0.08,9,0,429.0,0
52,5713.0,67,0.42,5,2,335.0,0
67,5938.0,67,0.56,7,1,337.0,0
62,3330.0,16,0.37,6,0,374.0,0
44,7619.0,63,0.92,3,1,357.0,0
56,8561.0,36,0.7,4,0,461.0,0
56,5762.0,40,0.92,7,0,414.0,0
62,7943.0,81,0.28,6,0,509.0,0
36,4004.0,46,0.7,5,0,295.0,0
45,6107.0,15,1.0,1,0,337.0,0
26,5958.0,59,0.04,4,0,460.0,0
52,2676.0,11,0.95,5,0,303.0,0
68,2661.0,77,0.86,8,0,374.0,0
28,1508.0,72,0.0,5,0,367.0,0
35,7499.0,19,0.91,6,1,354.0,0
63,3902.0,64,0.42,1,0,343.0,0
44,4879.0,40,0.66,6,1,281.0,1
31,5359.0,37,0.85,2,0,399.0,0
32,7624.0,78,0.83,3,0,512.0,0
37,6470.0,73,0.32,7,0,468.0,0
37,7381.0,83,0.69,5,1,477.0,0
21,4217.0,44,0.08,6,0,422.0,0
68,1567.0,89,0.23,5,0,322.0,0
58,6852.0,23,0.31,5,2,396.0,0
48,4200.0,98,0.61,4,0,340.0,0
31,7213.0,9,0.19,4,0,424.0,0
39,7707.0,49,0.03,3,0,485.0,0
61,4006.0,60,0.22,8,0,340.0,0
37,4084.0,32,0.61,4,1,347.0,0
46,5966.0,61,0.41,2,0,405.0,0
22,7925.0,12,0.56,4,0,447.0,0
23,7124.0,61,0.54,6,0,463.0,0
52,5941.0,78,0.67,2,0,357.0,0
27,7627.0,77,0.18,6,0,451.0,0
49,2888.0,36,0.62,7,0,318.0,0
56,3156.0,18,0.79,3,0,280.0,1
46,1500.0,3,0.32,4,0,273.0,1
52,4935.0,15,0.39,1,1,345.0,0
51,9199.0,55,0.04,9,0,591.0,0
27,3553.0,16,0.58,6,0,368.0,0
22,9314.0,41,0.23,3,0,563.0,0
62,6347.0,83,0.29,8,1,505.0,0
25,4068.0,18,0.56,9,0,373.0,0
41,3579.0,77,0.54,7,1,282.0,1
34,1500.0,43,0.02,2,0,353.0,0
36,4813.0,8,0.53,4,0,360.0,0
67,2638.0,79,0.71,7,0,322.0,0
44,3374.0,6,0.81,2,0,298.0,0
58,1500.0,94,0.48,2,0,315.0,0
55,5117.0,91,0.99,6,0,326.0,0
51,1859.0,28,0.02,6,0,350.0,0
32,5060.0,92,0.97,9,2,291.0,1
25,4845.0,65,0.96,4,2,252.0,0
55,7474.0,15,0.89,6,0,422.0,0
52,3002.0,1,0.75,7,0,263.0,0
43,4977.0,13,0.64,5,1,282.0,1
47,8395.0,34,0.72,7,0,444.0,0
55,3386.0,98,0.23,9,1,352.0,0
39,7317.0,58,0.03,9,0,537.0,0
48,5906.0,16,0.44,6,0,423.0,0
20,6757.0,9,0.95,1,0,379.0,0
40,6944.0,80,0.81,7,1,388.0,0
66,4323.0,19,0.05,1,0,421.0,0
59,7203.0,37,0.34,2,0,469.0,0
37,5671.0,74,0.89,1,0,346.0,0
57,5164.0,19,0.05,3,0,418.0,0
45,5575.0,12,0.87,3,0,342.0,0
45,5958.0,38,0.57,2,0,422.0,0
69,5740.0,52,0.53,4,0,431.0,0
67,3369.0,28,0.75,1,3,197.0,1
54,5490.0,11,0.62,3,0,437.0,0
53,6815.0,77,0.67,9,0,416.0,0
37,4155.0,34,0.61,6,0,333.0,0
59,2076.0,35,0.71,6,1,299.0,0
23,4283.0,43,0.85,5,0,341.0,0
48,2794.0,15,0.59,7,0,278.0,1
62,1624.0,89,0.65,6,2,205.0,0
40,4656.0,96,0.37,2,0,396.0,0
54,3323.0,76,0.55,2,1,318.0,0
62,3593.0,79,0.85,4,0,326.0,0
60,4979.0,66,0.22,8,0,439.0,0
39,5043.0,1,0.68,2,1,311.0,0
66,7014.0,51,0.8,6,0,466.0,0
46,6120.0,38,0.18,8,0,478.0,0
38,2064.0,76,0.81,9,0,272.0,1
32,4759.0,12,0.21,9,0,419.0,0
39,3025.0,37,0.45,1,0,373.0,0
56,2612.0,22,0.55,7,0,354.0,0
31,3778.0,40,0.15,5,0,434.0,0
65,4805.0,9,0.7,3,0,388.0,0
60,4696.0,51,0.71,5,1,347.0,0
47,6169.0,35,0.43,1,0,448.0,0
25,3647.0,94,0.91,9,0,353.0,0
31,4580.0,68,0.94,4,0,291.0,1
39,6689.0,54,0.63,7,0,409.0,0
39,6797.0,45,0.33,6,0,449.0,0
61,2301.0,72,0.08,2,0,375.0,0
64,8919.0,35,0.44,8,1,474.0,0
44,6941.0,13,0.48,1,2,366.0,0
23,7057.0,22,0.26,2,0,483.0,0
53,5168.0,32,0.68,8,0,372.0,0
40,6637.0,58,0.09,5,0,463.0,0
48,4521.0,45,0.33,8,0,414.0,0
61,8086.0,10,0.56,2,1,427.0,0
30,3824.0,75,0.74,6,0,311.0,0
68,4567.0,58,0.93,6,0,322.0,0
39,5321.0,88,0.7,8,1,334.0,0
28,4611.0,63,0.36,7,1,354.0,0
52,6259.0,90,0.82,1,2,306.0,0
27,5087.0,64,0.12,1,1,368.0,0
64,2745.0,11,0.9,8,1,264.0,1
47,2239.0,25,0.97,6,0,214.0,1
38,4960.0,85,0.22,4,2,339.0,0
63,4480.0,65,0.18,9,1,352.0,0
47,2483.0,96,0.67,6,0,257.0,0
56,2858.0,78,0.05,8,0,369.0,0
68,5530.0,58,0.47,9,0,460.0,0
31,1500.0,27,0.69,3,0,292.0,0
25,4288.0,13,0.8,5,0,322.0,0
57,6560.0,87,0.51,6,0,409.0,0
64,5969.0,34,0.65,5,0,347.0,0
63,3775.0,69,0.48,5,1,339.0,0
53,2984.0,55,0.94,2,1,264.0,1
27,5088.0,17,0.93,2,0,371.0,0
39,4058.0,13,0.35,2,1,314.0,0
47,6309.0,45,0.09,4,0,468.0,0
33,4135.0,34,0.43,5,0,429.0,0
44,1846.0,93,0.69,5,1,263.0,0
60,2949.0,75,0.67,2,1,282.0,1
45,4538.0,17,0.07,4,1,377.0,0
31,6317.0,46,0.73,5,0,409.0,0
36,6846.0,92,0.86,9,0,397.0,0
56,1654.0,37,0.96,9,0,237.0,1
66,5455.0,12,0.31,3,0,386.0,0
31,5421.0,2,0.05,2,0,473.0,0
20,7690.0,64,0.41,8,0,427.0,0
29,5361.0,90,0.99,5,0,353.0,0
52,4652.0,66,0.42,2,0,457.0,0
20,4178.0,92,0.81,8,0,378.0,0
42,2431.0,85,0.39,6,0,349.0,0
23,3254.0,63,0.04,6,1,400.0,0
25,5193.0,11,0.4,4,0,446.0,0
43,2613.0,19,0.54,3,2,193.0,1
53,2850.0,27,0.02,4,1,335.0,0
36,6984.0,8,0.68,8,0,437.0,0
42,3742.0,40,0.51,4,0,353.0,0
59,4261.0,86,0.65,6,1,268.0,1
22,6953.0,17,0.36,7,1,386.0,0
40,4454.0,82,0.61,5,1,227.0,1
26,8171.0,43,0.23,1,0,530.0,0
65,2425.0,35,0.11,2,0,282.0,0
56,5598.0,88,0.78,2,0,376.0,0
21,5805.0,61,0.88,5,1,293.0,0
58,5783.0,88,0.83,7,1,371.0,0
68,5099.0,38,0.14,9,1,348.0,0
41,2834.0,99,0.9,1,1,216.0,1
43,4436.0,78,0.3,7,1,311.0,0
45,4560.0,45,0.9,7,0,339.0,0
69,6727.0,55,0.61,2,1,394.0,0
22,1913.0,56,0.51,8,1,263.0,1
39,5890.0,66,0.48,8,1,367.0,0
35,2969.0,87,0.37,3,1,320.0,0
68,7748.0,87,0.75,1,2,324.0,0
58,2429.0,83,0.8,6,0,300.0,0
21,6292.0,13,0.2,7,0,472.0,0
48,4826.0,59,0.82,4,0,384.0,0
37,8184.0,92,0.27,2,2,449.0,0
50,6321.0,85,0.14,7,1,459.0,0
54,7745.0,53,0.27,1,1,453.0,0
50,3258.0,89,0.47,6,0,360.0,0
46,4009.0,28,0.42,7,1,327.0,0
42,6905.0,53,0.31,9,1,408.0,0
35,5885.0,24,0.89,1,0,377.0,0
34,1500.0,47,0.94,2,0,232.0,1
53,4315.0,5,0.87,7,0,298.0,0
25,5492.0,48,0.58,1,1,315.0,0
21,8182.0,97,0.8,5,3,309.0,0
58,5800.0,96,0.53,7,0,416.0,0
52,3112.0,44,0.37,7,1,381.0,0
44,6952.0,98,0.89,9,0,381.0,0
61,4996.0,70,0.75,4,1,307.0,0
32,6833.0,42,0.26,8,0,473.0,0
48,4803.0,63,0.74,7,0,389.0,0
50,3828.0,82,0.34,6,1,323.0,0
39,2763.0,4,0.5,2,0,374.0,0
46,3150.0,37,0.97,6,0,263.0,0
62,3565.0,12,0.98,7,0,305.0,0
29,1750.0,69,0.14,5,3,189.0,1
54,3371.0,92,0.58,4,0,355.0,0
49,5185.0,69,0.4,1,4,184.0,0
41,3100.0,78,0.19,2,0,356.0,0
53,8611.0,11,0.62,8,0,512.0,0
60,7828.0,23,0.03,6,0,536.0,0
51,8002.0,67,0.91,4,0,477.0,0
30,3458.0,97,0.89,1,0,368.0,0
60,7918.0,70,0.16,2,0,562.0,0
68,2868.0,19,0.06,5,1,349.0,0
26,1657.0,35,0.64,9,1,270.0,1
69,3881.0,85,0.35,8,1,342.0,0
41,4553.0,22,0.81,3,1,318.0,0
40,1500.0,46,0.21,1,0,340.0,0
20,4379.0,81,0.91,3,1,257.0,0
21,3056.0,22,0.08,4,0,384.0,0
52,4943.0,33,0.35,6,1,354.0,0
31,7898.0,85,0.35,8,0,491.0,0
24,5279.0,51,0.4,3,1,341.0,0
50,4521.0,25,0.63,4,1,325.0,0
38,5894.0,66,0.66,1,1,354.0,0
45,6062.0,17,0.84,5,0,417.0,0
51,3832.0,86,0.33,1,0,390.0,0
48,5568.0,30,0.61,8,0,485.0,0
40,5296.0,17,0.81,3,0,376.0,0
54,3236.0,5,0.88,8,0,342.0,0
47,5654.0,69,0.69,3,0,407.0,0
35,8070.0,14,0.58,8,1,470.0,0
65,5203.0,43,0.72,5,0,350.0,0
61,1990.0,3,0.6,2,0,313.0,0
44,1500.0,74,0.37,3,1,254.0,1
61,8333.0,7,0.78,9,0,491.0,0
50,3019.0,41,0.63,1,1,277.0,1
20,6960.0,16,0.52,9,0,516.0,0
63,1500.0,26,0.62,8,1,260.0,1
53,5910.0,11,0.97,7,1,336.0,0
32,5036.0,41,0.74,2,1,270.0,1
65,4705.0,87,0.0,1,0,477.0,0
22,2369.0,87,0.28,1,0,302.0,0
66,1500.0,22,0.47,8,1,281.0,1
27,4569.0,67,0.08,5,0,383.0,0
65,6597.0,15,0.61,3,1,397.0,0
22,3241.0,67,0.69,7,1,268.0,0
57,9676.0,55,0.39,5,0,519.0,0
54,6104.0,67,0.1,2,1,375.0,0
65,2551.0,58,0.13,4,0,418.0,0
20,2864.0,26,0.63,2,0,341.0,0
44,6292.0,6,0.39,4,1,443.0,0
38,6016.0,91,0.06,8,2,390.0,0
36,3022.0,26,0.59,9,1,272.0,1
22,5789.0,66,0.62,9,0,431.0,0
59,3499.0,12,0.64,6,1,339.0,0
32,8076.0,96,0.53,6,0,534.0,0
62,1658.0,47,0.37,1,3,149.0,1
23,3297.0,23,0.01,7,0,434.0,0
57,5491.0,77,0.45,6,0,403.0,0
54,4262.0,12,0.03,2,0,472.0,0
69,6631.0,42,0.74,4,0,472.0,0
28,2727.0,41,0.19,2,1,295.0,0
63,3307.0,15,0.76,8,0,296.0,0
54,5866.0,53,0.3,8,0,453.0,0
66,5965.0,29,0.11,5,1,385.0,0
48,4897.0,52,0.01,9,2,299.0,0
43,6816.0,27,0.71,8,0,387.0,0
33,8550.0,79,0.61,3,0,482.0,0
40,5069.0,6,0.95,4,0,369.0,0
45,4310.0,96,0.21,3,0,450.0,0
58,7094.0,62,0.77,3,0,421.0,0
65,6950.0,18,0.65,2,0,472.0,0
30,4326.0,49,0.06,4,0,453.0,0
31,2644.0,75,0.08,6,0,389.0,0
21,2008.0,80,0.49,8,1,237.0,1
67,7557.0,48,0.32,6,0,489.0,0
62,3269.0,32,0.51,6,1,299.0,0
58,4840.0,29,0.93,2,0,364.0,0
28,7421.0,36,0.98,9,0,419.0,0
62,7397.0,99,0.07,9,0,518.0,0
37,6548.0,80,0.74,6,1,401.0,0
22,5209.0,35,0.81,7,1,338.0,0
21,5442.0,76,0.24,1,0,457.0,0
22,3816.0,15,0.5,9,0,411.0,0
62,7950.0,26,0.62,4,1,441.0,0
33,7668.0,86,0.08,8,1,396.0,0
30,5042.0,11,0.53,7,3,262.0,1
29,6142.0,95,0.49,9,1,329.0,0
25,8835.0,56,0.9,7,0,414.0,0
39,2624.0,78,0.37,5,0,343.0,0
67,7934.0,98,0.67,1,0,515.0,0
41,5642.0,17,0.4,4,2,362.0,0
56,7062.0,49,0.44,3,0,488.0,0
25,1861.0,15,0.04,3,0,364.0,0
64,4926.0,43,0.17,8,1,402.0,0
41,1689.0,16,0.67,3,0,254.0,1
30,4909.0,13,0.41,1,0,447.0,0
47,8117.0,12,0.49,5,0,500.0,0
56,4841.0,29,0.49,4,1,355.0,0
38,4600.0,43,0.7,8,2,266.0,0
44,8164.0,2,0.39,9,0,516.0,0
39,3494.0,3,0.14,7,0,392.0,0
63,3585.0,82,0.06,3,0,389.0,0
51,6251.0,2,0.38,9,0,469.0,0
21,9688.0,64,0.24,3,0,592.0,0
45,8802.0,14,0.33,7,1,445.0,0
58,5321.0,26,0.83,7,0,329.0,0
33,6289.0,65,0.2,3,0,458.0,0
58,8238.0,60,0.25,7,0,511.0,0
55,4570.0,32,0.22,1,0,401.0,0
20,8805.0,5,0.71,6,0,504.0,0
49,6474.0,34,0.68,3,1,415.0,0
42,2462.0,63,0.49,9,1,294.0,0
57,7542.0,31,0.22,5,0,556.0,0
68,8184.0,58,0.91,6,1,400.0,0
31,7206.0,46,0.7,3,0,444.0,0
20,6271.0,19,0.9,6,2,337.0,0
39,3365.0,27,0.92,1,0,325.0,0
34,3330.0,43,0.65,3,0,323.0,0
64,3390.0,15,0.91,3,2,193.0,1
27,3861.0,41,0.7,9,0,308.0,0
28,3307.0,7,0.54,8,0,380.0,0
54,5071.0,54,0.26,9,1,397.0,0
41,4284.0,14,0.97,7,1,283.0,0
56,5913.0,58,0.95,6,0,393.0,0
56,8716.0,52,0.2,8,0,522.0,0
52,5463.0,31,0.23,4,2,330.0,0
43,4937.0,38,0.49,5,0,368.0,0
29,7733.0,81,0.23,4,1,487.0,0
63,4180.0,83,0.38,9,0,462.0,0
42,4704.0,30,0.23,8,0,387.0,0
60,7356.0,67,0.4,2,0,499.0,0
21,5955.0,73,0.94,2,0,397.0,0
41,2359.0,4,0.93,9,0,297.0,0
50,8432.0,33,0.75,2,1,452.0,0
54,6285.0,52,0.4,9,0,475.0,0
40,3930.0,37,0.37,1,0,408.0,0
34,2780.0,93,0.49,8,0,329.0,0
35,10092.0,4,0.91,8,0,469.0,0
39,3298.0,32,0.56,9,2,248.0,1
36,6233.0,2,0.0,4,1,459.0,0
61,4249.0,18,0.72,1,0,414.0,0
48,9027.0,20,0.5,4,0,537.0,0
28,7566.0,82,0.72,6,1,403.0,0
37,6064.0,71,0.75,3,1,372.0,0
58,5075.0,44,0.31,7,0,435.0,0
42,3447.0,16,0.79,5,1,313.0,0
24,7120.0,54,0.25,7,0,510.0,0
64,5959.0,64,0.91,1,3,209.0,1
64,2674.0,73,0.15,9,1,334.0,0
59,4735.0,36,0.51,9,0,402.0,0
25,7068.0,61,0.92,6,0,449.0,0
58,3270.0,63,0.74,5,1,278.0,1
50,5663.0,7,0.63,6,0,441.0,0
59,1500.0,1,0.7,6,1,231.0,0
34,3059.0,90,0.93,5,0,291.0,1
34,1897.0,84,0.04,1,0,343.0,0
28,5105.0,56,0.23,2,0,422.0,0
33,7188.0,92,0.37,4,0,509.0,0
64,3019.0,50,0.7,8,0,331.0,0
64,3006.0,74,0.8,7,0,275.0,1
58,1943.0,34,0.46,8,0,306.0,0
66,4682.0,40,0.23,9,0,417.0,0
31,4790.0,38,0.58,5,0,404.0,0
68,5984.0,18,0.98,5,0,356.0,0
56,6627.0,54,0.72,6,1,405.0,0
60,1500.0,68,0.79,2,0,238.0,1
66,3746.0,75,0.58,1,0,378.0,0
36,3323.0,37,0.46,5,0,390.0,0
31,4676.0,62,0.06,2,2,345.0,0
47,4023.0,93,0.12,6,1,388.0,0
55,6346.0,33,0.19,5,0,494.0,0
42,7088.0,9,0.33,9,0,475.0,0
39,6109.0,59,0.52,8,0,378.0,0
52,4886.0,81,0.26,9,0,433.0,0
32,4359.0,44,0.04,8,0,479.0,0
69,4866.0,97,0.42,1,1,382.0,0
21,3737.0,59,0.85,6,1,279.0,1
51,3227.0,67,0.76,9,1,317.0,0
32,5770.0,91,0.46,1,1,422.0,0
33,5590.0,40,0.16,8,1,439.0,0
39,8970.0,74,0.93,2,1,485.0,0
50,8207.0,52,0.28,2,1,466.0,0
63,5039.0,89,0.95,1,0,334.0,0
24,4873.0,46,0.64,3,0,363.0,0
43,7706.0,72,0.6,5,0,484.0,0
65,5733.0,35,0.66,6,1,344.0,0
59,8988.0,61,0.27,1,1,497.0,0
44,5025.0,91,0.23,5,1,384.0,0
43,3228.0,86,0.84,4,0,279.0,1
58,5271.0,53,0.6,2,0,346.0,0
45,6239.0,46,0.53,9,0,449.0,0
58,2859.0,36,0.3,9,1,300.0,0
62,6284.0,91,0.71,4,0,430.0,0
30,3547.0,66,0.01,5,0,423.0,0
24,5396.0,35,0.92,2,0,376.0,0
52,2236.0,25,0.56,6,1,263.0,1
57,3323.0,87,0.05,9,0,368.0,0
22,5538.0,38,0.44,6,1,417.0,0
22,3440.0,76,0.53,5,1,324.0,0
54,2833.0,91,0.23,2,0,345.0,0
25,6087.0,26,0.84,2,0,358.0,0
20,2858.0,23,0.47,4,1,264.0,1
35,2686.0,88,0.28,1,0,326.0,0
57,2643.0,55,0.1,5,0,370.0,0
23,4448.0,80,0.83,4,0,344.0,0
50,6487.0,63,0.69,4,0,380.0,0
49,4689.0,60,0.01,7,0,464.0,0
64,4761.0,85,0.97,4,0,367.0,0
42,2580.0,47,0.95,4,1,259.0,1
48,3664.0,92,0.13,3,0,399.0,0
32,9420.0,88,0.59,5,2,381.0,0
36,9091.0,64,0.39,3,0,531.0,0
39,6796.0,63,0.72,5,1,360.0,0
55,4696.0,53,0.44,7,0,428.0,0
48,5151.0,46,0.91,7,0,395.0,0
43,4627.0,6,0.95,6,0,377.0,0
51,4189.0,3,0.18,4,1,355.0,0
32,3882.0,52,0.16,4,0,382.0,0
45,1525.0,80,0.84,4,0,230.0,0
44,5824.0,17,0.26,4,0,442.0,0
46,6941.0,72,0.58,6,1,353.0,0
50,1590.0,19,0.52,1,0,295.0,0
50,6020.0,56,0.7,3,1,320.0,0
47,5545.0,99,0.93,2,0,350.0,0
36,4770.0,26,0.06,6,0,386.0,0
56,5159.0,88,0.65,2,2,315.0,0
30,5668.0,24,0.95,1,0,426.0,0
43,5064.0,53,0.88,9,1,305.0,0
49,5068.0,7,0.92,1,0,329.0,0
38,9108.0,98,0.16,9,1,502.0,0
69,7326.0,4,0.95,4,0,435.0,0
34,4328.0,32,0.09,8,2,335.0,0
67,4915.0,70,0.67,5,0,379.0,0
54,1500.0,19,0.53,5,0,271.0,1
61,3300.0,89,0.97,6,0,277.0,1
38,9474.0,30,0.06,5,0,584.0,0
33,6102.0,67,0.43,2,0,434.0,0
63,4772.0,6,0.07,7,0,403.0,0
25,5983.0,45,0.98,9,1,290.0,1
22,2828.0,99,0.87,8,0,263.0,1
68,4266.0,80,0.9,9,1,261.0,0
22,7353.0,89,0.85,3,0,419.0,0
62,6247.0,23,0.82,2,1,348.0,0
50,6192.0,58,0.8,9,0,416.0,0
32,6374.0,52,0.12,1,0,525.0,0
20,7742.0,36,0.24,8,0,488.0,0
40,1864.0,92,0.22,4,0,277.0,1
66,3331.0,44,0.99,7,0,248.0,0
42,7918.0,7,0.06,9,0,541.0,0
47,3232.0,61,0.25,2,0,367.0,0
20,1500.0,75,0.3,7,1,268.0,1
53,3335.0,53,0.86,7,0,239.0,1
59,2868.0,73,0.01,7,0,430.0,0
58,9318.0,41,1.0,1,0,510.0,0
24,5732.0,97,0.23,9,0,466.0,0
36,3431.0,33,0.25,7,1,356.0,0
51,6533.0,65,0.48,8,0,467.0,0
37,6246.0,1,0.79,1,0,383.0,0
66,6666.0,27,0.44,6,0,437.0,0
64,7169.0,60,0.73,3,0,453.0,0
48,4213.0,48,0.06,6,0,382.0,0
32,2383.0,42,0.97,9,1,249.0,1
56,1500.0,47,0.48,5,1,212.0,0
43,2808.0,2,0.3,4,0,341.0,0
21,4697.0,2,0.58,1,0,367.0,0
66,5907.0,44,0.52,3,1,386.0,0
69,7337.0,75,0.87,7,1,413.0,0
48,4919.0,78,0.36,8,2,285.0,1
43,5211.0,39,0.95,5,1,286.0,0
63,5156.0,86,0.5,9,0,401.0,0
46,5550.0,62,0.76,4,0,386.0,0
45,3491.0,92,0.2,7,0,397.0,0
69,6620.0,65,0.61,9,0,467.0,0
64,5669.0,44,0.78,7,0,383.0,0
65,3945.0,79,0.26,5,1,369.0,0
66,3946.0,13,0.78,4,0,317.0,0
28,3796.0,26,0.52,3,0,391.0,0
31,5132.0,23,0.15,6,0,417.0,0
59,4216.0,16,0.77,1,1,284.0,1
27,5921.0,36,0.67,7,1,369.0,0
55,6881.0,31,0.72,2,1,324.0,0
52,2749.0,30,0.94,3,0,322.0,0
38,3026.0,23,0.61,6,2,204.0,1
30,8040.0,99,0.27,8,1,440.0,0
69,4602.0,88,0.7,6,0,408.0,0
65,6187.0,90,0.11,4,0,473.0,0
46,6168.0,19,0.82,2,0,417.0,0
63,2193.0,83,0.87,8,3,113.0,1
26,4104.0,99,0.34,4,0,389.0,0
40,3468.0,29,0.09,6,0,406.0,0
49,2330.0,45,0.51,4,0,352.0,0
33,5992.0,44,0.05,2,1,429.0,0
36,7269.0,97,0.7,4,1,339.0,0
59,5555.0,22,0.73,8,0,408.0,0
40,8161.0,27,0.18,6,0,525.0,0
56,1500.0,80,0.16,6,1,295.0,0
38,4337.0,3,0.71,6,1,319.0,0
34,5271.0,41,0.93,4,1,333.0,0
20,5511.0,7,0.87,4,0,410.0,0
46,6869.0,77,0.71,8,0,449.0,0
66,4127.0,20,0.38,3,1,317.0,0
43,6577.0,85,0.59,1,1,366.0,0
64,6414.0,95,0.29,7,1,414.0,0
56,6991.0,61,0.45,3,0,460.0,0
64,1500.0,1,0.66,7,1,238.0,1
35,10334.0,95,0.59,3,0,552.0,0
30,5580.0,99,0.87,3,0,379.0,0
40,2368.0,45,0.17,6,0,341.0,0
69,8110.0,44,0.11,9,0,549.0,0
27,4930.0,73,0.16,7,0,415.0,0
31,5499.0,55,0.02,1,0,475.0,0
42,4082.0,35,0.25,9,1,354.0,0
29,7537.0,84,0.43,9,3,305.0,0
62,1500.0,28,0.06,2,0,303.0,0
48,2379.0,80,0.91,7,1,268.0,1
51,1500.0,57,0.8,3,0,276.0,1
21,2310.0,75,0.59,2,2,206.0,1
48,6940.0,59,0.4,4,0,496.0,0
43,5287.0,50,0.11,6,1,363.0,0
21,2929.0,62,0.62,2,0,344.0,0
35,5492.0,80,0.06,2,0,470.0,0
37,5018.0,60,0.38,5,0,424.0,0
59,3682.0,55,0.57,3,0,308.0,0
42,5117.0,46,0.7,1,1,312.0,0
48,6454.0,65,0.12,3,0,469.0,0
29,3156.0,57,0.27,7,0,361.0,0
60,4434.0,77,0.22,8,0,407.0,0
53,3298.0,72,0.45,4,0,364.0,0
63,6612.0,92,0.81,3,0,434.0,0
53,8065.0,78,0.4,5,1,474.0,0
57,7651.0,70,0.7,1,0,444.0,0
30,5268.0,64,0.11,6,0,510.0,0
40,5546.0,82,0.11,5,1,453.0,0
38,6682.0,77,0.5,2,1,390.0,0
62,3967.0,22,0.98,4,0,304.0,0
30,8887.0,9,0.74,3,0,481.0,0
40,6471.0,54,0.17,8,1,478.0,0
43,4851.0,72,0.67,2,0,355.0,0
64,5059.0,8,0.83,8,0,329.0,0
38,4749.0,24,0.1,5,0,432.0,0
33,5862.0,36,0.96,9,1,364.0,0
46,5477.0,58,0.01,1,0,492.0,0
28,6214.0,24,0.59,5,2,292.0,0
41,5119.0,28,0.61,9,1,337.0,0
41,3151.0,77,0.23,7,1,364.0,0
37,5965.0,4,0.31,9,0,487.0,0
29,2233.0,26,0.07,1,1,275.0,1
50,7740.0,11,0.48,5,1,414.0,0
54,4691.0,31,0.13,7,0,474.0,0
39,8178.0,93,0.97,9,0,500.0,0
25,6335.0,22,0.11,3,0,497.0,0
20,4538.0,82,0.14,9,0,453.0,0
54,4460.0,78,0.06,2,0,424.0,0
22,4020.0,98,0.67,9,0,343.0,0
39,6535.0,40,0.5,5,0,419.0,0
33,7145.0,78,0.53,9,0,503.0,0
32,4119.0,46,0.89,5,0,361.0,0
50,10396.0,63,0.16,6,0,598.0,0
37,5621.0,79,0.09,9,0,456.0,0
66,8115.0,66,0.55,6,0,554.0,0
51,5929.0,21,0.52,8,0,394.0,0
31,1500.0,2,0.56,4,0,229.0,1
27,4245.0,57,0.83,7,0,243.0,1
69,4917.0,65,0.28,8,0,415.0,0
52,6866.0,32,0.42,9,2,311.0,0
21,7043.0,44,0.64,2,0,386.0,0
42,10939.0,10,0.84,9,0,532.0,0
60,1548.0,34,0.49,6,1,306.0,0
56,5194.0,63,0.77,6,0,373.0,0
65,3703.0,5,0.43,2,0,389.0,0
27,7391.0,81,0.86,6,1,396.0,0
43,6356.0,36,0.03,2,1,420.0,0
58,6714.0,69,0.41,3,1,390.0,0
67,4221.0,19,0.07,2,0,393.0,0
61,2750.0,28,0.36,1,0,292.0,0
57,3422.0,62,0.86,5,1,254.0,0
58,7216.0,95,0.95,3,1,388.0,0
51,4567.0,82,0.53,9,2,263.0,1
50,5188.0,16,0.81,3,0,378.0,0
45,1994.0,66,0.96,8,1,204.0,1
40,4443.0,99,0.42,4,0,389.0,0
51,2535.0,54,0.5,1,1,286.0,1
42,5612.0,45,0.58,3,0,419.0,0
60,8887.0,94,0.37,2,0,527.0,0
26,1940.0,29,0.07,6,0,388.0,0
41,3029.0,88,0.08,5,0,362.0,0
51,2186.0,35,0.43,9,0,323.0,0
33,5673.0,51,0.85,4,1,308.0,0
21,9823.0,24,0.95,6,1,452.0,0
37,5284.0,39,0.01,6,0,475.0,0
51,4125.0,31,0.82,1,1,242.0,1
33,9837.0,46,0.27,3,1,500.0,0
51,4278.0,78,0.29,1,0,414.0,0
68,4746.0,77,0.92,4,0,307.0,0
36,5335.0,97,0.2,6,1,402.0,0
51,7543.0,38,0.95,8,1,367.0,0
33,3348.0,66,0.48,9,1,310.0,0
36,4354.0,61,0.93,4,0,309.0,0
65,4994.0,92,0.06,2,0,429.0,0
36,6346.0,51,0.58,7,0,372.0,0
36,1500.0,63,0.78,4,0,208.0,1
35,3227.0,34,0.75,8,1,330.0,0
45,6458.0,16,0.59,4,1,378.0,0
45,1632.0,19,0.95,5,1,226.0,1
51,3979.0,92,0.1,8,0,412.0,0
48,3299.0,5,0.58,9,0,363.0,0
53,3279.0,49,0.95,5,1,286.0,1
20,5971.0,15,0.26,1,1,394.0,0
39,4363.0,27,0.36,1,0,305.0,0
52,7444.0,56,0.52,3,1,428.0,0
51,5333.0,10,0.95,6,1,312.0,0
65,5862.0,73,0.2,9,1,404.0,0
34,9731.0,29,0.63,8,0,541.0,0
29,4869.0,27,0.94,2,0,291.0,0
55,1500.0,74,0.79,5,1,156.0,1
40,1500.0,18,0.72,7,0,315.0,0
31,4701.0,40,0.31,4,0,395.0,0
32,4298.0,56,0.25,4,0,430.0,0
52,4873.0,39,0.86,3,1,344.0,0
54,5300.0,46,0.75,9,1,351.0,0
43,5897.0,55,0.24,9,0,424.0,0
62,4087.0,2,0.88,5,0,303.0,0
61,7326.0,42,0.29,7,3,313.0,0
45,3133.0,44,0.32,7,0,349.0,0
54,7030.0,27,0.81,4,1,421.0,0
67,6265.0,15,0.73,1,0,413.0,0
36,4708.0,6,0.35,1,0,408.0,0
52,4567.0,83,0.55,3,0,356.0,0
67,2294.0,48,0.99,4,0,307.0,0
47,5651.0,94,0.79,2,0,382.0,0
53,4321.0,24,0.74,2,0,308.0,0
57,5953.0,46,0.47,1,0,468.0,0
65,5357.0,96,0.92,9,1,304.0,0
50,3806.0,89,0.74,2,0,330.0,0
25,3683.0,61,0.47,4,1,332.0,0
51,4071.0,27,0.54,2,0,363.0,0
33,6656.0,15,0.53,7,1,385.0,0
28,6471.0,39,0.91,5,0,384.0,0
33,6981.0,6,0.48,6,0,426.0,0
47,2859.0,77,0.14,7,3,224.0,1
47,5488.0,36,0.45,9,0,414.0,0
31,4048.0,6,0.07,8,0,419.0,0
36,5308.0,68,0.83,3,1,349.0,0
24,1500.0,77,0.38,8,0,280.0,1
42,6714.0,36,0.69,3,1,330.0,0
53,4568.0,11,0.35,1,0,419.0,0
65,6666.0,86,0.33,8,0,467.0,0
31,4917.0,38,0.28,6,1,372.0,0
32,3064.0,51,0.2,5,0,395.0,0
35,3821.0,63,0.79,1,1,308.0,0
64,7318.0,75,0.07,4,2,442.0,0
51,3717.0,3,0.47,5,0,352.0,0
34,4530.0,91,0.15,9,0,421.0,0
64,6827.0,1,0.07,7,0,541.0,0
64,3800.0,15,0.39,5,0,384.0,0
42,3372.0,47,0.78,6,0,335.0,0
58,5110.0,30,0.79,1,0,349.0,0
39,5370.0,31,0.47,2,2,330.0,0
24,7928.0,51,0.7,1,2,356.0,0
58,4956.0,71,0.44,7,2,323.0,0
50,1945.0,82,0.6,3,0,338.0,0
61,4823.0,69,0.44,5,0,389.0,0
27,6289.0,32,0.05,7,0,473.0,0
40,3833.0,3,0.65,6,0,351.0,0
24,2336.0,83,0.39,3,1,293.0,0
52,8430.0,86,0.73,6,1,411.0,0
45,3821.0,84,0.35,5,0,353.0,0
60,3637.0,60,0.47,2,0,342.0,0
51,4025.0,3,0.57,7,0,370.0,0
34,7799.0,14,0.73,4,1,382.0,0
38,7838.0,31,0.31,7,1,416.0,0
65,6719.0,94,0.28,2,1,447.0,0
34,4039.0,50,0.76,7,0,359.0,0
44,5800.0,83,0.47,7,0,459.0,0
21,1500.0,49,0.08,1,0,296.0,0
50,1500.0,73,0.31,8,0,328.0,0
39,4765.0,2,0.81,8,1,268.0,1
39,5162.0,75,0.86,6,2,248.0,1
68,7756.0,17,0.74,2,1,430.0,0
23,5252.0,70,0.33,4,2,335.0,0
22,4992.0,54,0.28,7,1,329.0,0
47,6353.0,8,0.62,2,1,376.0,0
32,2050.0,87,0.17,4,1,261.0,1
39,7910.0,30,0.38,8,0,494.0,0
44,7486.0,43,0.02,8,0,494.0,0
47,2885.0,49,0.91,1,0,345.0,0
60,4301.0,75,0.84,6,0,336.0,0
30,6535.0,50,0.16,9,1,441.0,0
66,2472.0,63,0.55,2,0,368.0,0
28,6416.0,5,0.03,6,0,512.0,0
25,8363.0,85,0.5,4,0,486.0,0
43,4846.0,83,0.88,9,1,289.0,1
20,5558.0,7,0.39,7,0,401.0,0
57,2022.0,62,0.11,7,2,262.0,1
55,8740.0,4,0.42,3,0,526.0,0
34,2493.0,24,0.67,3,1,275.0,1
25,3856.0,61,0.09,7,0,324.0,0
40,5300.0,41,0.6,3,0,427.0,0
37,5190.0,35,0.49,7,0,395.0,0
25,5537.0,5,0.44,1,0,384.0,0
25,6298.0,7,0.27,5,0,460.0,0
53,3753.0,30,0.23,8,1,335.0,0
23,3458.0,78,0.44,3,0,349.0,0
23,6246.0,54,0.57,8,1,415.0,0
34,4940.0,28,0.68,3,0,371.0,0
66,3768.0,36,0.09,1,0,439.0,0
34,3697.0,8,0.01,5,0,444.0,0
67,5168.0,39,0.04,9,0,407.0,0
22,5116.0,85,0.94,9,0,371.0,0
23,4556.0,79,0.47,8,1,294.0,0
30,4375.0,35,0.92,7,0,316.0,0
54,5068.0,53,0.84,3,1,285.0,1
61,1882.0,83,0.75,9,0,296.0,0
57,5978.0,97,0.58,9,0,359.0,0
37,6158.0,41,0.72,3,0,420.0,0
20,1500.0,26,0.14,2,0,390.0,0
46,5284.0,29,0.01,9,0,443.0,0
38,6089.0,69,0.36,5,1,366.0,0
47,7305.0,3,0.72,3,0,482.0,0
42,2802.0,13,0.23,2,0,368.0,0
55,3764.0,71,0.12,9,0,439.0,0
30,2802.0,24,0.29,5,0,397.0,0
51,3196.0,36,0.99,8,2,200.0,1
48,7037.0,84,0.12,8,0,492.0,0
41,3003.0,1,0.55,2,2,207.0,1
36,4643.0,84,0.97,3,0,339.0,0
42,5188.0,41,0.04,6,0,476.0,0
39,8987.0,38,0.69,5,0,477.0,0
51,4922.0,4,0.55,7,0,412.0,0
55,7335.0,99,0.59,4,0,466.0,0
53,3996.0,70,0.33,1,0,375.0,0
22,5075.0,11,0.61,4,0,450.0,0
51,4718.0,93,0.5,1,0,360.0,0
43,8230.0,4,0.63,6,1,446.0,0
40,4054.0,43,0.68,6,0,343.0,0
43,1500.0,1,0.96,4,0,299.0,0
24,5243.0,14,0.09,3,0,520.0,0
54,6061.0,41,0.7,6,0,417.0,0
23,5330.0,83,0.45,9,1,380.0,0
24,6619.0,92,0.96,2,0,393.0,0
64,3897.0,30,0.48,1,0,388.0,0
55,7137.0,49,0.03,8,0,507.0,0
39,9944.0,42,0.91,4,0,530.0,0
22,6605.0,71,0.37,1,2,309.0,0
67,5685.0,95,0.73,5,0,376.0,0
47,8375.0,33,0.59,7,1,452.0,0
52,8208.0,48,0.52,1,0,532.0,0
56,4152.0,37,0.67,7,0,275.0,1
30,5548.0,2,0.77,7,0,403.0,0
33,5730.0,53,0.55,4,0,416.0,0
40,6514.0,60,0.16,5,0,492.0,0
45,3435.0,90,0.65,4,0,300.0,0
68,1500.0,88,0.56,6,0,238.0,1
47,4663.0,32,0.13,4,1,433.0,0
36,3477.0,81,0.13,9,1,354.0,0
42,5782.0,68,0.09,5,1,383.0,0
66,7166.0,35,0.45,7,1,436.0,0
67,4761.0,38,0.54,1,1,357.0,0
36,4479.0,35,0.18,2,0,442.0,0
27,6142.0,62,0.7,3,0,431.0,0
61,3368.0,83,0.59,5,0,324.0,0
46,4554.0,23,0.82,2,0,320.0,0
21,6495.0,74,0.08,7,1,404.0,0
59,4478.0,15,0.73,9,0,339.0,0
24,5271.0,73,0.05,7,0,461.0,0
40,5387.0,78,0.69,2,0,398.0,0
36,3051.0,92,0.13,4,0,394.0,0
25,5648.0,97,0.03,8,0,431.0,0
44,4997.0,98,0.01,6,1,376.0,0
23,4746.0,94,0.64,2,0,427.0,0
62,6398.0,38,0.68,3,1,407.0,0
32,5202.0,21,0.55,7,1,347.0,0
55,4964.0,9,0.92,7,1,308.0,0
58,3750.0,36,0.07,5,0,390.0,0
41,5093.0,72,0.61,6,2,296.0,0
55,5560.0,56,0.89,9,0,352.0,0
29,6934.0,50,0.93,9,1,323.0,0
69,3846.0,81,0.32,1,0,392.0,0
41,4264.0,92,0.83,7,0,328.0,0
38,3036.0,66,0.37,3,2,248.0,1
52,3974.0,69,0.4,8,1,364.0,0
49,7046.0,17,0.24,5,1,381.0,0
66,2993.0,61,0.51,7,0,383.0,0
56,8287.0,54,0.27,2,1,459.0,0
21,7670.0,93,0.81,7,0,430.0,0
35,6175.0,7,0.5,5,1,376.0,0
55,5895.0,14,0.72,7,0,401.0,0
49,6545.0,60,0.29,3,0,476.0,0
42,3013.0,56,0.68,9,0,296.0,0
67,4016.0,87,0.2,7,1,337.0,0
34,6052.0,83,0.65,6,1,405.0,0
24,3179.0,6,0.63,5,1,292.0,0
39,8083.0,5,0.82,3,1,399.0,0
32,7147.0,46,0.08,7,0,512.0,0
44,4858.0,10,0.17,4,2,317.0,0
24,3824.0,4,0.3,5,1,379.0,0
35,4466.0,69,0.06,9,0,432.0,0
37,2339.0,8,0.57,9,1,233.0,1
60,2770.0,46,0.56,5,0,306.0,0
45,1500.0,43,0.45,2,0,296.0,0
40,3686.0,59,0.15,6,0,396.0,0
57,1949.0,62,0.56,5,0,347.0,0
22,2406.0,52,0.07,4,0,353.0,0
42,1500.0,36,0.64,4,2,177.0,1
46,5491.0,30,0.83,7,0,404.0,0
66,2216.0,71,0.46,6,0,269.0,0
68,3006.0,44,0.39,7,0,380.0,0
30,8357.0,26,1.0,2,0,431.0,0
36,6414.0,77,0.1,6,0,469.0,0
50,3743.0,60,0.51,6,1,335.0,0
64,6440.0,15,0.59,5,0,424.0,0
32,3358.0,5,0.7,6,0,378.0,0
69,4955.0,85,0.56,3,0,419.0,0
68,5040.0,27,0.76,1,0,373.0,0
38,6067.0,95,0.41,8,0,436.0,0
64,5538.0,21,0.23,4,1,378.0,0
56,2910.0,11,0.46,8,1,261.0,1
47,8815.0,5,0.69,2,0,464.0,0
54,6653.0,58,0.41,1,0,404.0,0
37,9097.0,70,0.51,8,1,489.0,0
31,8075.0,94,0.47,4,0,508.0,0
65,1971.0,85,0.1,8,0,347.0,0
20,3084.0,56,0.65,3,0,313.0,0
52,5222.0,30,0.21,7,0,429.0,0
35,5922.0,58,0.1,7,1,401.0,0
30,2640.0,73,0.32,8,0,338.0,0
34,4987.0,8,0.41,2,0,437.0,0
41,4131.0,70,0.08,4,1,378.0,0
46,2182.0,66,0.85,7,1,255.0,1
27,5429.0,88,0.56,3,1,357.0,0
50,3110.0,26,0.52,5,0,383.0,0
55,3364.0,33,0.02,5,1,365.0,0
40,3803.0,83,0.35,3,0,373.0,0
51,4083.0,84,0.17,8,0,431.0,0
35,2031.0,90,0.37,9,0,312.0,0
28,4895.0,36,1.0,7,0,347.0,0
36,1600.0,25,0.36,4,1,229.0,1
27,7790.0,52,0.39,2,1,460.0,0
46,3778.0,84,0.52,8,2,269.0,1
64,6320.0,13,0.38,2,0,426.0,0
34,2482.0,17,0.36,4,0,349.0,0
29,3078.0,73,0.36,1,0,326.0,0
55,5549.0,63,0.67,1,0,397.0,0
52,4569.0,19,0.7,3,0,400.0,0
48,3207.0,36,0.79,7,2,191.0,1
20,3444.0,47,0.43,3,1,298.0,0
26,4793.0,24,0.01,9,0,458.0,0
40,4344.0,35,0.72,2,0,341.0,0
25,5187.0,15,0.08,5,3,270.0,1
44,5327.0,14,0.63,2,1,289.0,1
68,6822.0,65,0.15,3,0,426.0,0
69,1500.0,72,0.0,5,0,321.0,0
69,1696.0,17,0.9,1,0,238.0,1
59,2457.0,23,0.9,8,0,251.0,0
20,1535.0,43,0.67,6,0,275.0,1
55,5719.0,90,0.53,1,0,424.0,0
20,7312.0,51,0.29,1,0,512.0,0
25,7406.0,35,0.4,8,0,429.0,0
61,5272.0,44,0.21,8,0,460.0,0
21,3800.0,15,0.47,8,1,285.0,1
42,4796.0,65,0.8,8,0,359.0,0
35,4613.0,9,0.49,3,0,335.0,0
59,7115.0,77,0.17,3,0,491.0,0
64,7035.0,93,0.95,9,1,314.0,0
32,6284.0,89,0.79,7,2,337.0,0
54,5036.0,93,0.24,1,0,424.0,0
58,1500.0,77,0.62,7,0,263.0,1
51,3247.0,17,0.39,4,1,285.0,1
38,4084.0,13,0.92,7,0,307.0,0
34,4897.0,49,0.82,6,1,286.0,1
29,4087.0,68,0.18,1,1,342.0,0
45,5078.0,22,0.21,1,0,407.0,0
56,3175.0,77,0.03,5,0,384.0,0
43,5015.0,83,0.29,6,0,421.0,0
38,4953.0,48,0.7,2,0,379.0,0
31,3582.0,13,0.64,1,0,346.0,0
24,7264.0,52,0.36,7,0,465.0,0
52,3642.0,87,0.32,8,1,370.0,0
61,1610.0,82,0.13,9,0,343.0,0
42,2055.0,20,0.85,7,0,276.0,1
34,4897.0,94,0.17,8,2,281.0,1
45,4410.0,21,0.18,4,0,453.0,0
37,5901.0,89,0.43,7,2,322.0,0
68,4135.0,2,0.47,4,0,367.0,0
34,2999.0,6,0.29,4,0,354.0,0
38,2626.0,47,0.88,9,1,214.0,1
55,9482.0,97,0.71,5,2,364.0,0
24,4295.0,74,0.71,4,0,365.0,0
35,6363.0,23,0.6,5,1,365.0,0
27,4205.0,40,0.41,4,0,377.0,0
25,9578.0,35,0.65,4,0,513.0,0
32,4633.0,94,0.87,6,2,239.0,1
31,1500.0,13,0.22,5,1,279.0,1
63,7441.0,1,0.17,9,0,532.0,0
31,1500.0,23,0.99,1,0,265.0,1
50,4791.0,9,0.88,5,0,361.0,0
59,5946.0,20,0.01,4,1,375.0,0
43,5790.0,3,0.09,3,2,388.0,0
23,2358.0,23,0.33,6,1,308.0,0
64,3039.0,83,0.08,9,0,341.0,0
57,3316.0,5,0.87,2,1,212.0,1
22,7340.0,35,0.61,8,0,392.0,0
52,8536.0,94,0.69,3,1,418.0,0
59,5476.0,97,0.96,6,0,363.0,0
31,3572.0,75,0.37,9,0,400.0,0
43,7446.0,56,0.26,9,0,494.0,0
61,5497.0,21,0.02,6,0,457.0,0
46,2123.0,98,0.02,6,1,308.0,0
51,3052.0,68,0.82,9,0,278.0,1
46,8530.0,29,0.19,6,2,413.0,0
39,1500.0,79,0.89,4,1,230.0,0
45,5082.0,99,0.25,7,0,423.0,0
21,3776.0,25,0.86,1,1,257.0,0
43,7047.0,81,0.45,5,0,397.0,0
41,1626.0,58,0.33,5,1,261.0,1
35,3008.0,79,0.93,9,0,309.0,0
61,5955.0,34,0.59,7,0,427.0,0
20,5759.0,94,0.64,7,1,299.0,0
64,4284.0,87,0.14,5,3,254.0,1
59,5707.0,88,0.23,2,1,423.0,0
41,2098.0,75,0.81,8,0,270.0,1
27,3744.0,27,0.71,5,0,317.0,0
24,6112.0,78,0.27,1,1,391.0,0
53,9301.0,53,0.65,5,0,457.0,0
23,7613.0,44,0.64,6,0,474.0,0
57,3237.0,60,0.76,4,0,264.0,1
27,4701.0,63,0.97,3,0,347.0,0
27,5720.0,20,0.42,2,0,358.0,0
28,1500.0,84,0.65,7,1,222.0,1
40,2920.0,14,0.81,9,1,203.0,1
62,3609.0,28,0.4,9,0,335.0,0
32,3232.0,38,0.43,4,0,312.0,0
49,2950.0,95,0.76,2,1,255.0,1
63,4114.0,96,0.92,7,2,185.0,1
66,4770.0,13,0.92,3,0,359.0,0
58,3820.0,33,0.19,4,0,393.0,0
65,7266.0,14,0.37,5,1,413.0,0
24,3380.0,41,0.64,5,1,264.0,1
21,4330.0,24,0.67,7,0,351.0,0
67,4866.0,26,0.85,1,2,272.0,1
21,6790.0,27,0.47,8,0,483.0,0
23,2156.0,19,0.98,9,0,282.0,1
49,1500.0,40,0.77,2,0,236.0,1
35,7690.0,84,0.04,9,1,474.0,0
54,4936.0,5,0.65,5,1,332.0,0
66,3126.0,18,0.82,7,0,293.0,0
40,5363.0,83,0.79,4,0,380.0,0
46,4135.0,14,0.63,2,1,287.0,1
36,6004.0,15,0.45,5,0,500.0,0
51,3638.0,96,0.01,2,1,326.0,0
31,6610.0,5,0.9,3,0,444.0,0
58,5592.0,65,0.16,7,0,426.0,0
43,6437.0,89,0.32,3,2,378.0,0
69,3820.0,41,0.78,6,0,288.0,1
58,5538.0,86,0.25,6,0,464.0,0
39,2941.0,61,0.66,3,0,271.0,1
69,2887.0,1,0.59,5,0,297.0,0
36,5312.0,34,0.33,1,1,426.0,0
21,4041.0,14,0.5,7,0,379.0,0
52,7505.0,54,0.31,8,0,455.0,0
20,8792.0,47,0.45,1,2,385.0,0
64,5454.0,87,0.17,2,2,391.0,0
44,4347.0,27,0.7,8,1,366.0,0
42,5734.0,51,0.42,6,3,263.0,1
41,1500.0,2,0.09,7,0,339.0,0
21,4238.0,55,0.8,2,1,291.0,1
37,7034.0,67,0.5,8,0,451.0,0
48,1757.0,85,0.88,1,0,312.0,0
30,4864.0,15,0.83,3,0,383.0,0
23,1994.0,73,0.42,4,1,270.0,1
37,8024.0,21,0.72,5,0,525.0,0
60,6321.0,24,0.68,2,0,481.0,0
25,4138.0,69,0.64,5,0,348.0,0
69,1500.0,21,0.19,9,0,323.0,0
69,3622.0,76,0.27,1,0,382.0,0
35,4217.0,1,0.85,2,1,235.0,1
68,7872.0,8,0.13,6,0,484.0,0
48,6996.0,27,0.74,7,1,395.0,0
59,4433.0,26,0.33,7,1,365.0,0
54,2377.0,24,0.18,9,1,263.0,1
48,6142.0,5,0.55,7,0,428.0,0
28,7167.0,43,0.62,4,0,436.0,0
52,5258.0,94,0.28,6,0,427.0,0
25,4727.0,10,0.8,6,1,312.0,0
52,5479.0,7,0.59,6,0,398.0,0
38,4077.0,9,0.76,5,0,363.0,0
37,4834.0,68,0.0,9,1,397.0,0
45,5363.0,2,0.71,3,0,389.0,0
21,4603.0,99,0.38,9,0,390.0,0
20,5786.0,17,0.71,7,0,482.0,0
68,6593.0,5,0.27,2,0,506.0,0
53,4127.0,13,0.64,6,0,327.0,0
46,4461.0,4,0.06,3,2,347.0,0
41,5835.0,40,0.84,2,1,269.0,1
56,6454.0,28,0.76,8,0,389.0,0
41,2808.0,98,0.52,4,0,298.0,0
49,4784.0,62,0.38,4,2,298.0,0
29,3678.0,23,0.02,5,0,407.0,0
67,3116.0,88,0.36,7,1,331.0,0
21,4234.0,47,0.7,1,0,340.0,0
22,3588.0,39,0.39,5,0,409.0,0
58,2602.0,10,0.86,6,0,268.0,0
65,6262.0,93,0.15,8,0,473.0,0
59,6654.0,72,0.21,6,0,471.0,0
29,5105.0,18,0.39,4,0,418.0,0
60,4328.0,30,0.77,9,0,362.0,0
54,4907.0,3,0.22,5,2,300.0,0
56,2670.0,38,0.29,3,0,380.0,0
32,8017.0,62,0.89,7,0,463.0,0
20,8114.0,43,0.08,1,0,525.0,0
36,2070.0,92,0.57,6,1,234.0,1
28,5726.0,29,0.36,6,1,398.0,0
44,5029.0,37,0.54,3,0,394.0,0
24,3584.0,9,0.05,7,0,394.0,0
46,2993.0,10,0.29,1,2,222.0,1
66,4837.0,90,0.55,8,0,403.0,0
53,2935.0,14,0.57,7,0,304.0,0
64,6075.0,7,0.42,3,0,434.0,0
56,3831.0,79,0.45,6,2,291.0,1
53,9419.0,11,0.87,1,0,568.0,0
57,8489.0,38,0.53,5,1,446.0,0
54,5961.0,12,0.15,1,0,446.0,0
30,5624.0,57,0.78,3,1,322.0,0
22,4548.0,42,0.49,1,2,294.0,0
41,5519.0,90,0.0,1,0,458.0,0
25,6729.0,66,0.34,2,0,502.0,0
30,3865.0,52,0.3,7,0,370.0,0
43,5575.0,65,0.05,2,1,404.0,0
44,11576.0,23,0.82,7,0,550.0,0
25,9155.0,6,0.91,1,0,484.0,0
66,3504.0,68,0.76,4,0,298.0,0
31,3993.0,27,0.58,6,1,372.0,0
34,6068.0,53,0.2,8,0,480.0,0
63,2043.0,32,0.77,2,1,232.0,0
49,3588.0,63,0.45,3,1,308.0,0
27,1829.0,14,0.04,2,1,280.0,1
34,5311.0,77,0.8,3,0,386.0,0
60,4840.0,26,0.77,9,0,419.0,0
67,5287.0,39,0.05,5,0,399.0,0
66,3454.0,90,0.71,2,0,357.0,0
20,4224.0,99,0.27,5,0,412.0,0
42,4710.0,93,0.91,3,1,310.0,0
21,3450.0,79,0.81,2,1,289.0,1
67,6899.0,9,0.03,5,0,490.0,0
23,2239.0,8,0.15,8,1,253.0,1
59,3046.0,28,0.35,1,0,352.0,0
65,4699.0,8,0.72,3,0,394.0,0
22,5677.0,72,0.42,6,0,437.0,0
50,6404.0,41,0.51,6,1,383.0,0
61,4634.0,72,0.14,5,0,406.0,0
35,2031.0,44,0.93,6,1,215.0,1
62,5617.0,69,0.03,8,0,465.0,0
56,4907.0,60,0.76,2,1,280.0,1
43,6138.0,44,0.51,8,1,390.0,0
55,2375.0,23,0.84,9,2,143.0,1
55,3494.0,50,0.98,8,2,207.0,0
35,4404.0,21,0.58,3,1,316.0,0
44,4896.0,10,0.55,1,0,441.0,0
25,6280.0,16,0.66,6,1,398.0,0
47,2823.0,64,0.83,3,0,298.0,0
29,1500.0,14,0.41,5,1,241.0,1
49,3409.0,82,0.01,5,1,322.0,0
24,2091.0,66,0.2,9,0,323.0,0
21,7116.0,8,0.73,9,0,400.0,0
54,6709.0,37,0.18,1,1,422.0,0
44,4167.0,75,0.08,1,2,339.0,0
68,5289.0,35,0.12,9,0,433.0,0
62,3738.0,45,0.87,3,0,368.0,0
41,5409.0,52,0.3,5,0,443.0,0
44,5788.0,15,0.64,6,1,350.0,0
66,4585.0,50,0.86,3,0,337.0,0
51,5284.0,38,0.55,4,0,401.0,0
45,6372.0,21,0.18,9,0,460.0,0
63,2018.0,46,0.87,2,0,234.0,1
58,5523.0,87,0.93,3,1,371.0,0
21,5738.0,72,0.09,2,0,464.0,0
26,6492.0,89,0.65,2,2,312.0,0
26,8244.0,55,0.73,3,0,479.0,0
30,6738.0,73,0.61,9,1,415.0,0
37,3243.0,34,0.53,4,1,293.0,0
23,2114.0,51,0.73,5,1,248.0,1
21,7061.0,72,0.04,4,1,423.0,0
55,4688.0,46,0.32,4,0,367.0,0
52,6032.0,23,0.62,7,1,346.0,0
69,3845.0,41,0.9,9,0,310.0,0
46,8121.0,59,0.22,3,0,529.0,0
45,1945.0,32,0.85,6,0,275.0,1
41,1500.0,19,0.02,1,1,319.0,0
55,3296.0,63,0.87,7,0,269.0,1
42,4979.0,69,0.62,2,2,259.0,1
58,4123.0,34,0.19,8,0,426.0,0
41,2898.0,18,0.56,5,1,285.0,0
36,4310.0,80,0.23,4,0,420.0,0
65,7258.0,53,0.46,2,1,430.0,0
32,7420.0,98,0.2,4,2,465.0,0
47,5761.0,97,0.56,9,2,344.0,0
40,5482.0,18,0.65,1,0,352.0,0
45,5880.0,92,0.22,9,1,418.0,0
30,1980.0,47,0.89,9,0,282.0,1
68,3737.0,1,0.09,9,0,365.0,0
25,2107.0,69,0.14,3,1,337.0,0
60,6709.0,73,0.24,3,1,461.0,0
24,3520.0,27,0.23,1,0,438.0,0
66,7373.0,58,0.07,4,0,515.0,0
45,5315.0,16,0.74,7,0,402.0,0
35,6994.0,89,0.17,9,1,428.0,0
60,4592.0,44,0.99,5,0,314.0,0
64,3533.0,38,0.6,5,0,351.0,0
52,4507.0,84,0.92,5,0,396.0,0
61,4852.0,54,0.6,4,1,317.0,0
52,6198.0,18,0.06,1,0,473.0,0
35,2321.0,80,0.96,2,1,263.0,1
44,4711.0,19,0.95,3,1,261.0,1
67,2963.0,59,0.25,9,0,354.0,0
27,11373.0,89,0.12,7,0,642.0,0
54,5327.0,57,0.75,5,0,405.0,0
22,4075.0,61,0.43,5,1,377.0,0
46,4262.0,96,0.07,2,1,362.0,0
46,2716.0,93,0.36,9,0,301.0,0
32,5287.0,55,0.73,3,0,387.0,0
63,5525.0,10,0.02,6,0,433.0,0
52,5660.0,65,0.7,5,0,400.0,0
27,3452.0,33,0.23,2,0,393.0,0
26,7383.0,16,0.31,8,0,495.0,0
49,3805.0,34,0.66,2,0,355.0,0
37,4048.0,62,0.43,3,2,265.0,1
57,4788.0,68,0.34,6,0,413.0,0
24,8615.0,94,0.07,4,0,472.0,0
42,4338.0,81,0.39,7,1,352.0,0
53,5841.0,15,0.61,9,1,390.0,0
55,4330.0,19,0.22,5,2,312.0,0
64,3533.0,58,0.9,2,1,290.0,1
67,5611.0,13,0.47,9,0,389.0,0
31,5186.0,21,0.56,1,0,358.0,0
36,2362.0,8,0.22,3,0,314.0,0
47,2042.0,32,0.6,1,0,307.0,0
49,4024.0,97,0.65,9,1,305.0,0
45,7724.0,12,0.56,9,0,505.0,0
50,3784.0,1,0.37,7,3,207.0,1
27,3392.0,34,0.77,5,0,326.0,0
58,4548.0,34,0.96,8,0,318.0,0
60,3371.0,86,0.13,5,1,324.0,0
62,1847.0,60,0.66,2,0,221.0,1
63,4952.0,87,0.05,1,1,366.0,0
23,5602.0,43,0.43,8,2,385.0,0
35,4524.0,18,0.59,3,0,337.0,0
29,6844.0,20,0.46,8,1,413.0,0
64,5682.0,86,0.61,2,0,367.0,0
33,2042.0,60,0.25,6,1,332.0,0
47,2898.0,56,0.39,5,0,377.0,0
54,7314.0,40,0.73,7,1,408.0,0
41,4741.0,56,0.52,8,0,390.0,0
32,4528.0,11,0.73,2,0,373.0,0
43,3560.0,95,0.34,6,1,312.0,0
32,6548.0,89,0.76,8,0,440.0,0
60,4518.0,40,0.84,5,1,308.0,0
56,3993.0,19,0.98,1,1,323.0,0
40,7424.0,25,0.09,1,0,506.0,0
48,2118.0,82,0.77,2,0,345.0,0
34,1500.0,37,0.53,5,0,266.0,1
65,3769.0,93,0.53,2,1,303.0,0
68,6400.0,80,0.17,2,0,478.0,0
55,2452.0,44,0.19,4,0,364.0,0
46,2745.0,32,0.18,2,1,356.0,0
41,9381.0,71,0.08,1,0,532.0,0
60,3145.0,44,0.32,1,0,333.0,0
61,3834.0,18,0.83,4,1,263.0,1
45,2116.0,41,0.57,9,1,220.0,0
31,5426.0,9,0.57,5,0,421.0,0
43,8125.0,96,0.47,3,2,432.0,0
21,5162.0,27,0.4,5,0,421.0,0
43,3639.0,62,0.82,7,0,338.0,0
52,5798.0,81,0.31,8,1,398.0,0
26,7549.0,69,0.37,1,0,507.0,0
32,4641.0,12,0.43,9,1,404.0,0
65,1500.0,99,0.06,9,1,299.0,0
24,2150.0,13,0.63,1,0,290.0,0
44,5588.0,38,0.27,3,1,358.0,0
47,1500.0,50,0.78,5,0,260.0,1
47,6486.0,47,0.64,4,2,305.0,0
24,4619.0,77,0.31,9,0,449.0,0
64,3143.0,73,0.34,4,0,366.0,0
37,7574.0,29,0.42,9,3,335.0,0
55,7342.0,84,0.33,2,3,318.0,0
36,1500.0,67,0.73,3,0,257.0,1
46,1682.0,11,0.55,1,0,289.0,0
41,3209.0,74,0.5,8,0,305.0,0
66,3697.0,3,0.18,9,1,343.0,0
68,2882.0,42,0.48,6,0,336.0,0
20,2757.0,26,0.28,8,0,366.0,0
51,3518.0,4,0.67,6,0,336.0,0
36,4752.0,87,0.25,1,0,393.0,0
47,1610.0,21,0.29,1,1,298.0,0
64,2461.0,11,0.45,8,1,275.0,1
63,8134.0,18,0.85,4,0,444.0,0
42,8934.0,37,0.69,4,1,459.0,0
39,6210.0,54,0.44,6,0,409.0,0
41,3670.0,47,0.28,1,0,377.0,0
42,5746.0,46,0.84,9,0,381.0,0
32,6641.0,78,0.57,4,0,427.0,0
20,3481.0,7,0.77,4,1,318.0,0
58,5270.0,62,0.18,5,0,416.0,0
57,3371.0,77,0.67,3,1,309.0,0
38,5513.0,90,0.54,2,0,406.0,0
40,1999.0,5,0.83,2,1,207.0,0
26,4399.0,91,0.7,2,0,338.0,0
42,5049.0,42,0.74,5,0,440.0,0
27,6002.0,26,0.17,6,1,440.0,0
41,1828.0,45,0.11,9,1,270.0,1
63,7052.0,20,0.36,4,1,432.0,0
56,5512.0,31,0.29,1,2,324.0,0
61,6013.0,40,0.99,5,0,364.0,0
66,8837.0,22,0.97,7,2,366.0,0
56,5515.0,12,0.6,9,0,386.0,0
23,5737.0,25,0.38,8,1,371.0,0
60,4430.0,44,0.4,3,0,387.0,0
31,6042.0,82,0.3,7,0,490.0,0
37,4772.0,66,0.31,4,0,463.0,0
26,4241.0,97,0.16,9,0,398.0,0
54,5547.0,95,0.11,9,0,497.0,0
67,4612.0,9,0.26,6,1,345.0,0
43,2380.0,29,0.47,6,0,315.0,0
57,4631.0,38,0.92,2,1,243.0,1
47,5148.0,95,0.86,1,1,344.0,0
32,4730.0,90,0.16,6,2,304.0,0
25,7673.0,33,0.96,4,1,353.0,0
31,3262.0,73,0.99,5,1,235.0,1
65,4581.0,34,0.98,9,0,334.0,0
41,3979.0,39,0.95,5,0,299.0,0
54,2250.0,87,0.73,4,1,211.0,0
22,6158.0,99,0.81,7,0,425.0,0
38,7692.0,91,0.91,7,0,468.0,0
61,1846.0,43,0.14,3,1,272.0,1
59,2186.0,8,0.04,7,0,320.0,0
51,6706.0,25,0.63,5,0,425.0,0
40,6182.0,49,0.8,3,1,349.0,0
47,6778.0,78,0.42,6,0,441.0,0
52,1691.0,85,0.54,4,0,306.0,0
57,2165.0,58,0.38,5,0,329.0,0
56,3991.0,37,0.68,2,0,400.0,0
37,5746.0,77,0.11,1,1,362.0,0
40,3933.0,76,0.18,5,0,405.0,0
25,3328.0,13,0.63,3,0,323.0,0
42,5289.0,12,0.78,2,0,357.0,0
55,9264.0,1,0.02,5,1,519.0,0
43,5064.0,64,0.08,3,2,300.0,0
40,3528.0,35,0.48,6,0,328.0,0
43,2212.0,54,0.84,1,0,310.0,0
69,4341.0,46,0.48,5,1,365.0,0
60,4288.0,69,1.0,3,0,266.0,0
30,6014.0,79,0.32,6,0,469.0,0
54,4495.0,23,0.14,4,1,351.0,0
56,2792.0,87,0.79,6,0,301.0,0
65,4270.0,40,0.25,4,0,439.0,0
66,4759.0,82,0.44,3,0,460.0,0
69,5485.0,98,0.09,1,0,467.0,0
56,2127.0,45,0.77,6,0,317.0,0
63,6147.0,21,0.12,5,0,486.0,0
54,3450.0,32,0.42,7,0,361.0,0
56,8906.0,94,0.85,5,0,476.0,0
45,2085.0,71,0.04,8,1,317.0,0
48,1529.0,95,0.4,9,0,349.0,0
42,3068.0,37,0.77,5,0,347.0,0
67,4773.0,74,0.5,6,1,344.0,0
33,6266.0,75,0.25,3,0,434.0,0
69,4225.0,63,0.98,4,1,297.0,0
58,2288.0,52,0.74,6,0,271.0,1
27,3811.0,40,0.83,1,2,198.0,1
20,4863.0,18,0.75,4,0,377.0,0
30,5661.0,16,0.04,4,0,502.0,0
33,5768.0,23,0.89,6,0,390.0,0
62,3607.0,97,0.08,5,0,425.0,0
48,7261.0,5,0.34,5,1,444.0,0
55,3399.0,22,0.31,5,0,404.0,0
59,3618.0,55,0.57,5,1,312.0,0
26,6699.0,38,0.52,5,2,270.0,0
26,6103.0,87,0.68,9,0,410.0,0
48,6102.0,12,0.56,9,0,402.0,0
51,6372.0,53,0.29,6,0,469.0,0
51,3149.0,60,0.67,6,1,297.0,0
39,7506.0,3,0.11,8,1,433.0,0
65,3740.0,80,0.49,5,0,375.0,0
34,6406.0,89,0.08,3,2,367.0,0
63,6962.0,76,0.78,3,1,346.0,0
38,3849.0,86,0.04,5,1,306.0,0
47,6110.0,33,0.45,2,1,436.0,0
23,5332.0,79,0.22,8,2,337.0,0
33,7694.0,39,0.29,1,0,518.0,0
45,3632.0,94,0.47,8,1,338.0,0
44,6702.0,82,0.3,5,2,336.0,0
42,4379.0,22,0.35,7,1,353.0,0
52,4807.0,86,0.44,6,0,375.0,0
45,6578.0,47,0.73,6,0,403.0,0
33,6820.0,18,0.37,3,0,493.0,0
20,4264.0,86,0.14,4,0,399.0,0
43,6932.0,14,0.47,7,0,388.0,0
43,4292.0,66,0.33,9,0,424.0,0
58,4890.0,58,0.66,3,0,352.0,0
31,1500.0,18,0.94,2,0,240.0,1
55,5610.0,73,0.99,2,0,402.0,0
46,6382.0,24,0.66,8,0,459.0,0
42,4327.0,7,0.15,1,0,457.0,0
37,7702.0,78,0.6,7,0,532.0,0
53,5583.0,75,0.68,9,0,397.0,0
44,6943.0,24,0.8,8,0,438.0,0
53,4384.0,92,0.02,3,0,402.0,0
49,5699.0,99,0.76,1,1,396.0,0
33,6145.0,82,0.52,1,0,454.0,0
39,3381.0,90,0.78,9,0,360.0,0
51,1500.0,39,0.56,8,1,279.0,0
30,4810.0,46,0.95,6,0,312.0,0
68,3684.0,7,0.29,4,3,245.0,1
68,5024.0,88,0.92,1,0,417.0,0
37,2639.0,61,0.94,6,0,277.0,1
67,6439.0,44,0.94,4,0,385.0,0
22,5992.0,26,0.44,3,2,366.0,0
33,2910.0,96,0.44,8,0,364.0,0
47,6610.0,40,0.6,4,0,411.0,0
30,2096.0,92,0.17,4,1,324.0,0
39,4089.0,24,0.0,6,2,343.0,0
36,5068.0,99,0.2,3,1,356.0,0
45,3993.0,81,0.47,3,0,371.0,0
26,7889.0,79,0.05,4,0,567.0,0
51,7525.0,32,0.75,6,2,314.0,0
20,6893.0,12,0.37,5,2,362.0,0
22,3466.0,11,0.9,2,0,286.0,1
39,6982.0,10,0.78,2,0,409.0,0
35,4888.0,76,0.21,4,0,372.0,0
46,6149.0,23,0.58,3,2,357.0,0
41,6196.0,17,0.26,7,1,445.0,0
51,4391.0,48,0.45,4,0,405.0,0
62,5076.0,55,0.94,1,0,357.0,0
38,3993.0,70,0.31,1,0,347.0,0
38,2636.0,23,0.27,7,1,297.0,0
45,4823.0,73,0.06,9,0,445.0,0
24,3169.0,72,0.62,5,0,358.0,0
48,1500.0,95,0.38,4,1,242.0,0
60,4342.0,20,0.65,8,1,333.0,0
49,2090.0,90,0.76,6,0,238.0,1
35,3792.0,56,0.96,3,0,307.0,0
35,4749.0,44,0.64,5,1,330.0,0
32,5428.0,9,0.51,3,0,402.0,0
21,7669.0,86,0.23,5,2,383.0,0
69,2225.0,43,0.57,9,0,318.0,0
21,5836.0,7,0.65,6,0,416.0,0
52,5151.0,77,0.17,3,0,388.0,0
63,9763.0,84,0.69,4,1,470.0,0
54,6651.0,24,0.52,6,0,504.0,0
44,2736.0,92,0.42,5,0,315.0,0
27,1500.0,22,0.93,6,2,206.0,1
41,3094.0,52,0.4,6,1,279.0,1
59,4704.0,51,0.72,6,0,368.0,0
20,4809.0,71,0.18,2,0,418.0,0
39,3076.0,84,0.13,6,0,377.0,0
23,7325.0,4,0.67,9,1,394.0,0
49,5592.0,68,0.88,2,0,406.0,0
45,4684.0,77,0.93,5,0,401.0,0
63,8209.0,93,0.15,9,1,512.0,0
41,6069.0,80,0.55,1,0,445.0,0
58,5982.0,77,0.15,7,2,339.0,0
52,5649.0,95,0.71,9,0,380.0,0
63,4924.0,25,0.34,8,2,336.0,0
42,1771.0,78,0.49,6,1,246.0,1
27,5292.0,73,0.1,3,0,424.0,0
33,5613.0,36,0.64,3,1,331.0,0
38,2123.0,27,0.68,4,0,290.0,1
30,3947.0,95,0.32,7,0,396.0,0
25,6771.0,27,0.37,8,1,428.0,0
45,6725.0,59,0.23,5,0,454.0,0
41,3558.0,11,0.84,9,2,257.0,1
29,7432.0,46,0.14,5,2,385.0,0
64,10730.0,78,0.27,9,0,581.0,0
63,1500.0,4,0.15,8,0,352.0,0
67,4424.0,19,0.97,3,0,329.0,0
58,9045.0,56,0.79,5,0,445.0,0
44,5919.0,81,0.13,4,1,343.0,0
31,8157.0,45,0.49,5,0,537.0,0
58,7834.0,36,0.14,2,2,438.0,0
20,5109.0,35,0.61,3,1,348.0,0
49,5429.0,70,0.67,1,1,301.0,0
30,5438.0,31,0.44,3,4,224.0,1
53,5127.0,61,0.49,9,0,372.0,0
37,6004.0,86,0.51,5,0,448.0,0
50,4192.0,21,0.63,9,1,349.0,0
24,5408.0,60,0.4,5,1,368.0,0
27,6814.0,37,0.84,7,1,336.0,0
36,3135.0,55,0.31,1,1,265.0,1
55,4236.0,41,0.54,7,0,355.0,0
26,4906.0,12,0.06,7,0,442.0,0
58,5788.0,29,0.28,8,1,396.0,0
44,6238.0,36,0.67,9,1,367.0,0
47,1500.0,62,0.3,7,1,303.0,0
30,2970.0,27,0.72,6,1,269.0,0
36,8012.0,16,0.2,2,0,534.0,0
28,3954.0,14,0.8,2,3,226.0,1
57,5063.0,6,0.68,4,1,307.0,0
23,5703.0,62,0.73,2,0,411.0,0
28,3361.0,19,0.55,4,0,359.0,0
35,9884.0,94,0.51,1,2,447.0,0
64,4720.0,31,0.34,7,0,393.0,0
69,6077.0,36,0.08,1,0,525.0,0
65,3020.0,3,0.41,6,0,391.0,0
33,7996.0,29,0.17,6,3,398.0,0
32,1590.0,82,0.27,4,1,273.0,1
69,6123.0,33,0.1,4,2,348.0,0
63,6862.0,54,0.1,3,0,506.0,0
61,1500.0,31,0.71,3,0,247.0,1
48,3319.0,33,0.79,4,0,339.0,0
54,2555.0,7,0.02,2,1,274.0,1
22,5539.0,42,0.84,3,2,244.0,1
36,5691.0,38,0.74,6,0,419.0,0
42,5631.0,53,0.53,7,0,421.0,0
63,2498.0,37,0.47,2,0,289.0,1
47,3374.0,88,0.57,2,2,283.0,1
21,4223.0,64,1.0,2,0,405.0,0
34,7814.0,82,0.8,7,0,499.0,0
49,3801.0,33,0.38,2,1,319.0,0
49,3934.0,37,0.93,1,0,257.0,1
52,6093.0,97,0.28,5,0,501.0,0
59,6285.0,32,0.43,9,2,344.0,0
34,1500.0,46,0.54,1,0,260.0,1
20,5672.0,39,0.93,8,0,368.0,0
59,4964.0,38,0.32,8,1,381.0,0
22,6241.0,4,0.26,6,1,393.0,0
42,5408.0,10,0.67,5,2,308.0,0
59,6237.0,95,0.67,7,0,441.0,0
67,6719.0,58,0.15,2,0,437.0,0
39,5843.0,69,0.13,2,0,481.0,0
40,6886.0,57,0.33,8,1,410.0,0
26,3348.0,93,0.79,7,2,222.0,1
45,6531.0,43,0.51,3,1,409.0,0
32,6499.0,8,0.07,9,0,535.0,0
27,10406.0,20,0.72,3,0,552.0,0
49,5790.0,97,0.89,6,0,356.0,0
26,1754.0,5,0.07,4,0,356.0,0
30,9466.0,6,0.31,3,0,625.0,0
51,5420.0,47,0.4,9,0,429.0,0
42,3286.0,29,0.15,5,3,261.0,1
64,5793.0,48,0.23,5,0,435.0,0
33,6893.0,71,0.76,8,0,398.0,0
49,5461.0,70,0.18,3,0,395.0,0
22,2726.0,26,0.56,2,1,290.0,1
36,9271.0,43,0.64,5,0,471.0,0
47,6632.0,93,0.42,8,0,449.0,0
58,5657.0,59,0.12,2,1,417.0,0
57,5247.0,98,0.82,8,0,399.0,0
44,4424.0,28,0.67,8,0,383.0,0
49,3542.0,62,0.28,1,0,364.0,0
67,7248.0,90,0.41,2,0,520.0,0
23,5395.0,50,0.4,3,2,330.0,0
32,3305.0,16,0.17,6,0,391.0,0
62,5324.0,75,0.78,6,0,420.0,0
52,5208.0,60,0.81,9,0,325.0,0
27,5390.0,15,0.96,1,1,323.0,0
33,2514.0,48,0.19,5,2,232.0,0
32,5944.0,31,0.9,5,0,443.0,0
34,1500.0,85,0.16,8,1,273.0,1
61,1500.0,66,0.86,2,2,134.0,0
38,3449.0,36,0.51,7,1,301.0,0
23,5837.0,89,0.85,8,0,415.0,0
37,5720.0,16,0.85,2,0,387.0,0
47,7809.0,43,0.15,1,0,483.0,0
33,3972.0,14,0.58,1,0,336.0,0
26,6804.0,59,0.12,5,0,543.0,0
48,5524.0,2,0.09,4,0,468.0,0
48,4099.0,75,0.1,3,1,358.0,0
65,6514.0,61,0.03,7,0,471.0,0
37,6915.0,30,0.78,6,1,374.0,0
47,2696.0,81,0.66,1,0,306.0,0
35,4251.0,5,0.51,7,1,326.0,0
53,6637.0,86,0.12,9,1,410.0,0
43,3798.0,48,0.64,4,1,285.0,0
42,6482.0,72,0.39,7,0,465.0,0
65,5870.0,31,0.98,4,1,324.0,0
34,4484.0,42,0.82,2,1,267.0,1
50,4522.0,11,0.31,8,0,334.0,0
61,4579.0,91,0.89,5,1,276.0,1
27,5070.0,78,0.71,5,0,318.0,0
31,4124.0,88,0.06,9,0,435.0,0
45,3743.0,67,0.64,8,0,307.0,0
61,4599.0,88,0.68,1,1,345.0,0
36,3991.0,5,0.78,6,1,287.0,1
56,2714.0,77,0.67,8,2,230.0,1
37,4012.0,44,0.03,1,1,329.0,0
61,2138.0,30,0.02,5,3,218.0,1
50,6386.0,21,0.07,3,1,475.0,0
54,3601.0,7,0.63,3,3,168.0,1
53,3202.0,41,1.0,7,2,177.0,0
22,5182.0,14,0.01,7,0,507.0,0
58,7988.0,88,0.61,8,1,474.0,0
61,7287.0,7,0.11,6,1,488.0,0
62,4107.0,97,0.27,9,0,430.0,0
43,6583.0,53,0.55,6,1,404.0,0
28,4362.0,20,0.65,7,1,353.0,0
57,4397.0,20,0.33,1,0,377.0,0
62,8411.0,85,0.36,5,0,475.0,0
37,3554.0,56,0.23,2,0,379.0,0
51,2694.0,36,0.79,6,1,252.0,1
57,3472.0,42,0.02,9,0,384.0,0
67,4874.0,83,0.67,1,0,327.0,0
26,3461.0,64,0.42,1,0,321.0,0
35,5751.0,31,0.09,4,1,401.0,0
54,5301.0,15,0.08,3,1,406.0,0
44,5052.0,24,0.77,9,0,371.0,0
41,2827.0,2,0.06,9,0,338.0,0
69,5015.0,46,0.32,1,1,403.0,0
69,5048.0,92,0.72,9,0,381.0,0
39,2775.0,46,0.19,3,0,352.0,0
34,5951.0,55,0.58,4,0,379.0,0
62,3165.0,40,0.26,4,2,250.0,0
69,6717.0,64,0.26,4,0,473.0,0
66,8096.0,6,0.34,3,3,383.0,0
49,4774.0,93,0.3,9,2,325.0,0
54,8369.0,59,0.47,5,1,491.0,0
29,4549.0,14,0.51,7,0,354.0,0
52,4645.0,81,0.61,3,0,401.0,0
22,4696.0,7,0.75,2,0,367.0,0
62,5501.0,56,1.0,4,1,283.0,0
39,3851.0,44,0.46,8,0,413.0,0
65,5534.0,38,0.09,3,0,388.0,0
42,5327.0,45,0.62,2,0,418.0,0
31,6688.0,94,0.43,4,0,427.0,0
67,2786.0,28,0.81,2,1,278.0,1
22,7620.0,84,0.65,4,0,418.0,0
45,4577.0,62,0.92,5,0,329.0,0
24,1500.0,85,0.13,3,1,279.0,1
35,3159.0,38,0.12,9,0,384.0,0
35,7840.0,99,0.77,6,2,359.0,0
50,2377.0,48,0.0,2,1,327.0,0
48,1864.0,2,0.65,3,2,204.0,1
29,6442.0,62,0.12,3,1,351.0,0
59,6452.0,83,0.49,8,0,472.0,0
31,8113.0,30,0.96,8,0,502.0,0
46,4850.0,42,0.56,3,2,301.0,0
32,3070.0,14,0.96,7,1,231.0,1
21,4975.0,25,0.27,7,1,381.0,0
57,5067.0,7,0.04,7,1,372.0,0
59,4190.0,42,0.49,7,1,297.0,0
36,5515.0,57,0.07,3,1,387.0,0
43,7271.0,47,0.71,2,0,408.0,0
41,4130.0,13,0.41,2,0,355.0,0
49,4173.0,81,0.64,7,1,283.0,1
31,3282.0,17,0.55,8,1,281.0,1
66,8612.0,22,0.29,9,1,452.0,0
53,2431.0,60,0.26,8,0,365.0,0
42,7740.0,83,0.59,2,0,481.0,0
69,1500.0,30,0.23,3,1,216.0,1
62,4692.0,57,0.72,3,1,295.0,0
56,5633.0,48,0.07,6,1,401.0,0
21,7420.0,18,0.52,9,0,467.0,0
40,2220.0,41,0.4,6,0,332.0,0
46,5545.0,18,0.94,4,1,315.0,0
32,3674.0,99,0.33,5,0,362.0,0
20,2672.0,79,0.85,4,1,249.0,0
28,3044.0,3,0.06,8,1,374.0,0
57,6172.0,78,0.97,4,1,345.0,0
31,9883.0,3,0.63,7,0,523.0,0
56,4630.0,14,0.83,1,0,367.0,0
46,5654.0,72,0.4,2,0,405.0,0
43,6784.0,1,0.38,2,0,505.0,0
51,6507.0,7,0.96,6,0,390.0,0
58,7505.0,69,0.76,7,1,382.0,0
55,6220.0,57,0.29,5,0,444.0,0
68,8801.0,60,0.34,6,0,530.0,0
63,8566.0,43,0.57,8,0,501.0,0
49,4495.0,43,0.4,5,0,447.0,0
53,6159.0,32,0.14,1,1,441.0,0
42,1500.0,82,0.51,2,2,179.0,1
36,4130.0,54,0.05,3,0,410.0,0
42,4482.0,87,0.98,8,1,317.0,0
48,7111.0,5,0.53,7,0,486.0,0
50,2018.0,17,0.86,2,0,293.0,0
68,3350.0,26,0.13,2,0,400.0,0
66,3731.0,7,0.11,8,0,388.0,0
38,6250.0,91,0.19,6,1,448.0,0
48,2289.0,1,0.71,4,2,199.0,1
60,4101.0,91,0.74,1,1,281.0,1
68,6225.0,44,0.4,8,2,327.0,0
38,5038.0,40,0.54,7,1,350.0,0
20,6325.0,34,0.03,4,0,491.0,0
34,1500.0,39,0.09,1,0,339.0,0
42,1967.0,35,0.05,5,1,286.0,0
22,6367.0,18,0.47,6,1,400.0,0
38,6981.0,76,0.84,3,0,372.0,0
63,5072.0,77,0.11,4,1,460.0,0
22,2754.0,39,0.25,1,2,300.0,0
53,5538.0,4,0.28,3,1,349.0,0
35,5674.0,4,0.68,1,0,403.0,0
67,5756.0,34,0.88,4,0,396.0,0
37,3110.0,48,0.38,6,0,300.0,0
26,8575.0,37,0.4,2,0,516.0,0
57,1500.0,86,0.22,4,0,305.0,0
44,7189.0,55,0.48,3,0,502.0,0
64,8839.0,77,0.15,1,0,549.0,0
35,7670.0,70,0.37,3,0,456.0,0
30,4924.0,4,0.55,5,0,415.0,0
56,4568.0,82,0.05,5,0,451.0,0
56,4019.0,1,0.18,1,0,447.0,0
49,4140.0,72,0.19,9,3,327.0,0
64,5807.0,41,0.45,1,1,352.0,0
48,1500.0,15,0.35,7,0,317.0,0
66,5158.0,69,0.55,1,1,272.0,1
39,6567.0,87,0.03,5,0,490.0,0
53,2693.0,26,0.18,9,0,345.0,0
32,8328.0,79,0.5,1,0,477.0,0
37,5640.0,88,0.41,8,1,367.0,0
43,8684.0,35,0.13,1,0,557.0,0
36,4255.0,3,0.3,5,0,393.0,0
35,1500.0,1,0.66,8,0,362.0,0
64,5961.0,88,0.15,4,0,460.0,0
42,6713.0,94,0.85,5,0,403.0,0
31,5019.0,75,0.5,5,1,382.0,0
57,2098.0,52,0.59,4,0,336.0,0
24,5007.0,88,0.75,6,0,417.0,0
50,1871.0,35,0.19,2,0,299.0,0
36,1839.0,29,0.16,7,0,363.0,0
61,5973.0,97,0.86,5,0,391.0,0
25,3904.0,29,0.63,3,0,342.0,0
54,1500.0,7,0.22,1,1,292.0,0
20,7465.0,84,0.58,3,2,345.0,0
37,7581.0,91,0.26,8,0,484.0,0
44,2668.0,17,0.27,6,1,309.0,0
36,4147.0,81,0.41,2,1,316.0,0
31,2555.0,89,0.85,1,1,293.0,0
64,8506.0,6,0.29,8,0,533.0,0
26,3334.0,61,0.22,8,1,349.0,0
61,3449.0,91,0.38,6,1,343.0,0
61,1500.0,96,0.27,8,0,344.0,0
50,4713.0,19,0.28,8,0,374.0,0
56,4805.0,96,0.95,7,0,350.0,0
41,4385.0,75,0.1,6,1,346.0,0
43,4623.0,37,0.83,2,0,370.0,0
48,7731.0,30,0.51,2,0,503.0,0
24,2545.0,69,0.04,1,1,288.0,1
46,4680.0,14,0.58,1,0,409.0,0
34,5922.0,96,0.08,1,0,466.0,0
54,3232.0,43,0.12,2,1,331.0,0
33,4485.0,31,0.63,9,0,360.0,0
28,6797.0,22,0.6,8,0,465.0,0
21,7114.0,56,0.44,7,0,477.0,0
26,6283.0,44,0.74,9,0,459.0,0
63,2091.0,27,0.79,2,0,272.0,0
22,5889.0,79,0.75,8,1,343.0,0
40,4257.0,6,0.55,6,0,358.0,0
30,3375.0,62,0.25,4,0,411.0,0
47,8085.0,30,0.54,6,2,358.0,0
25,7359.0,90,0.94,2,0,437.0,0
40,2265.0,8,0.25,8,1,274.0,1
35,4267.0,70,0.77,9,0,365.0,0
44,5241.0,15,0.91,3,2,221.0,1
32,2984.0,42,0.1,2,0,379.0,0
63,4710.0,72,0.1,4,0,425.0,0
44,4884.0,97,0.36,5,0,433.0,0
22,1500.0,83,0.89,5,2,155.0,1
42,4835.0,79,0.3,4,1,343.0,0
33,4219.0,83,0.04,3,0,381.0,0
65,7596.0,52,0.58,2,0,461.0,0
62,5278.0,67,0.68,6,0,381.0,0
47,5302.0,51,0.33,9,1,366.0,0
29,7040.0,25,0.39,3,1,426.0,0
65,5673.0,93,0.29,4,0,455.0,0
69,4389.0,48,0.52,7,0,337.0,0
33,5389.0,18,0.76,8,1,315.0,0
21,2634.0,15,0.54,2,3,154.0,1
58,2697.0,9,0.75,3,1,183.0,1
33,6027.0,91,0.72,6,0,414.0,0
53,5610.0,42,0.08,2,2,406.0,0
55,1500.0,66,0.67,9,0,302.0,0
47,7549.0,7,0.95,7,0,425.0,0
34,5755.0,18,0.43,6,2,320.0,0
67,6906.0,25,0.08,8,0,481.0,0
62,4672.0,44,0.14,9,1,394.0,0
67,6207.0,34,0.22,9,1,425.0,0
67,2375.0,41,0.03,9,0,349.0,0
56,2965.0,15,0.26,7,0,361.0,0
64,5499.0,23,0.58,1,0,427.0,0
33,5854.0,6,0.51,7,0,446.0,0
23,4981.0,24,0.33,2,0,414.0,0
45,8880.0,62,0.58,1,0,514.0,0
36,4658.0,6,0.25,8,0,392.0,0
59,5410.0,97,0.15,1,0,483.0,0
56,7287.0,81,0.03,4,0,511.0,0
35,10198.0,28,0.67,2,1,492.0,0
34,3110.0,48,0.91,8,2,176.0,0
39,1500.0,13,0.93,2,0,263.0,1
27,6619.0,16,0.36,3,0,405.0,0
69,8107.0,88,0.6,5,0,493.0,0
60,4887.0,86,0.15,6,1,387.0,0
36,1989.0,46,0.39,7,0,318.0,0
65,1590.0,48,0.58,1,2,193.0,1
56,5664.0,42,1.0,8,1,326.0,0
62,3244.0,6,0.64,9,0,352.0,0
68,1500.0,37,0.42,8,0,383.0,0
30,3515.0,3,0.51,3,1,294.0,0
34,3764.0,83,0.32,2,0,398.0,0
45,1932.0,81,0.71,2,0,296.0,0
61,2692.0,45,0.7,2,2,214.0,1
45,3555.0,84,0.26,2,1,294.0,0
26,8525.0,66,0.65,7,1,448.0,0
60,6872.0,71,0.58,3,0,477.0,0
21,3195.0,86,0.39,3,0,351.0,0
61,7113.0,61,0.76,4,2,317.0,0
23,4851.0,7,0.07,6,0,403.0,0
63,4148.0,70,0.09,4,0,443.0,0
46,2335.0,12,0.24,7,0,387.0,0
54,1860.0,75,0.82,3,1,262.0,1
21,6776.0,45,0.55,7,0,411.0,0
48,6280.0,54,0.92,3,0,399.0,0
47,3142.0,39,0.09,4,0,345.0,0
44,3785.0,37,0.7,6,0,369.0,0
46,7239.0,40,0.77,3,0,487.0,0
38,3988.0,69,0.7,7,1,319.0,0
26,4860.0,44,0.56,4,1,303.0,0
51,4316.0,79,0.83,2,0,293.0,0
61,6308.0,63,0.82,4,0,409.0,0
35,6143.0,92,0.47,6,0,413.0,0
60,3557.0,13,0.84,3,0,306.0,0
62,2019.0,79,0.32,5,0,349.0,0
21,1511.0,3,0.38,8,1,262.0,0
69,4597.0,37,0.26,7,2,268.0,0
25,6886.0,91,0.07,6,0,525.0,0
37,3044.0,68,0.36,7,0,387.0,0
30,5816.0,49,0.37,6,0,432.0,0
27,2652.0,11,0.21,9,0,387.0,0
27,4191.0,67,0.61,3,0,372.0,0
65,6976.0,40,0.8,5,1,349.0,0
22,5729.0,6,0.71,6,0,411.0,0
65,5298.0,24,0.74,1,0,369.0,0
35,3845.0,39,0.1,2,1,345.0,0
37,4927.0,91,0.04,6,0,462.0,0
32,1500.0,52,0.1,2,0,330.0,0
44,5171.0,79,0.68,3,1,396.0,0
52,5484.0,93,0.98,1,0,385.0,0
66,6068.0,75,0.61,4,1,420.0,0
41,7096.0,33,0.15,6,0,511.0,0
64,5856.0,58,0.49,9,0,407.0,0
37,2583.0,40,0.86,1,3,139.0,1
33,4139.0,73,0.53,1,1,308.0,0
32,5738.0,47,0.88,1,0,343.0,0
37,5735.0,17,0.97,2,0,419.0,0
23,7745.0,79,0.47,3,0,516.0,0
34,7545.0,13,0.82,8,0,500.0,0
29,3936.0,12,0.43,9,1,352.0,0
61,5626.0,61,0.2,8,2,401.0,0
33,6174.0,90,0.21,1,0,470.0,0
69,6831.0,18,0.18,4,0,531.0,0
46,4771.0,83,0.64,4,0,362.0,0
39,3279.0,22,0.36,1,0,375.0,0
61,7194.0,47,0.06,4,0,571.0,0
66,5348.0,22,0.96,7,1,274.0,1
61,8462.0,48,0.27,3,1,502.0,0
28,5343.0,95,0.6,8,2,326.0,0
22,3354.0,78,0.95,1,2,185.0,0
28,3282.0,87,0.78,6,0,323.0,0
32,3315.0,27,0.78,2,1,278.0,1
59,2745.0,92,0.46,8,1,250.0,0
28,4986.0,67,0.97,5,1,294.0,0
66,5233.0,28,0.31,2,2,331.0,0
25,5374.0,29,0.08,1,0,465.0,0
59,5088.0,17,0.64,5,1,377.0,0
56,4312.0,37,0.57,8,0,352.0,0
69,4944.0,31,1.0,8,0,369.0,0
59,6238.0,28,0.29,4,0,455.0,0
32,3188.0,1,0.4,8,1,319.0,0
27,2714.0,70,0.82,8,0,267.0,1
44,8233.0,84,0.64,1,1,461.0,0
46,6777.0,31,0.88,5,0,421.0,0
45,6908.0,69,0.65,4,0,453.0,0
60,3404.0,37,0.16,4,1,353.0,0
50,5330.0,80,0.73,8,0,412.0,0
27,6334.0,77,0.98,9,2,303.0,0
64,7166.0,63,0.64,6,0,434.0,0
31,7010.0,10,0.95,7,0,418.0,0
68,5863.0,47,0.66,6,0,367.0,0
22,3467.0,86,0.21,7,0,369.0,0
47,3262.0,47,0.45,5,0,383.0,0
51,4644.0,46,0.16,6,2,303.0,0
28,6988.0,59,0.02,7,1,419.0,0
41,2271.0,80,0.8,4,2,191.0,1
47,5876.0,66,0.51,3,1,395.0,0
21,6049.0,18,0.41,9,0,354.0,0
27,4213.0,45,0.69,7,0,318.0,0
22,3897.0,84,0.35,8,0,350.0,0
58,3288.0,5,0.65,2,0,296.0,0
46,5370.0,71,0.76,5,1,318.0,0
49,2364.0,79,0.22,6,0,381.0,0
28,1500.0,50,0.95,4,1,179.0,1
61,3551.0,68,0.68,2,0,327.0,0
67,6293.0,36,0.01,3,0,464.0,0
24,5384.0,38,0.71,6,1,324.0,0
62,5041.0,89,0.01,2,2,410.0,0
48,7327.0,1,0.53,5,1,444.0,0
69,6050.0,84,0.64,9,1,326.0,0
30,5720.0,98,0.18,3,0,457.0,0
45,1500.0,5,0.95,7,1,197.0,1
55,5096.0,8,0.48,3,1,351.0,0
49,6644.0,79,0.99,3,1,320.0,0
54,5877.0,17,0.19,8,0,465.0,0
55,1980.0,80,0.27,9,0,337.0,0
62,5923.0,36,0.85,7,1,331.0,0
69,3275.0,91,0.92,6,0,323.0,0
27,7781.0,59,0.6,5,1,402.0,0
64,2204.0,68,0.34,7,2,250.0,1
43,5158.0,76,0.8,4,0,396.0,0
62,5339.0,36,0.3,8,0,435.0,0
41,5949.0,26,0.53,6,1,441.0,0
68,6637.0,63,0.91,4,1,391.0,0
66,4424.0,21,0.27,9,0,362.0,0
41,2345.0,62,0.74,4,0,302.0,0
69,9810.0,4,0.69,1,0,494.0,0
30,3379.0,59,0.6,6,0,329.0,0
65,4891.0,58,0.59,5,0,387.0,0
66,5837.0,81,0.52,7,0,406.0,0
46,1500.0,41,0.99,8,0,289.0,1
25,5531.0,47,0.92,9,0,390.0,0
20,7386.0,59,0.29,3,0,482.0,0
50,4040.0,11,0.73,1,1,288.0,1
45,7149.0,1,0.22,9,1,442.0,0
58,1669.0,34,0.76,1,0,272.0,0
38,5472.0,85,0.68,6,1,362.0,0
60,8696.0,77,0.38,6,0,613.0,0
42,6713.0,67,0.29,9,0,474.0,0
50,4354.0,85,0.03,3,0,438.0,0
32,4930.0,78,0.4,4,1,383.0,0
50,3526.0,1,0.09,8,1,378.0,0
66,3907.0,46,0.79,7,0,303.0,0
67,5045.0,11,0.68,1,0,365.0,0
48,3694.0,37,0.88,3,0,333.0,0
28,6377.0,58,0.04,9,0,500.0,0
43,1500.0,47,0.2,3,1,243.0,1
42,2282.0,30,0.45,7,0,324.0,0
23,5281.0,11,0.2,6,2,369.0,0
51,4277.0,90,0.56,7,0,359.0,0
68,2551.0,60,0.89,6,0,348.0,0
44,3572.0,50,0.04,3,0,383.0,0
66,3332.0,2,0.52,7,0,343.0,0
38,3027.0,30,0.95,6,0,292.0,0
35,7058.0,75,0.75,6,0,453.0,0
65,2570.0,86,0.16,4,0,342.0,0
43,3228.0,29,0.49,7,0,399.0,0
58,1500.0,29,0.03,1,0,311.0,0
58,3362.0,77,0.2,1,0,400.0,0
40,5180.0,33,0.08,9,0,393.0,0
62,7123.0,76,0.54,6,1,430.0,0
33,1507.0,3,0.47,3,2,219.0,1
43,3550.0,25,0.54,7,1,335.0,0
40,4231.0,18,0.2,8,0,388.0,0
66,5196.0,45,0.67,6,1,334.0,0
22,4870.0,37,0.32,3,0,399.0,0
51,6005.0,79,0.65,3,0,401.0,0
60,5018.0,77,0.81,9,1,253.0,1
69,5885.0,65,0.9,6,1,374.0,0
69,3475.0,91,0.81,7,1,297.0,0
45,7578.0,73,0.1,9,0,475.0,0
48,5032.0,50,0.37,5,0,391.0,0
69,4635.0,62,0.35,3,0,356.0,0
29,5643.0,5,0.41,7,0,411.0,0
44,4834.0,75,0.99,3,0,318.0,0
25,4185.0,23,0.51,5,1,303.0,0
45,5001.0,3,0.71,6,0,377.0,0
38,3329.0,13,0.22,8,0,413.0,0
27,9005.0,62,0.64,9,0,533.0,0
38,4542.0,90,0.12,1,0,422.0,0
34,4885.0,80,0.91,7,0,365.0,0
57,4581.0,77,0.32,5,0,404.0,0
30,7019.0,98,0.9,8,1,411.0,0
63,4296.0,37,0.8,6,0,315.0,0
42,4662.0,49,0.92,8,1,267.0,1
45,5503.0,62,0.52,2,1,339.0,0
68,7781.0,80,0.8,4,0,490.0,0
40,3070.0,46,0.26,7,0,395.0,0
31,4085.0,24,0.04,9,2,363.0,0
21,6237.0,30,0.12,4,0,481.0,0
44,9074.0,17,0.46,7,0,538.0,0
37,6634.0,3,0.01,4,0,508.0,0
36,3064.0,1,0.2,4,2,304.0,0
33,5287.0,50,0.66,1,0,356.0,0
53,5089.0,33,0.81,5,0,379.0,0
40,4559.0,62,0.42,4,0,389.0,0
37,4160.0,14,0.29,7,0,405.0,0
61,1500.0,56,0.7,1,0,279.0,1
54,4336.0,39,0.74,1,0,342.0,0
39,6020.0,95,0.55,4,0,425.0,0
33,5463.0,23,0.67,3,1,404.0,0
53,4883.0,62,0.7,5,0,345.0,0
32,5492.0,96,0.45,4,1,355.0,0
34,3935.0,88,0.04,7,0,392.0,0
60,3936.0,78,0.8,3,0,421.0,0
48,6031.0,40,0.87,2,1,393.0,0
65,7504.0,84,0.06,4,0,489.0,0
58,4843.0,29,0.64,6,0,347.0,0
58,5490.0,82,0.15,8,0,479.0,0
64,4232.0,35,0.25,2,1,333.0,0
65,4859.0,88,0.2,2,0,402.0,0
28,5626.0,70,0.23,7,1,383.0,0
69,1500.0,70,0.33,6,0,286.0,1
48,4391.0,22,0.17,6,0,355.0,0
42,3738.0,50,0.29,3,0,326.0,0
41,6585.0,48,0.87,2,0,436.0,0
27,7060.0,37,0.41,2,0,485.0,0
40,2760.0,27,0.22,1,0,339.0,0
33,2182.0,54,0.32,1,0,333.0,0
58,7647.0,92,0.54,7,0,561.0,0
34,1665.0,57,0.73,8,0,283.0,1
34,5669.0,54,0.29,4,0,352.0,0
35,6552.0,95,0.74,1,1,404.0,0
45,4515.0,43,0.16,8,0,373.0,0
24,5874.0,26,0.96,1,0,385.0,0
32,1500.0,57,0.64,9,0,330.0,0
58,3017.0,2,0.24,1,0,361.0,0
69,4243.0,28,0.98,2,1,262.0,1
29,5222.0,95,0.65,8,0,359.0,0
57,6484.0,19,0.94,9,1,367.0,0
67,5463.0,50,0.2,1,0,462.0,0
63,6992.0,57,1.0,1,1,326.0,0
32,6287.0,11,0.45,3,2,304.0,0
32,4843.0,44,0.5,6,0,410.0,0
35,4278.0,70,0.54,8,0,370.0,0
42,8825.0,96,0.06,9,1,477.0,0
65,1500.0,75,0.77,8,1,233.0,1
54,7150.0,87,0.11,9,0,429.0,0
42,7932.0,84,0.83,3,3,310.0,0
57,5179.0,49,0.11,7,0,479.0,0
39,4544.0,12,0.88,2,0,380.0,0
21,4915.0,28,0.63,3,0,386.0,0
62,6359.0,47,0.45,9,1,357.0,0
22,6619.0,13,0.58,8,0,433.0,0
62,6276.0,44,0.86,2,0,402.0,0
22,5395.0,24,0.94,2,0,329.0,0
23,3311.0,45,0.33,9,2,276.0,1
21,2284.0,50,0.45,8,0,287.0,1
63,5629.0,33,0.44,6,3,233.0,1
53,3381.0,51,0.42,4,0,342.0,0
53,5874.0,11,0.83,9,1,309.0,0
23,5439.0,49,0.26,1,0,463.0,0
45,8609.0,38,0.68,6,0,534.0,0
32,4118.0,49,0.24,6,0,310.0,0
37,3435.0,32,0.98,3,0,345.0,0
47,5519.0,19,0.48,1,0,380.0,0
68,4453.0,37,0.37,7,1,351.0,0
40,8385.0,83,0.33,3,1,513.0,0
33,1500.0,3,0.93,6,0,243.0,1
22,4198.0,73,0.83,8,0,287.0,1
27,1500.0,92,0.45,7,0,311.0,0
38,6435.0,61,0.65,9,0,390.0,0
53,3128.0,3,0.8,4,0,324.0,0
58,3678.0,89,0.83,7,0,350.0,0
68,5463.0,48,0.8,4,0,342.0,0
69,5195.0,93,0.44,1,0,470.0,0
21,4599.0,28,0.12,4,0,426.0,0
63,7255.0,57,0.1,3,0,500.0,0
35,6352.0,70,0.89,8,2,209.0,1
21,2158.0,49,0.8,8,0,260.0,1
45,4789.0,69,0.51,8,0,374.0,0
33,4369.0,9,0.63,4,1,345.0,0
59,4237.0,41,0.37,7,1,376.0,0
23,4997.0,48,0.77,1,0,359.0,0
43,7632.0,90,0.87,4,1,397.0,0
37,4378.0,45,0.62,1,1,363.0,0
37,7135.0,76,0.52,7,0,456.0,0
58,4977.0,7,0.37,7,0,375.0,0
55,3964.0,25,0.81,7,2,240.0,1
66,5129.0,19,0.3,4,1,378.0,0
39,6618.0,52,0.79,3,3,262.0,0
61,5748.0,96,0.21,4,0,454.0,0
27,2328.0,10,0.54,7,0,375.0,0
47,1858.0,28,0.11,5,1,326.0,0
37,6526.0,20,0.37,9,2,346.0,0
69,4482.0,29,0.76,7,1,268.0,1
26,5340.0,53,0.81,9,1,295.0,0
57,4006.0,29,0.8,2,1,245.0,1
59,5543.0,88,0.96,6,0,389.0,0
58,3773.0,41,0.81,3,2,218.0,0
34,4464.0,81,0.33,2,0,398.0,0
63,4973.0,61,0.88,7,1,330.0,0
61,4490.0,37,0.03,9,2,369.0,0
65,6215.0,71,0.59,6,1,370.0,0
29,7867.0,23,0.21,6,0,561.0,0
24,6374.0,44,0.91,6,0,383.0,0
32,3648.0,10,0.59,5,0,353.0,0
57,5221.0,9,0.91,7,0,360.0,0
48,2498.0,48,0.45,5,0,331.0,0
25,8085.0,65,0.83,2,0,403.0,0
33,4353.0,92,0.17,9,1,301.0,0
25,3687.0,10,0.94,2,2,212.0,1
69,4305.0,67,0.9,3,1,298.0,0
42,3131.0,25,0.34,8,0,330.0,0
38,4022.0,55,0.37,6,0,358.0,0
25,1516.0,37,0.7,5,0,255.0,1
31,4829.0,90,0.73,9,1,302.0,0
27,6425.0,74,0.84,9,0,439.0,0
45,5798.0,14,0.64,2,1,349.0,0
54,7558.0,45,0.59,4,1,442.0,0
60,3351.0,38,0.87,5,1,289.0,1
38,5713.0,29,0.9,4,1,348.0,0
41,4333.0,49,0.17,2,0,402.0,0
66,3229.0,77,0.52,2,0,315.0,0
54,6294.0,58,0.83,2,1,278.0,1
31,4987.0,66,0.47,8,1,280.0,1
36,5315.0,32,0.94,4,0,360.0,0
61,8028.0,23,0.36,6,0,569.0,0
28,7458.0,75,0.81,2,1,415.0,0
55,5539.0,44,0.85,6,1,352.0,0
23,2989.0,68,0.92,8,2,183.0,0
50,2036.0,54,0.63,7,0,281.0,0
34,4550.0,22,0.5,8,0,431.0,0
69,7868.0,1,0.75,2,1,434.0,0
40,5418.0,89,0.8,1,0,334.0,0
47,4053.0,97,0.28,1,0,367.0,0
27,7760.0,94,0.93,5,0,472.0,0
46,2500.0,45,0.25,6,0,380.0,0
32,3325.0,59,0.34,8,0,364.0,0
55,3820.0,32,0.38,9,0,385.0,0
55,4630.0,78,0.89,7,1,312.0,0
58,3729.0,37,0.92,9,0,265.0,1
47,2925.0,5,0.33,8,0,371.0,0
37,3583.0,26,0.08,4,1,307.0,0
68,4722.0,82,0.98,9,1,217.0,1
45,3040.0,60,0.22,3,0,319.0,0
30,2503.0,51,0.7,3,0,326.0,0
33,11197.0,27,0.72,9,1,505.0,0
59,1500.0,19,0.67,3,1,271.0,0
31,9038.0,58,0.91,8,1,412.0,0
47,3850.0,97,0.64,5,0,382.0,0
54,10986.0,54,0.01,4,0,639.0,0
24,7590.0,19,0.82,8,0,431.0,0
58,3634.0,4,0.31,4,0,402.0,0
41,6111.0,81,0.43,2,0,457.0,0
60,3718.0,92,0.64,7,0,340.0,0
52,4098.0,28,0.24,8,1,396.0,0
53,5669.0,59,0.11,2,0,465.0,0
30,6952.0,41,0.75,2,0,416.0,0
56,8371.0,4,0.63,5,0,524.0,0
68,1500.0,46,0.77,6,0,293.0,0
64,1500.0,49,0.09,2,3,185.0,1
54,4854.0,51,0.32,8,0,417.0,0
55,7080.0,29,0.8,7,0,437.0,0
68,5043.0,72,0.16,9,2,391.0,0
23,6744.0,32,0.23,3,0,485.0,0
28,4733.0,21,0.15,3,0,385.0,0
21,7213.0,49,0.91,7,0,447.0,0
69,7541.0,16,0.19,8,1,455.0,0
64,2507.0,64,0.51,8,0,361.0,0
22,9242.0,6,0.65,5,0,538.0,0
22,6952.0,25,0.06,4,0,483.0,0
64,4816.0,31,0.04,3,1,368.0,0
27,4502.0,51,0.84,1,1,321.0,0
50,3550.0,52,0.74,2,0,343.0,0
33,6095.0,82,0.11,6,1,440.0,0
22,1500.0,52,0.53,5,0,344.0,0
31,6499.0,25,0.82,9,0,395.0,0
58,1500.0,42,0.86,4,0,238.0,1
49,7126.0,54,0.66,3,2,319.0,0
66,4649.0,17,0.67,3,0,375.0,0
66,1500.0,34,0.12,9,0,339.0,0
53,6964.0,87,0.46,6,0,425.0,0
51,6217.0,46,0.86,3,0,405.0,0
22,7590.0,73,0.33,8,0,490.0,0
65,6820.0,93,0.9,3,1,306.0,0
60,3088.0,23,0.12,5,0,367.0,0
34,5124.0,51,0.93,2,0,364.0,0
33,1773.0,80,0.97,3,1,174.0,1
64,1500.0,77,0.57,5,2,150.0,1
65,1500.0,63,0.7,5,0,257.0,1
42,4217.0,40,0.05,4,0,425.0,0
26,1500.0,49,0.73,4,1,232.0,1
36,5790.0,93,0.56,8,1,368.0,0
28,3729.0,59,0.8,9,2,228.0,1
54,3303.0,5,0.67,7,0,365.0,0
30,5416.0,97,0.43,8,1,416.0,0
45,10205.0,29,0.56,8,0,565.0,0
39,2341.0,43,0.01,6,1,310.0,0
26,5932.0,87,0.21,5,0,466.0,0
56,4249.0,89,0.72,9,0,295.0,0
48,1727.0,87,0.38,4,2,251.0,1
31,7719.0,25,0.73,4,0,470.0,0
56,10176.0,89,0.91,6,0,508.0,0
43,6341.0,52,0.43,5,0,449.0,0
36,3347.0,92,0.24,5,1,327.0,0
58,4049.0,48,0.09,4,0,436.0,0
56,3365.0,17,0.63,5,0,354.0,0
56,9296.0,40,0.48,8,0,560.0,0
26,3506.0,63,0.9,3,0,262.0,1
56,5619.0,1,0.15,8,0,457.0,0
38,7491.0,77,0.33,8,0,461.0,0
52,5575.0,74,0.02,5,0,452.0,0
29,4132.0,91,0.06,6,0,402.0,0
35,4664.0,87,0.47,1,0,383.0,0
22,7237.0,32,1.0,2,0,378.0,0
53,7195.0,62,0.65,2,0,478.0,0
23,5570.0,79,0.9,5,0,362.0,0
31,7059.0,8,0.33,5,0,489.0,0
23,4424.0,27,0.9,8,0,350.0,0
26,7236.0,99,0.48,7,0,491.0,0
24,5935.0,52,0.56,8,0,413.0,0
24,6619.0,58,0.28,2,0,451.0,0
59,9387.0,41,0.17,8,0,558.0,0
50,4244.0,2,0.93,5,1,344.0,0
55,5902.0,25,0.26,1,1,377.0,0
68,5902.0,26,0.77,2,0,367.0,0
21,4002.0,55,0.02,7,1,355.0,0
54,5214.0,15,0.76,3,2,304.0,0
59,4358.0,57,0.56,7,2,281.0,1
21,4873.0,46,0.37,9,0,396.0,0
54,4575.0,93,0.62,3,0,373.0,0
27,2373.0,24,0.27,6,3,213.0,1
27,4164.0,78,0.95,2,1,285.0,0
69,3615.0,18,0.69,7,0,360.0,0
23,5270.0,26,0.53,7,1,351.0,0
56,5068.0,80,0.65,6,1,357.0,0
60,7698.0,69,0.3,5,2,436.0,0
29,2915.0,72,0.75,2,0,353.0,0
33,3277.0,5,0.67,7,1,265.0,1
27,5352.0,74,0.38,9,0,457.0,0
51,5200.0,64,0.58,1,0,383.0,0
34,3462.0,96,0.65,9,1,293.0,0
60,5293.0,17,0.06,3,0,464.0,0
25,3508.0,8,0.34,7,0,360.0,0
41,5888.0,10,0.51,7,0,445.0,0
28,7063.0,78,0.88,5,0,426.0,0
21,5812.0,57,0.36,8,0,418.0,0
30,6405.0,17,0.26,3,0,439.0,0
39,3912.0,95,0.05,3,3,212.0,1
68,5669.0,31,0.6,8,0,362.0,0
59,3785.0,34,0.73,7,0,360.0,0
46,5650.0,19,0.94,3,1,303.0,0
29,5935.0,36,0.9,3,0,427.0,0
31,7756.0,4,0.8,4,0,496.0,0
32,9600.0,67,0.86,3,0,538.0,0
21,3755.0,4,0.83,3,0,297.0,0
33,4668.0,69,0.46,2,2,339.0,0
22,3272.0,38,0.47,4,0,298.0,0
47,6380.0,9,0.6,9,1,380.0,0
49,3004.0,12,0.32,7,0,306.0,0
27,6253.0,39,0.36,4,1,353.0,0
37,5609.0,68,0.36,7,0,463.0,0
44,5719.0,82,0.49,2,0,423.0,0
65,9182.0,1,0.0,1,1,556.0,0
50,6491.0,12,0.88,5,0,362.0,0
36,5385.0,87,0.39,5,0,439.0,0
34,1500.0,4,0.16,7,1,317.0,0
63,4586.0,82,0.26,3,0,382.0,0
46,6887.0,42,0.76,5,0,448.0,0
66,5182.0,73,0.52,1,1,351.0,0
29,5245.0,91,0.16,9,0,459.0,0
61,3400.0,33,0.72,6,0,305.0,0
38,7132.0,47,0.81,3,0,455.0,0
53,6041.0,84,0.94,6,0,460.0,0
33,4438.0,44,0.79,6,0,320.0,0
57,6553.0,89,0.52,3,2,307.0,0
43,6825.0,72,0.04,5,0,510.0,0
65,6009.0,12,0.34,6,2,373.0,0
60,7699.0,17,0.06,5,0,453.0,0
56,5935.0,78,0.06,8,0,479.0,0
36,7911.0,4,0.91,7,1,392.0,0
48,5073.0,46,0.14,8,0,416.0,0
51,1692.0,34,0.91,3,0,251.0,1
20,5663.0,22,0.52,1,1,377.0,0
69,4898.0,27,0.82,6,1,294.0,0
53,1500.0,89,0.37,6,0,253.0,1
29,5868.0,57,0.11,1,0,449.0,0
45,4548.0,56,0.56,1,1,303.0,0
24,7357.0,96,0.65,7,3,292.0,0
33,3502.0,70,0.53,5,0,374.0,0
38,5247.0,96,0.98,9,2,278.0,1
62,2732.0,19,0.23,1,0,361.0,0
30,3702.0,58,0.7,4,0,305.0,0
47,6223.0,56,0.81,8,1,455.0,0
24,9108.0,43,0.2,8,1,467.0,0
34,6131.0,31,0.64,2,3,263.0,1
35,4757.0,49,0.72,4,1,323.0,0
26,5212.0,86,0.69,2,0,345.0,0
51,3979.0,90,0.9,3,1,314.0,0
47,3757.0,37,0.28,9,0,396.0,0
32,4142.0,31,0.93,6,0,304.0,0
59,2360.0,80,0.94,1,1,187.0,1
47,3614.0,9,0.44,6,1,311.0,0
58,6096.0,53,0.78,6,0,374.0,0
43,5672.0,47,0.65,9,2,269.0,0
39,7423.0,20,0.76,4,0,419.0,0
60,5603.0,55,0.66,6,0,386.0,0
65,7562.0,40,0.13,6,1,411.0,0
30,1548.0,73,0.81,2,1,236.0,1
23,5361.0,85,0.41,8,0,421.0,0
43,8451.0,98,0.68,5,0,450.0,0
61,7542.0,85,0.37,3,2,383.0,0
67,5045.0,89,0.48,9,0,385.0,0
49,5883.0,35,0.53,4,1,354.0,0
55,10251.0,88,0.12,9,0,547.0,0
36,4352.0,33,0.82,4,1,294.0,0
43,6018.0,73,0.73,5,0,433.0,0
62,8569.0,59,0.98,3,1,428.0,0
52,5215.0,39,0.24,6,0,399.0,0
29,5411.0,13,0.25,4,0,473.0,0
58,8566.0,45,0.82,1,0,441.0,0
23,2421.0,96,0.48,6,0,336.0,0
67,5366.0,27,0.89,3,1,347.0,0
37,1500.0,81,0.34,5,1,250.0,1
58,8387.0,58,0.74,6,0,516.0,0
68,3245.0,91,0.52,4,0,327.0,0
38,5945.0,77,0.7,4,0,385.0,0
35,3716.0,45,0.7,7,0,354.0,0
23,3585.0,7,0.21,8,0,385.0,0
23,2364.0,17,0.97,5,1,202.0,0
69,4068.0,22,0.21,8,0,367.0,0
56,4228.0,9,0.74,8,1,256.0,1
64,3538.0,32,0.61,6,1,256.0,1
47,3923.0,63,0.99,9,1,272.0,1
39,4985.0,67,0.34,2,0,430.0,0
40,5077.0,93,0.23,2,0,466.0,0
48,7306.0,78,0.85,6,0,465.0,0
36,6055.0,79,0.55,2,0,473.0,0
65,6538.0,30,0.67,1,1,354.0,0
42,4632.0,29,0.24,6,0,441.0,0
68,2202.0,54,0.32,4,2,229.0,1
46,5171.0,33,0.64,1,2,242.0,1
68,7699.0,90,0.89,8,0,470.0,0
62,1500.0,20,0.16,1,1,290.0,1
22,7457.0,42,0.52,3,0,501.0,0
68,3425.0,75,0.74,1,0,323.0,0
24,4450.0,72,0.84,1,0,345.0,0
63,8075.0,68,0.03,3,1,471.0,0
60,5016.0,88,0.62,8,1,284.0,1
60,2012.0,98,0.25,4,0,309.0,0
34,4951.0,40,0.83,2,2,269.0,1
34,4806.0,2,0.09,5,0,464.0,0
48,7545.0,36,0.89,3,1,349.0,0
33,2644.0,43,0.15,6,0,342.0,0
21,3650.0,43,0.96,1,1,221.0,1
57,6895.0,27,0.65,1,0,465.0,0
69,8844.0,49,0.31,3,1,515.0,0
45,6608.0,21,0.82,4,0,413.0,0
37,1780.0,29,0.03,8,0,389.0,0
53,4401.0,73,0.49,3,2,303.0,0
66,8614.0,92,0.6,7,1,457.0,0
53,7299.0,12,0.75,4,0,467.0,0
45,5791.0,79,0.66,7,0,425.0,0
57,7432.0,56,0.53,1,1,402.0,0
51,5459.0,79,0.67,8,1,361.0,0
39,7557.0,20,0.95,5,1,450.0,0
44,4079.0,54,0.51,2,1,347.0,0
62,7632.0,5,0.59,8,1,478.0,0
62,7313.0,18,0.55,2,0,431.0,0
40,4673.0,26,1.0,6,0,281.0,1
29,4401.0,84,0.02,7,0,429.0,0
60,6286.0,47,0.17,9,2,342.0,0
55,6642.0,59,0.67,1,0,456.0,0
69,3008.0,11,0.37,6,1,295.0,0
51,7131.0,51,0.54,9,0,451.0,0
42,7181.0,29,0.7,7,0,454.0,0
34,3656.0,32,0.72,9,0,357.0,0
61,4471.0,26,0.01,1,0,437.0,0
33,2344.0,61,0.36,2,1,232.0,1
69,5127.0,54,0.42,6,0,419.0,0
34,5810.0,1,0.17,7,2,340.0,0
69,5472.0,50,0.52,5,2,322.0,0
20,4032.0,69,0.5,6,1,296.0,0
64,4571.0,70,0.52,7,0,368.0,0
63,1500.0,19,0.75,1,0,278.0,1
66,2786.0,45,0.37,1,1,362.0,0
37,4761.0,11,0.46,9,2,271.0,1
46,4527.0,80,0.89,8,0,319.0,0
25,7941.0,41,0.76,4,0,476.0,0
42,6045.0,21,0.04,3,0,456.0,0
65,3245.0,22,0.4,6,0,346.0,0
23,6208.0,89,0.77,2,0,402.0,0
46,3891.0,64,0.38,7,2,254.0,1
21,6377.0,23,0.64,5,1,382.0,0
39,8033.0,3,1.0,1,1,426.0,0
52,8490.0,50,0.88,5,0,485.0,0
61,6877.0,78,0.8,5,0,473.0,0
24,2112.0,12,0.67,8,1,223.0,0
57,1500.0,5,0.9,7,1,221.0,1
24,3054.0,22,0.96,8,0,252.0,0
47,1570.0,68,0.34,6,0,293.0,0
27,6386.0,73,0.05,1,0,488.0,0
39,2734.0,74,0.56,3,0,303.0,0
35,7949.0,52,0.18,7,0,477.0,0
45,3239.0,52,0.58,6,2,256.0,0
59,4782.0,64,0.91,9,1,314.0,0
65,4177.0,67,0.37,7,1,360.0,0
24,5765.0,28,0.77,2,0,453.0,0
53,7007.0,46,0.71,5,0,428.0,0
64,6969.0,98,0.1,6,0,481.0,0
45,8726.0,64,0.09,1,1,575.0,0
58,3187.0,98,0.8,1,0,349.0,0
41,3372.0,2,1.0,5,3,153.0,1
36,1949.0,39,0.84,8,3,78.0,1
60,4844.0,67,0.0,3,0,419.0,0
24,3308.0,30,0.44,1,3,231.0,1
54,6542.0,34,0.72,9,0,430.0,0
54,2342.0,41,0.82,1,0,301.0,0
56,8056.0,16,0.45,5,1,449.0,0
24,3409.0,27,0.4,1,1,315.0,0
68,2646.0,92,0.71,4,0,310.0,0
49,6439.0,73,0.99,8,1,340.0,0
66,4195.0,96,0.18,8,1,342.0,0
66,8661.0,12,0.78,2,0,505.0,0
63,4929.0,71,0.06,4,0,425.0,0
22,6550.0,70,0.13,6,2,353.0,0
62,6342.0,84,0.52,7,0,424.0,0
58,6164.0,50,0.94,4,0,390.0,0
36,4459.0,58,0.37,9,0,379.0,0
42,2098.0,63,0.97,4,0,257.0,1
32,7549.0,23,0.53,1,1,455.0,0
65,7143.0,88,0.61,3,1,407.0,0
45,3633.0,12,0.16,2,0,369.0,0
36,2176.0,71,0.8,9,0,294.0,0
50,4418.0,87,0.42,5,2,371.0,0
23,2249.0,34,0.55,9,1,283.0,0
21,7986.0,68,0.28,1,1,514.0,0
20,3492.0,31,0.89,4,0,298.0,0
23,3590.0,17,0.97,5,0,288.0,1
53,4726.0,21,0.83,1,0,326.0,0
53,7455.0,11,0.49,2,0,460.0,0
20,6009.0,5,0.37,6,2,326.0,0
33,6570.0,84,0.15,1,0,508.0,0
23,2888.0,52,0.43,2,1,285.0,1
53,4223.0,99,0.0,3,2,337.0,0
48,1985.0,41,0.82,7,0,318.0,0
24,3164.0,91,0.34,6,0,428.0,0
40,2187.0,51,0.8,4,1,196.0,1
20,5777.0,16,0.25,5,0,463.0,0
48,5920.0,90,0.78,2,0,375.0,0
27,4680.0,74,0.88,1,0,374.0,0
52,6866.0,76,0.96,6,0,414.0,0
43,3463.0,79,0.35,6,0,404.0,0
34,4636.0,69,0.54,2,1,377.0,0
49,5364.0,19,0.68,6,0,378.0,0
54,4170.0,77,0.15,5,1,355.0,0
62,6541.0,73,0.06,4,0,504.0,0
55,5801.0,57,0.55,6,0,373.0,0
33,1633.0,61,0.62,8,0,248.0,1
34,4142.0,89,0.31,1,0,401.0,0
48,2016.0,14,0.68,3,0,291.0,1
47,7419.0,54,0.9,2,1,417.0,0
49,5922.0,41,0.28,8,0,474.0,0
48,1926.0,85,0.2,5,1,276.0,1
41,4626.0,13,0.53,6,0,394.0,0
62,7369.0,34,0.48,4,1,400.0,0
35,5026.0,31,0.17,2,0,427.0,0
50,4941.0,1,0.88,3,0,358.0,0
48,7970.0,90,0.3,3,0,540.0,0
22,6771.0,58,0.31,5,1,437.0,0
22,2035.0,36,0.54,4,0,292.0,0
21,4277.0,46,0.93,8,0,289.0,1
48,3852.0,47,0.72,7,1,264.0,1
39,1519.0,48,0.8,8,0,289.0,1
25,2637.0,24,0.31,4,1,258.0,1
55,5248.0,90,0.83,2,0,346.0,0
56,3458.0,98,0.05,1,0,428.0,0
42,4958.0,81,0.87,1,0,387.0,0
46,2350.0,71,0.86,5,0,285.0,1
53,5795.0,39,0.76,2,0,415.0,0
44,3144.0,95,0.95,3,1,260.0,1
29,2638.0,49,0.68,2,0,246.0,0
46,4214.0,93,0.03,2,0,415.0,0
60,6734.0,64,0.93,1,1,330.0,0
66,5918.0,71,0.6,9,0,383.0,0
69,3630.0,89,0.25,6,0,412.0,0
39,2414.0,38,0.63,5,1,277.0,1
44,5917.0,99,0.39,8,0,442.0,0
53,7090.0,78,0.02,9,1,520.0,0
47,3835.0,69,0.11,7,1,312.0,0
22,4523.0,16,0.02,6,2,350.0,0
49,4146.0,15,0.34,3,1,314.0,0
46,6894.0,15,0.82,4,1,416.0,0
63,5018.0,29,0.78,8,1,280.0,1
43,1649.0,66,0.07,7,1,280.0,1
31,1500.0,54,0.24,6,0,305.0,0
25,3336.0,97,0.76,4,0,267.0,1
48,3657.0,45,0.58,6,0,335.0,0
58,1835.0,83,0.73,9,0,282.0,1
28,5882.0,74,0.74,4,1,326.0,0
65,6511.0,1,0.06,4,0,470.0,0
55,5788.0,67,0.02,1,0,451.0,0
25,5918.0,41,0.27,3,0,442.0,0
50,1641.0,50,0.35,5,0,347.0,0
36,6250.0,10,0.54,3,0,439.0,0
32,5929.0,34,0.01,5,1,396.0,0
22,4754.0,87,0.18,8,0,483.0,0
40,6073.0,81,0.92,9,1,332.0,0
57,5279.0,24,0.77,4,0,347.0,0
40,8512.0,84,0.3,6,1,461.0,0
34,1898.0,56,0.93,1,1,229.0,1
47,3068.0,29,0.68,5,3,181.0,1
27,1500.0,55,0.54,8,2,192.0,1
27,4473.0,60,0.65,1,0,322.0,0
68,3270.0,58,1.0,9,0,289.0,1
53,8967.0,77,0.81,1,0,502.0,0
37,6535.0,40,0.74,2,0,442.0,0
26,2428.0,55,0.22,6,0,364.0,0
69,3839.0,18,0.31,8,1,359.0,0
67,6056.0,76,0.33,9,0,433.0,0
58,1986.0,35,0.94,3,1,216.0,0
46,8100.0,28,0.97,5,0,410.0,0
25,3357.0,24,0.53,2,0,342.0,0
27,9062.0,87,0.29,7,1,492.0,0
64,3163.0,8,0.23,3,1,288.0,1
45,6141.0,62,0.3,9,0,414.0,0
44,7403.0,31,0.36,1,1,424.0,0
57,6503.0,81,0.97,7,0,406.0,0
35,3497.0,40,0.33,2,3,248.0,1
44,5664.0,51,0.93,9,0,420.0,0
29,7335.0,35,0.59,3,0,467.0,0
51,6502.0,69,0.22,8,1,407.0,0
57,5824.0,19,0.31,7,0,423.0,0
24,5825.0,26,0.95,8,0,407.0,0
23,7443.0,97,0.18,6,0,515.0,0
30,6921.0,58,0.75,2,1,333.0,0
22,6176.0,3,0.03,2,0,497.0,0
51,3559.0,52,0.84,1,0,286.0,1
26,4977.0,18,0.87,9,0,376.0,0
28,5897.0,19,0.74,2,0,355.0,0
32,7633.0,76,0.93,1,1,450.0,0
48,4447.0,77,0.59,7,0,386.0,0
36,3385.0,63,0.89,5,1,269.0,1
49,6928.0,24,0.63,7,0,485.0,0
47,2579.0,24,0.94,7,0,281.0,1
42,5885.0,7,0.6,2,0,395.0,0
43,4654.0,70,0.19,5,0,391.0,0
34,2541.0,72,0.26,8,2,248.0,1
36,6076.0,3,0.79,2,1,344.0,0
42,8278.0,13,0.05,8,0,539.0,0
32,5573.0,48,0.42,7,2,287.0,1
59,7872.0,80,0.87,7,0,417.0,0
58,6200.0,99,0.87,8,0,459.0,0
64,5029.0,99,0.31,6,0,406.0,0
20,4993.0,71,0.05,7,0,443.0,0
22,6653.0,4,0.6,6,0,457.0,0
57,8420.0,24,0.44,2,1,417.0,0
20,1787.0,31,0.75,6,1,195.0,1
53,4347.0,77,0.65,2,0,393.0,0
66,6322.0,45,1.0,6,1,318.0,0
68,6922.0,3,0.23,6,0,489.0,0
39,7512.0,24,0.45,9,0,487.0,0
48,5164.0,27,0.0,9,0,449.0,0
35,5819.0,71,0.07,4,0,455.0,0
58,3024.0,72,0.72,5,0,318.0,0
57,4099.0,82,0.85,8,0,324.0,0
32,3872.0,1,0.21,6,0,398.0,0
69,4917.0,74,0.77,6,1,297.0,0
40,6342.0,37,0.24,1,0,403.0,0
27,6721.0,82,0.66,7,0,477.0,0
50,5884.0,48,0.7,4,1,365.0,0
50,6132.0,1,0.79,3,1,424.0,0
32,6095.0,11,0.67,7,0,381.0,0
48,5046.0,33,0.43,9,0,417.0,0
34,3075.0,16,0.87,3,2,146.0,1
63,2837.0,68,0.0,4,0,376.0,0
24,8023.0,69,0.27,3,2,413.0,0
31,6804.0,67,0.5,1,0,416.0,0
39,4792.0,68,0.98,9,1,286.0,1
47,4743.0,49,0.64,3,0,354.0,0
52,4352.0,92,0.22,3,0,392.0,0
34,4235.0,68,0.13,9,0,408.0,0
68,6318.0,80,0.73,7,1,351.0,0
31,6993.0,13,0.73,8,1,401.0,0
59,5252.0,7,0.49,5,0,477.0,0
44,2730.0,38,0.26,3,0,378.0,0
60,7331.0,16,0.07,8,0,489.0,0
46,5294.0,29,0.03,4,0,413.0,0
67,3760.0,17,0.06,3,0,392.0,0
51,2357.0,87,0.14,4,1,255.0,1
29,4970.0,25,0.83,7,0,415.0,0
57,5472.0,39,0.8,1,2,291.0,0
58,4625.0,63,0.29,6,1,311.0,0
54,10648.0,99,0.16,4,2,542.0,0
53,4376.0,28,0.75,3,1,305.0,0
43,5065.0,9,0.29,9,0,367.0,0
45,5330.0,38,1.0,9,0,390.0,0
47,2347.0,99,0.58,7,2,155.0,1
22,5083.0,75,0.37,7,1,378.0,0
62,3937.0,2,0.79,9,0,294.0,0
21,5234.0,39,0.31,7,0,462.0,0
61,4855.0,62,0.4,9,1,375.0,0
62,3740.0,90,0.17,2,0,383.0,0
44,7614.0,90,0.7,6,0,453.0,0
65,4593.0,74,0.31,1,2,288.0,1
64,7350.0,22,0.74,7,0,458.0,0
51,2989.0,85,0.73,9,1,232.0,1
57,6977.0,40,0.74,5,0,451.0,0
42,1500.0,92,0.13,8,1,264.0,0
45,6046.0,33,0.38,4,0,410.0,0
40,5384.0,54,0.43,6,0,427.0,0
60,8060.0,17,0.95,8,0,493.0,0
34,4332.0,80,0.98,1,0,318.0,0
68,4387.0,39,0.71,4,0,412.0,0
23,7760.0,82,0.8,9,0,427.0,0
42,4234.0,19,0.97,7,2,248.0,1
36,6130.0,66,0.65,2,0,387.0,0
56,2188.0,19,0.7,2,1,233.0,1
51,6374.0,57,0.57,5,0,458.0,0
27,2986.0,73,0.46,4,0,353.0,0
22,1506.0,71,0.43,5,0,302.0,0
37,6665.0,40,0.18,2,0,484.0,0
31,5201.0,88,0.19,8,0,380.0,0
40,6500.0,15,0.72,9,1,319.0,0
68,3921.0,6,0.26,6,1,343.0,0
47,5113.0,41,0.32,7,0,451.0,0
64,7628.0,39,0.17,4,0,492.0,0
38,2005.0,27,0.18,1,1,340.0,0
29,1500.0,16,0.81,2,0,292.0,0
48,3911.0,90,0.18,7,0,363.0,0
62,6178.0,53,0.4,8,0,456.0,0
40,1830.0,48,0.11,4,0,334.0,0
40,2548.0,60,0.1,6,0,369.0,0
41,6002.0,7,0.42,3,0,468.0,0
33,5298.0,50,0.33,3,0,469.0,0
58,1965.0,59,0.44,9,2,207.0,1
61,5699.0,90,0.16,3,1,372.0,0
21,8555.0,17,0.51,5,1,460.0,0
46,6878.0,70,0.02,1,1,415.0,0
50,4450.0,56,0.8,1,0,321.0,0
64,4934.0,13,0.98,7,1,307.0,0
30,6004.0,75,0.45,8,0,493.0,0
62,4355.0,57,0.41,8,0,406.0,0
27,4048.0,48,0.77,2,1,275.0,1
53,3587.0,83,0.79,5,0,365.0,0
25,7473.0,37,0.31,4,0,486.0,0
28,8564.0,60,0.08,4,0,574.0,0
60,6404.0,84,0.89,2,0,470.0,0
34,6765.0,76,0.66,5,0,390.0,0
57,4034.0,91,0.19,9,1,350.0,0
35,2743.0,61,0.32,4,0,339.0,0
29,4564.0,92,0.35,9,0,375.0,0
45,6709.0,83,0.25,8,1,485.0,0
61,3090.0,42,0.42,8,1,288.0,0
35,3456.0,47,0.26,5,1,304.0,0
59,2740.0,75,0.05,5,0,336.0,0
25,2010.0,29,0.84,8,1,215.0,0
63,6153.0,84,0.9,8,0,449.0,0
44,6738.0,95,0.18,9,1,451.0,0
41,3616.0,78,0.72,5,0,379.0,0
56,1779.0,48,0.18,2,0,355.0,0
25,5048.0,3,0.15,1,2,367.0,0
65,7123.0,12,0.38,7,0,438.0,0
30,4198.0,17,0.39,4,1,322.0,0
53,6441.0,59,0.86,8,0,388.0,0
47,7032.0,39,0.09,7,0,437.0,0
49,4976.0,94,0.01,4,1,413.0,0
67,8331.0,10,0.42,2,1,468.0,0
52,2201.0,83,0.21,6,2,193.0,1
29,6891.0,82,0.72,3,2,342.0,0
59,3494.0,75,0.85,8,0,370.0,0
60,7512.0,4,0.79,2,0,394.0,0
29,3387.0,55,0.89,1,0,287.0,1
37,7426.0,5,0.87,5,0,469.0,0
59,3588.0,82,0.72,4,0,340.0,0
24,4504.0,9,0.04,7,1,420.0,0
23,5586.0,50,0.09,1,1,428.0,0
67,4846.0,41,0.12,9,0,426.0,0
61,5391.0,65,0.1,7,0,443.0,0
50,5999.0,2,0.83,7,0,412.0,0
23,6011.0,18,0.47,4,0,407.0,0
62,1500.0,53,0.63,5,3,139.0,1
57,2386.0,9,0.11,8,1,266.0,1
32,6581.0,38,0.62,4,0,414.0,0
42,4031.0,16,0.58,1,1,329.0,0
23,4148.0,63,0.14,4,1,383.0,0
63,4676.0,11,0.63,4,0,335.0,0
35,5522.0,96,0.13,7,0,429.0,0
51,4955.0,94,0.82,7,0,357.0,0
53,5718.0,37,0.32,6,2,397.0,0
47,2770.0,97,0.74,7,0,342.0,0
37,7645.0,66,0.98,6,0,410.0,0
53,5579.0,12,0.59,1,0,384.0,0
56,5555.0,26,0.27,1,2,369.0,0
23,2082.0,40,0.38,7,0,315.0,0
54,4389.0,24,0.57,3,0,313.0,0
47,2940.0,3,0.7,2,0,310.0,0
58,5410.0,11,0.37,9,0,458.0,0
36,8488.0,34,0.52,1,0,540.0,0
44,6009.0,75,0.19,2,0,442.0,0
47,9210.0,12,0.4,9,0,595.0,0
46,1500.0,16,0.78,7,1,229.0,1
32,1521.0,88,0.62,1,1,241.0,0
48,4104.0,43,0.73,6,0,316.0,0
26,2689.0,94,0.94,3,2,198.0,1
23,2228.0,8,0.43,5,0,295.0,0
59,5111.0,42,0.72,2,1,317.0,0
26,5583.0,1,0.76,8,0,372.0,0
37,6717.0,97,0.99,1,0,413.0,0
58,4314.0,63,0.79,7,1,327.0,0
26,4193.0,65,0.11,5,0,414.0,0
28,3267.0,84,0.63,7,1,286.0,1
44,7472.0,38,0.47,4,2,400.0,0
43,4767.0,10,0.72,3,0,312.0,0
52,3122.0,93,0.89,8,0,295.0,0
51,5745.0,59,0.63,6,0,446.0,0
24,3784.0,39,0.84,9,0,355.0,0
20,5535.0,67,0.74,5,1,333.0,0
39,7113.0,11,0.61,1,2,353.0,0
42,2137.0,47,0.38,1,0,345.0,0
49,7392.0,45,0.71,8,1,405.0,0
53,3325.0,68,0.86,8,1,252.0,1
31,6683.0,33,0.35,5,1,432.0,0
20,3714.0,71,0.04,7,0,421.0,0
31,4223.0,13,0.44,4,1,324.0,0
43,5695.0,33,0.29,8,0,441.0,0
25,4471.0,29,0.65,2,0,352.0,0
59,6762.0,68,0.92,3,1,353.0,0
69,7059.0,61,0.83,9,0,408.0,0
61,4773.0,23,0.01,2,0,468.0,0
23,8664.0,46,0.52,2,1,501.0,0
28,5563.0,37,0.83,5,2,278.0,1
30,5087.0,5,0.96,7,0,319.0,0
20,9214.0,91,0.6,4,0,524.0,0
27,2142.0,73,0.04,7,0,345.0,0
36,6284.0,32,0.77,4,0,413.0,0
27,8005.0,38,0.22,9,0,514.0,0
58,5249.0,20,0.83,6,0,329.0,0
28,5267.0,94,0.94,1,0,376.0,0
51,3043.0,51,0.4,8,1,331.0,0
47,4481.0,79,0.37,1,1,314.0,0
57,5244.0,15,0.83,1,0,395.0,0
69,6251.0,85,0.66,8,0,321.0,0
68,6739.0,62,0.52,6,1,433.0,0
40,5253.0,34,0.85,9,1,294.0,0
40,3903.0,64,0.64,9,0,330.0,0
42,6811.0,76,0.53,3,2,382.0,0
43,3638.0,6,0.66,9,0,318.0,0
34,7370.0,17,0.01,2,1,480.0,0
35,4180.0,15,0.09,3,0,402.0,0
35,1500.0,40,0.53,3,1,241.0,1
36,9342.0,51,0.44,7,0,520.0,0
24,5654.0,54,0.22,3,0,458.0,0
54,4455.0,61,0.06,7,1,364.0,0
21,6770.0,26,0.88,7,1,405.0,0
30,5654.0,63,0.73,8,0,366.0,0
67,2020.0,60,0.95,1,2,151.0,1
40,6025.0,89,0.15,2,1,395.0,0
59,4773.0,84,0.06,1,1,366.0,0
39,1568.0,42,0.68,3,0,291.0,1
61,2575.0,76,0.63,6,0,295.0,0
55,3982.0,77,0.03,2,0,410.0,0
36,3347.0,73,0.79,2,1,301.0,0
54,5317.0,7,0.81,2,0,378.0,0
40,3733.0,14,0.62,5,0,350.0,0
23,1514.0,57,0.88,6,0,280.0,1
38,4826.0,28,0.32,7,3,257.0,0
58,8750.0,36,0.84,4,0,413.0,0
42,6289.0,33,0.05,3,0,489.0,0
28,5447.0,23,0.73,2,3,269.0,1
68,4067.0,9,0.87,1,0,268.0,1
43,6645.0,66,0.19,5,0,446.0,0
42,3960.0,62,0.48,3,0,439.0,0
57,4097.0,95,0.35,4,0,342.0,0
60,4929.0,13,0.3,2,1,355.0,0
26,1500.0,23,0.79,6,0,210.0,1
30,5586.0,21,0.33,6,0,446.0,0
56,6359.0,9,0.72,6,0,423.0,0
27,2607.0,26,0.99,7,0,296.0,0
29,2465.0,88,0.84,2,0,309.0,0
25,9120.0,32,0.22,4,1,486.0,0
35,9211.0,86,0.34,4,1,476.0,0
39,6667.0,8,0.7,7,1,396.0,0
50,8594.0,99,0.91,5,2,322.0,0
68,1500.0,28,0.85,9,0,280.0,1
63,5214.0,77,0.48,9,0,434.0,0
27,10648.0,77,0.78,2,0,555.0,0
49,3107.0,97,0.51,7,0,344.0,0
40,5068.0,98,0.75,5,1,352.0,0
47,4920.0,51,0.22,6,0,420.0,0
52,7282.0,82,0.49,8,1,385.0,0
47,2924.0,68,0.79,6,2,215.0,1
57,3843.0,52,0.17,7,0,437.0,0
35,4280.0,48,0.82,2,0,282.0,1
35,6020.0,71,0.99,6,0,362.0,0
30,2109.0,50,0.24,4,0,399.0,0
65,3768.0,4,0.9,4,0,271.0,1
59,4343.0,11,0.01,2,0,465.0,0
65,1500.0,38,0.87,9,1,196.0,1
66,5731.0,47,0.13,1,0,446.0,0
44,3181.0,73,0.52,7,0,303.0,0
41,6247.0,2,0.52,3,0,405.0,0
44,3718.0,32,0.27,8,1,368.0,0
24,5803.0,80,0.75,6,2,299.0,0
23,5185.0,92,0.88,7,1,302.0,0
68,5546.0,17,0.06,3,2,360.0,0
66,5812.0,31,0.31,5,1,429.0,0
67,4963.0,62,0.31,1,0,418.0,0
44,3652.0,6,0.51,6,0,334.0,0
27,1500.0,2,0.68,2,0,259.0,1
44,3177.0,89,0.94,8,0,349.0,0
46,4847.0,75,0.7,4,0,378.0,0
48,2447.0,57,0.54,5,1,265.0,0
22,4589.0,7,0.77,8,1,309.0,0
58,4118.0,24,0.91,8,0,350.0,0
67,6000.0,50,0.45,7,0,462.0,0
59,4029.0,78,0.26,3,1,401.0,0
60,5384.0,49,0.26,6,3,291.0,0
46,1500.0,84,0.61,8,0,237.0,1
28,2750.0,12,0.75,1,0,317.0,0
39,1663.0,55,0.24,3,1,249.0,1
45,5025.0,82,0.49,6,0,382.0,0
38,6089.0,71,0.8,2,0,368.0,0
55,4811.0,94,0.33,6,0,400.0,0
23,5858.0,73,0.77,8,0,408.0,0
26,6078.0,63,0.35,2,1,399.0,0
39,7661.0,56,0.5,8,1,429.0,0
49,6732.0,46,0.02,7,2,403.0,0
32,1500.0,20,0.86,2,1,176.0,0
28,5867.0,64,0.63,4,0,429.0,0
65,5679.0,71,0.59,5,0,410.0,0
53,5153.0,11,0.36,4,0,426.0,0
60,5387.0,64,0.29,9,1,341.0,0
51,5064.0,47,0.54,5,0,419.0,0
45,4901.0,19,0.1,2,0,456.0,0
22,2493.0,11,0.72,8,0,252.0,1
21,4230.0,55,0.8,8,0,339.0,0
69,9971.0,55,0.31,8,1,520.0,0
22,7056.0,40,0.11,6,1,407.0,0
23,5771.0,43,0.08,5,0,474.0,0
34,7461.0,59,0.13,3,1,483.0,0
68,5913.0,46,0.14,8,1,385.0,0
35,3722.0,56,0.17,4,0,404.0,0
64,5978.0,85,0.31,3,0,434.0,0
24,7175.0,20,0.02,3,0,504.0,0
65,6189.0,96,0.31,4,1,356.0,0
56,7326.0,86,0.08,9,0,503.0,0
34,8018.0,13,0.01,5,0,535.0,0
61,4687.0,20,0.1,4,0,438.0,0
22,3324.0,30,0.86,2,2,172.0,1
32,8016.0,64,0.42,9,0,523.0,0
45,5396.0,43,0.46,5,1,374.0,0
54,4260.0,50,0.4,9,1,316.0,0
31,6003.0,61,0.71,9,0,370.0,0
40,3601.0,67,0.13,7,0,432.0,0
45,3745.0,68,0.44,7,2,292.0,0
26,4247.0,29,0.79,9,0,395.0,0
45,5628.0,57,0.15,2,0,467.0,0
27,3938.0,56,0.11,6,0,442.0,0
42,3818.0,84,0.59,7,0,349.0,0
31,1500.0,58,0.19,9,0,354.0,0
22,6824.0,37,0.26,2,2,368.0,0
36,5370.0,35,0.54,5,1,407.0,0
37,9429.0,29,0.45,4,2,438.0,0
57,8049.0,45,0.3,9,1,465.0,0
37,8001.0,48,0.85,8,2,375.0,0
32,5487.0,85,0.64,2,2,291.0,1
66,3566.0,92,0.25,5,0,391.0,0
42,3207.0,82,0.77,9,1,272.0,1
37,9666.0,15,0.64,5,1,449.0,0
49,4655.0,55,0.39,6,0,377.0,0
23,5123.0,88,0.32,1,1,409.0,0
54,4034.0,74,0.12,4,1,322.0,0
51,4492.0,15,0.47,6,0,382.0,0
28,8350.0,42,0.85,8,1,484.0,0
57,5132.0,82,0.18,1,0,449.0,0
56,8183.0,89,0.44,8,1,466.0,0
69,5858.0,39,0.78,6,0,377.0,0
61,8204.0,15,0.38,4,2,381.0,0
66,4423.0,86,0.1,1,0,423.0,0
46,4019.0,1,0.13,3,0,382.0,0
40,6989.0,38,0.09,1,0,512.0,0
49,1805.0,8,0.11,1,0,341.0,0
28,7582.0,80,0.39,5,0,516.0,0
48,8353.0,13,0.14,5,0,565.0,0
28,1500.0,53,0.76,1,0,241.0,0
38,5406.0,67,0.15,1,1,344.0,0
51,5514.0,49,0.43,2,1,337.0,0
35,4858.0,75,0.35,4,0,416.0,0
22,7352.0,65,0.42,6,1,429.0,0
60,6123.0,89,0.42,5,0,384.0,0
65,5461.0,26,0.22,7,1,375.0,0
49,6274.0,20,0.5,2,0,373.0,0
27,4263.0,52,0.68,6,0,444.0,0
64,4922.0,75,0.09,3,0,397.0,0
67,3274.0,17,0.78,4,0,370.0,0
24,7671.0,95,0.35,9,1,431.0,0
56,2683.0,76,0.52,1,0,317.0,0
39,2310.0,88,0.28,9,1,242.0,1
40,7610.0,48,0.62,1,0,448.0,0
68,4788.0,98,0.1,1,0,460.0,0
63,4200.0,38,0.82,6,1,233.0,0
62,3822.0,49,0.93,4,0,325.0,0
54,5344.0,71,0.13,2,0,413.0,0
32,3682.0,58,0.82,3,0,327.0,0
40,5798.0,46,0.24,5,1,398.0,0
53,4115.0,49,0.27,7,0,409.0,0
27,7044.0,5,0.1,6,0,497.0,0
35,6417.0,79,0.52,2,0,464.0,0
47,2853.0,81,0.82,5,0,256.0,1
43,6857.0,76,0.28,3,1,437.0,0
29,4138.0,83,0.58,7,0,360.0,0
28,3499.0,63,0.87,6,0,428.0,0
53,6593.0,64,0.46,2,0,432.0,0
34,1500.0,25,0.84,1,0,232.0,1
51,5747.0,48,0.94,9,1,270.0,0
66,2664.0,92,0.97,3,0,237.0,1
27,2689.0,40,0.54,7,0,288.0,1
66,3569.0,97,0.95,2,0,340.0,0
49,4328.0,98,0.73,3,0,360.0,0
58,2566.0,96,0.79,2,0,248.0,0
34,3587.0,27,0.91,9,0,341.0,0
42,4709.0,61,0.11,4,0,466.0,0
36,3672.0,17,0.11,2,0,420.0,0
65,5984.0,5,0.6,1,0,379.0,0
68,4318.0,81,0.43,7,1,391.0,0
49,1500.0,56,0.62,9,0,276.0,1
34,3204.0,30,0.22,5,3,197.0,0
65,6413.0,52,0.81,6,0,367.0,0
24,1500.0,24,0.51,6,0,328.0,0
59,5278.0,51,0.42,6,1,350.0,0
53,6655.0,68,0.08,3,1,483.0,0
27,6602.0,86,0.94,2,1,350.0,0
48,4386.0,66,0.49,1,1,335.0,0
37,7358.0,91,0.51,1,0,427.0,0
20,4759.0,38,0.95,7,2,226.0,1
29,3179.0,55,0.8,9,0,280.0,1
55,6368.0,82,0.11,4,0,392.0,0
63,7794.0,17,0.09,5,1,457.0,0
62,4996.0,26,0.76,1,0,389.0,0
61,4521.0,4,0.16,3,1,391.0,0
48,7935.0,2,0.05,4,2,399.0,0
31,4400.0,60,0.27,7,3,308.0,0
50,5704.0,15,0.26,8,0,444.0,0
25,6040.0,76,0.81,8,0,435.0,0
64,4739.0,65,0.95,5,1,338.0,0
54,4280.0,56,0.64,6,0,348.0,0
50,4909.0,39,0.4,5,1,305.0,0
24,5606.0,61,0.03,6,0,434.0,0
21,4626.0,77,0.27,5,0,378.0,0
31,3985.0,37,0.9,3,0,321.0,0
56,12058.0,51,0.2,5,0,676.0,0
56,4505.0,72,0.1,7,0,364.0,0
22,7077.0,42,0.15,2,1,425.0,0
56,2846.0,88,0.19,2,0,341.0,0
31,5775.0,99,0.53,7,1,379.0,0
50,3154.0,87,0.56,6,3,169.0,1
67,7374.0,62,0.76,1,0,499.0,0
40,1500.0,69,0.32,9,0,308.0,0
60,4641.0,10,0.38,5,1,385.0,0
49,3070.0,37,0.44,3,1,240.0,1
51,6783.0,24,0.14,1,1,440.0,0
26,7611.0,92,0.7,5,0,504.0,0
29,3691.0,12,0.02,4,0,395.0,0
58,4121.0,87,0.34,4,2,297.0,0
48,4925.0,22,0.56,4,0,385.0,0
62,5379.0,54,0.81,1,1,375.0,0
36,3766.0,47,0.58,9,0,383.0,0
41,5081.0,90,0.99,9,0,377.0,0
21,6392.0,94,0.93,4,0,380.0,0
63,4632.0,11,0.42,6,1,332.0,0
40,5989.0,27,0.18,7,0,486.0,0
40,8948.0,27,0.06,3,0,526.0,0
47,3277.0,69,0.46,8,0,365.0,0
28,5861.0,6,0.79,1,0,435.0,0
65,4430.0,30,0.37,6,0,437.0,0
30,2457.0,7,0.55,5,0,248.0,1
25,4975.0,22,0.28,8,0,396.0,0
26,7366.0,6,0.99,3,0,411.0,0
30,4655.0,45,0.54,8,0,349.0,0
50,10060.0,20,0.28,4,0,545.0,0
27,4816.0,48,0.3,5,0,408.0,0
47,3004.0,67,0.59,2,0,307.0,0
50,5771.0,12,0.8,4,0,361.0,0
41,4200.0,34,0.4,4,0,365.0,0
66,2079.0,84,0.33,2,1,297.0,0
58,7487.0,52,0.01,4,0,504.0,0
21,1500.0,76,0.78,4,2,173.0,1
57,7986.0,56,0.53,5,0,503.0,0
35,6550.0,27,0.95,2,0,422.0,0
61,3298.0,88,0.89,9,1,261.0,1
22,4464.0,88,0.8,3,0,346.0,0
21,5590.0,41,0.28,9,2,333.0,0
55,4229.0,98,0.19,5,2,274.0,1
49,4457.0,38,0.26,3,1,344.0,0
59,4253.0,73,0.63,1,2,281.0,1
42,4082.0,33,0.49,7,1,334.0,0
55,8659.0,12,0.21,1,0,559.0,0
66,4368.0,15,0.65,3,0,386.0,0
25,3968.0,25,0.71,4,0,334.0,0
33,4561.0,14,0.4,1,0,380.0,0
54,7689.0,14,0.18,2,0,527.0,0
55,4398.0,5,0.78,2,0,371.0,0
42,7055.0,84,0.12,1,1,481.0,0
67,8794.0,21,0.75,7,0,469.0,0
46,4349.0,83,0.61,3,0,360.0,0
44,4338.0,22,0.03,5,1,383.0,0
68,7656.0,56,0.12,1,0,525.0,0
47,7683.0,55,0.7,6,0,492.0,0
20,1987.0,81,0.6,8,0,290.0,1
63,1500.0,83,0.68,7,2,165.0,1
47,3564.0,15,0.43,6,0,371.0,0
54,6326.0,57,0.1,5,0,459.0,0
50,3482.0,37,0.62,9,0,326.0,0
39,9297.0,79,0.11,8,1,501.0,0
45,6734.0,2,0.55,7,1,368.0,0
37,6198.0,13,0.08,5,0,474.0,0
30,7720.0,55,0.79,3,0,447.0,0
22,3343.0,70,0.74,2,0,373.0,0
28,7590.0,5,0.38,5,0,488.0,0
42,2953.0,90,0.76,9,1,251.0,0
54,2147.0,5,0.87,2,0,287.0,1
44,3914.0,66,0.23,6,1,274.0,1
20,2674.0,72,0.92,7,0,324.0,0
62,8178.0,46,0.89,1,2,340.0,0
59,5380.0,78,0.46,9,0,387.0,0
64,5691.0,20,0.37,5,0,372.0,0
41,1500.0,60,0.14,1,1,275.0,0
54,5446.0,89,0.89,5,1,325.0,0
45,6662.0,61,0.74,7,0,440.0,0
29,6678.0,97,0.02,6,0,479.0,0
20,1500.0,18,0.35,1,0,367.0,0
57,4455.0,88,0.04,8,0,422.0,0
62,3658.0,21,0.44,6,0,347.0,0
22,1500.0,98,0.62,6,1,251.0,1
33,2983.0,1,0.81,7,1,282.0,1
61,3331.0,46,0.5,3,0,366.0,0
36,2843.0,21,0.25,6,0,358.0,0
64,4448.0,51,0.07,8,1,340.0,0
38,4555.0,42,0.63,5,0,406.0,0
50,3173.0,36,0.9,7,0,292.0,0
47,7811.0,63,0.25,1,0,494.0,0
57,7275.0,91,0.52,7,0,482.0,0
48,7553.0,52,0.35,4,1,518.0,0
51,9072.0,72,0.84,4,0,513.0,0
31,6368.0,79,0.61,2,1,328.0,0
53,5892.0,38,0.47,2,2,363.0,0
42,6926.0,28,0.67,2,1,328.0,0
53,5587.0,2,0.23,5,0,440.0,0
68,6792.0,32,0.45,4,1,442.0,0
20,3678.0,18,0.57,4,0,338.0,0
40,1542.0,93,0.33,6,0,311.0,0
61,4706.0,72,0.9,7,0,339.0,0
51,5902.0,3,0.51,9,0,436.0,0
38,5670.0,55,0.68,4,0,427.0,0
25,4352.0,89,0.19,2,2,307.0,0
22,6190.0,23,0.47,7,0,435.0,0
34,6976.0,74,0.71,9,0,429.0,0
42,3022.0,4,0.48,2,0,361.0,0
63,1933.0,54,0.77,1,0,303.0,0
29,6784.0,74,0.5,2,1,405.0,0
26,10049.0,47,1.0,7,1,530.0,0
39,1500.0,20,0.51,1,0,311.0,0
50,5425.0,59,0.53,9,0,382.0,0
49,4549.0,13,0.63,6,0,401.0,0
59,7736.0,19,0.86,3,0,453.0,0
66,4070.0,89,0.33,8,1,330.0,0
51,5725.0,88,0.42,9,0,389.0,0
39,2688.0,45,0.84,3,2,153.0,0
59,1959.0,11,0.71,6,1,254.0,0
24,3956.0,86,0.31,7,0,371.0,0
54,7533.0,26,0.27,7,0,477.0,0
21,4836.0,18,0.44,7,1,321.0,0
63,3177.0,9,0.95,4,0,280.0,1
44,9555.0,30,0.67,9,0,458.0,0
69,7677.0,18,0.57,6,0,511.0,0
60,3370.0,6,0.93,4,0,300.0,0
64,5655.0,8,0.55,6,1,386.0,0
43,3148.0,61,0.6,9,1,234.0,1
28,5566.0,52,0.24,8,0,485.0,0
57,4706.0,32,0.22,6,1,411.0,0
24,5687.0,78,0.12,3,0,462.0,0
64,4266.0,68,0.81,1,0,341.0,0
42,3361.0,66,0.9,2,1,250.0,0
23,6208.0,44,0.89,4,1,388.0,0
57,2156.0,88,0.81,7,0,290.0,1
46,3561.0,9,0.4,6,0,362.0,0
34,7314.0,37,0.27,2,0,501.0,0
45,2469.0,7,0.89,1,1,297.0,0
31,2423.0,80,0.27,9,0,403.0,0
53,6704.0,29,0.24,1,1,420.0,0
60,1500.0,63,0.8,4,1,191.0,0
29,3467.0,61,0.75,7,0,286.0,1
29,4300.0,38,0.34,2,0,405.0,0
51,1500.0,63,0.1,7,1,213.0,1
47,5299.0,25,0.98,5,1,285.0,1
39,4910.0,54,0.4,2,1,354.0,0
26,1500.0,93,0.67,6,0,308.0,0
58,9136.0,55,0.33,5,0,480.0,0
51,5440.0,72,0.62,7,0,421.0,0
42,1500.0,56,0.86,4,2,130.0,1
58,3152.0,39,0.03,9,0,379.0,0
29,8715.0,5,0.0,7,0,547.0,0
24,3649.0,45,0.38,7,0,367.0,0
44,6221.0,26,0.65,7,0,407.0,0
49,2350.0,10,0.42,3,1,277.0,1
29,7567.0,21,0.91,1,0,431.0,0
54,6309.0,9,0.31,5,1,402.0,0
63,6254.0,52,0.73,4,0,415.0,0
66,3619.0,82,0.73,8,0,310.0,0
27,2923.0,41,0.04,3,3,237.0,1
59,7225.0,65,0.35,2,1,440.0,0
56,6275.0,60,0.39,3,0,500.0,0
38,3055.0,58,0.08,1,0,418.0,0
37,4994.0,3,0.8,8,1,294.0,0
23,4436.0,49,0.49,3,0,393.0,0
63,3560.0,35,0.86,7,1,261.0,1
42,2588.0,96,0.84,7,0,282.0,1
63,3548.0,90,0.58,6,0,370.0,0
56,2032.0,73,0.73,1,2,149.0,1
51,4360.0,92,0.04,8,1,362.0,0
53,5591.0,49,0.72,9,0,359.0,0
60,2969.0,26,0.76,4,1,260.0,1
44,3278.0,95,0.85,1,0,313.0,0
55,7203.0,12,0.22,1,0,484.0,0
44,5120.0,4,0.9,9,0,389.0,0
62,4960.0,79,0.67,8,0,383.0,0
45,1726.0,51,0.79,8,0,278.0,1
39,4343.0,43,0.89,1,0,333.0,0
56,6315.0,90,0.04,9,0,503.0,0
66,3744.0,16,0.93,4,1,264.0,1
54,2460.0,73,0.14,8,0,381.0,0
48,3493.0,12,0.44,4,0,451.0,0
59,4060.0,21,0.25,7,0,376.0,0
69,3980.0,48,0.45,3,1,285.0,1
30,7221.0,68,0.3,2,0,461.0,0
69,6743.0,76,0.08,9,0,462.0,0
23,1500.0,25,0.02,1,1,301.0,0
41,4413.0,31,0.8,6,2,242.0,1
61,6790.0,79,0.2,3,1,437.0,0
35,5143.0,64,0.77,8,1,321.0,0
47,4310.0,81,0.53,6,0,397.0,0
56,7266.0,28,0.83,7,1,363.0,0
59,4049.0,4,0.27,3,0,445.0,0
28,6649.0,87,0.24,6,3,362.0,0
59,7170.0,82,0.28,1,0,485.0,0
63,5143.0,92,0.52,6,0,365.0,0
39,8354.0,10,0.83,2,1,375.0,0
49,6128.0,50,0.53,7,0,435.0,0
41,1500.0,44,0.64,5,1,235.0,1
32,5835.0,77,0.98,8,0,362.0,0
25,4248.0,61,0.26,8,0,350.0,0
47,4738.0,76,0.27,1,1,382.0,0
42,8790.0,16,0.67,7,1,458.0,0
41,1500.0,50,0.27,4,0,395.0,0
39,6992.0,17,0.7,8,0,488.0,0
26,3698.0,93,0.47,1,2,255.0,1
39,4231.0,91,0.8,4,0,368.0,0
52,5178.0,47,0.94,9,0,318.0,0
40,6208.0,36,0.08,2,0,497.0,0
40,2884.0,37,0.18,1,1,301.0,0
64,1625.0,39,0.12,8,1,283.0,1
53,2888.0,29,0.38,2,0,343.0,0
65,7487.0,52,0.69,1,1,402.0,0
60,6091.0,46,0.55,3,0,389.0,0
20,5463.0,8,0.38,2,1,340.0,0
51,5512.0,20,0.55,9,2,295.0,0
23,6432.0,66,0.48,2,0,453.0,0
34,2059.0,4,0.85,3,1,224.0,0
59,3488.0,78,0.43,2,0,367.0,0
35,7217.0,42,0.09,5,0,525.0,0
57,3298.0,30,0.84,8,0,271.0,1
23,7156.0,34,0.33,3,2,353.0,0
30,3876.0,12,0.58,5,0,322.0,0
25,2239.0,93,0.56,5,1,262.0,1
33,4605.0,82,0.17,9,1,386.0,0
61,7212.0,66,0.57,8,1,416.0,0
52,7058.0,31,0.94,1,0,419.0,0
30,6021.0,21,0.97,3,0,352.0,0
33,8159.0,16,0.57,3,0,454.0,0
35,4031.0,57,0.7,2,0,455.0,0
58,6783.0,84,0.21,4,1,451.0,0
52,5946.0,26,0.21,2,0,420.0,0
28,5956.0,14,0.42,8,0,445.0,0
68,2664.0,13,0.33,3,0,341.0,0
42,2500.0,61,0.97,5,1,187.0,1
44,4086.0,86,0.03,9,0,388.0,0
29,5629.0,6,0.12,6,0,454.0,0
64,5919.0,89,0.17,7,0,456.0,0
27,3195.0,55,0.9,5,1,233.0,0
25,1500.0,48,0.27,8,0,357.0,0
66,7536.0,76,0.33,4,0,507.0,0
32,4672.0,62,0.24,3,0,413.0,0
50,3973.0,6,0.26,4,0,439.0,0
22,6033.0,98,0.7,5,0,458.0,0
45,5497.0,9,0.88,1,0,446.0,0
59,7255.0,13,0.62,8,0,479.0,0
30,7509.0,92,0.66,4,1,399.0,0
45,5335.0,60,0.01,9,1,431.0,0
26,3184.0,40,0.94,3,1,263.0,1
35,1902.0,13,0.75,3,0,289.0,1
32,4576.0,9,0.09,8,0,430.0,0
40,5166.0,7,0.66,3,1,343.0,0
68,4343.0,88,0.52,8,0,382.0,0
62,4803.0,17,0.89,8,1,313.0,0
25,3861.0,49,0.54,2,1,301.0,0
37,2277.0,32,0.5,4,1,282.0,1
26,6996.0,7,0.77,2,1,387.0,0
37,5693.0,20,0.61,6,0,422.0,0
37,4719.0,11,0.84,3,0,369.0,0
58,2391.0,9,0.65,5,2,303.0,0
29,4209.0,45,0.24,8,0,447.0,0
34,7104.0,17,0.89,5,0,408.0,0
33,5800.0,83,0.54,1,0,400.0,0
43,4705.0,57,0.53,4,1,324.0,0
65,9548.0,4,0.41,9,0,545.0,0
52,4283.0,42,0.73,3,0,313.0,0
63,6255.0,61,0.67,6,0,422.0,0
43,4093.0,53,0.06,4,0,449.0,0
47,6703.0,58,0.89,3,0,476.0,0
20,2403.0,60,0.92,7,1,254.0,1
59,4751.0,41,0.55,5,0,389.0,0
50,3789.0,78,0.8,1,0,317.0,0
60,4917.0,75,0.23,1,1,394.0,0
34,2398.0,53,0.6,2,0,345.0,0
31,3080.0,16,0.36,7,0,316.0,0
44,6996.0,88,0.58,7,1,460.0,0
30,6019.0,85,0.5,1,1,381.0,0
49,3777.0,15,0.53,5,1,310.0,0
47,5480.0,30,0.58,1,0,406.0,0
29,3902.0,56,0.08,6,1,382.0,0
59,2885.0,59,0.16,3,1,302.0,0
36,6842.0,73,0.49,3,0,463.0,0
63,5156.0,78,0.91,1,0,329.0,0
56,5876.0,28,0.16,3,0,448.0,0
66,8175.0,61,0.8,2,2,356.0,0
37,4404.0,87,0.57,8,0,348.0,0
40,6133.0,18,0.17,4,0,455.0,0
20,7370.0,44,0.42,8,2,373.0,0
42,3324.0,23,0.92,1,1,242.0,1
25,5437.0,24,0.03,6,0,418.0,0
38,5428.0,75,0.32,3,1,413.0,0
54,5011.0,70,0.36,5,0,462.0,0
42,6392.0,49,0.44,9,0,442.0,0
29,4719.0,21,0.48,6,0,328.0,0
66,3886.0,86,0.69,4,0,328.0,0
64,4292.0,22,0.02,4,1,341.0,0
44,1500.0,5,0.95,8,0,277.0,1
53,5356.0,36,0.09,4,1,423.0,0
28,1500.0,94,0.57,5,1,241.0,1
37,3968.0,72,0.78,8,0,300.0,0
53,5649.0,85,0.96,9,0,401.0,0
44,6528.0,94,0.7,1,0,425.0,0
68,5673.0,5,0.97,9,0,342.0,0
51,4010.0,25,0.43,9,1,378.0,0
28,4306.0,66,0.05,5,0,410.0,0
60,5961.0,15,0.59,1,0,420.0,0
38,7337.0,19,0.82,2,2,363.0,0
44,1565.0,27,0.19,9,0,297.0,0
46,6069.0,87,0.72,9,1,369.0,0
58,4385.0,67,0.2,4,2,335.0,0
41,9234.0,9,0.51,6,1,495.0,0
48,5597.0,40,0.9,5,0,409.0,0
31,7179.0,42,0.75,3,0,483.0,0
50,3070.0,33,0.31,3,0,339.0,0
44,7038.0,56,0.14,6,2,404.0,0
64,4345.0,32,0.97,3,0,279.0,1
24,4848.0,79,0.69,2,0,355.0,0
63,7862.0,85,0.03,1,2,407.0,0
29,4782.0,80,0.69,7,0,370.0,0
27,3469.0,90,0.51,4,0,332.0,0
46,5974.0,28,0.49,4,0,418.0,0
56,7472.0,1,0.96,4,0,386.0,0
26,2952.0,71,0.58,2,0,325.0,0
37,5410.0,83,0.9,1,0,371.0,0
48,6369.0,87,0.28,4,1,373.0,0
52,3738.0,14,0.64,4,0,343.0,0
47,1596.0,19,0.29,2,0,339.0,0
67,3755.0,34,0.34,1,1,357.0,0
22,5024.0,11,0.27,8,0,386.0,0
44,8232.0,66,0.16,5,1,519.0,0
32,4307.0,55,0.49,8,0,385.0,0
25,4044.0,95,0.35,3,0,364.0,0
66,3266.0,15,0.6,3,0,343.0,0
34,3890.0,43,0.96,5,0,288.0,1
44,4278.0,25,0.99,9,0,349.0,0
48,10421.0,50,0.73,4,0,553.0,0
21,7046.0,21,0.39,5,0,451.0,0
23,4320.0,13,0.62,8,1,395.0,0
20,4747.0,70,0.45,3,0,376.0,0
35,4356.0,37,0.96,3,1,271.0,1
25,8415.0,72,0.72,7,0,470.0,0
53,1949.0,3,0.02,5,1,315.0,0
22,5670.0,91,0.44,8,1,392.0,0
67,8731.0,8,0.57,3,2,393.0,0
27,1500.0,60,0.68,5,1,196.0,0
65,6216.0,39,0.44,4,1,402.0,0
62,4898.0,97,0.06,6,0,425.0,0
59,3911.0,77,0.85,9,1,314.0,0
59,6717.0,70,0.02,8,0,463.0,0
49,5292.0,59,0.84,8,0,335.0,0
43,6119.0,13,0.25,4,0,499.0,0
47,1500.0,99,0.64,9,0,248.0,1
60,5233.0,53,0.55,5,0,470.0,0
33,5773.0,55,0.93,9,1,314.0,0
33,6968.0,77,0.84,9,0,497.0,0
21,8697.0,74,0.78,6,0,480.0,0
32,5564.0,79,0.96,5,0,376.0,0
35,5145.0,42,0.11,6,0,444.0,0
59,5780.0,59,0.01,2,1,375.0,0
39,2201.0,55,0.88,3,1,229.0,1
50,5604.0,45,0.84,1,0,322.0,0
68,1500.0,28,0.68,5,0,257.0,0
34,4700.0,65,0.92,9,0,351.0,0
49,6376.0,72,0.48,4,0,439.0,0
22,5721.0,19,0.57,1,0,422.0,0
27,6479.0,27,0.86,1,0,418.0,0
26,4213.0,14,0.41,7,0,362.0,0
21,4599.0,25,0.83,5,0,291.0,1
59,2927.0,2,0.62,5,1,189.0,1
38,6855.0,40,0.97,7,1,383.0,0
58,6932.0,11,0.48,5,0,428.0,0
67,3555.0,81,0.74,8,0,342.0,0
41,7243.0,52,0.21,8,0,516.0,0
57,3593.0,83,0.86,5,1,287.0,0
48,6700.0,51,0.74,4,0,437.0,0
50,4680.0,50,0.21,9,0,421.0,0
33,9984.0,96,0.66,8,0,542.0,0
26,4354.0,28,0.62,5,1,291.0,1
43,2774.0,83,0.27,7,0,399.0,0
64,2818.0,92,0.76,2,0,279.0,1
45,2681.0,99,0.63,7,1,225.0,1
29,4360.0,45,0.69,8,1,301.0,0
67,7693.0,82,0.02,9,2,420.0,0
33,2685.0,45,1.0,8,1,201.0,0
52,5484.0,14,0.17,1,0,405.0,0
30,7971.0,71,0.38,2,0,470.0,0
32,2575.0,44,0.84,4,0,306.0,0
40,5357.0,70,0.82,3,1,313.0,0
30,4226.0,12,0.47,2,0,354.0,0
55,2318.0,61,0.28,4,0,281.0,1
44,5568.0,53,0.6,7,1,343.0,0
56,7630.0,39,0.89,4,0,473.0,0
29,1523.0,44,0.71,4,0,246.0,1
63,4894.0,21,0.29,5,0,388.0,0
57,7660.0,62,0.29,3,1,440.0,0
50,5721.0,2,0.06,8,0,467.0,0
43,3795.0,81,0.19,7,0,394.0,0
42,5501.0,43,0.58,9,0,399.0,0
31,7224.0,2,1.0,6,1,395.0,0
52,7456.0,11,0.24,6,1,476.0,0
66,8206.0,15,0.66,5,0,425.0,0
56,7112.0,15,0.28,6,0,507.0,0
67,6851.0,58,0.01,8,0,515.0,0
52,6830.0,68,0.73,2,2,246.0,1
46,8527.0,96,0.5,6,0,542.0,0
33,1500.0,60,0.87,5,1,181.0,1
63,3742.0,80,0.15,1,0,377.0,0
69,7770.0,97,0.42,4,0,428.0,0
55,4192.0,3,0.47,2,0,309.0,0
48,8236.0,28,0.42,2,2,401.0,0
25,8468.0,49,0.29,8,1,443.0,0
31,3406.0,86,0.04,9,0,406.0,0
20,5224.0,7,0.09,7,1,373.0,0
36,2659.0,45,0.02,2,0,352.0,0
65,5628.0,78,0.12,8,0,401.0,0
68,5095.0,79,0.39,5,0,441.0,0
47,4776.0,28,0.53,2,0,386.0,0
37,4423.0,12,0.13,3,0,423.0,0
52,3923.0,22,0.05,7,2,323.0,0
53,6640.0,57,0.57,5,0,390.0,0
63,8354.0,54,0.88,3,1,422.0,0
23,4227.0,56,0.42,3,1,339.0,0
38,4075.0,96,0.18,8,0,426.0,0
25,1500.0,84,0.28,3,1,240.0,1
29,11316.0,21,0.19,9,0,618.0,0
58,2521.0,71,0.53,9,0,384.0,0
38,3058.0,29,0.17,4,0,362.0,0
43,6232.0,45,0.25,2,1,395.0,0
45,7511.0,96,0.9,1,0,431.0,0
26,7504.0,99,0.99,3,0,435.0,0
55,3019.0,73,0.76,8,1,285.0,1
30,5604.0,73,0.62,1,2,285.0,1
45,9525.0,42,0.1,8,0,548.0,0
46,3887.0,98,0.85,5,1,211.0,1
20,2953.0,14,0.57,9,0,348.0,0
22,2245.0,32,0.98,4,0,265.0,0
62,4962.0,93,0.52,9,1,325.0,0
55,6674.0,30,0.55,6,1,430.0,0
65,5643.0,24,0.7,7,1,375.0,0
43,5372.0,50,0.47,2,0,368.0,0
36,5533.0,21,0.75,7,0,397.0,0
29,5575.0,35,0.41,8,0,403.0,0
49,7556.0,45,0.22,1,0,524.0,0
64,3745.0,87,0.09,4,0,382.0,0
30,4266.0,3,0.13,9,0,402.0,0
55,3580.0,4,0.4,7,0,398.0,0
38,4433.0,54,0.52,9,1,311.0,0
33,2046.0,17,0.12,3,0,388.0,0
28,2893.0,39,0.56,4,0,339.0,0
21,3608.0,44,0.82,6,1,313.0,0
46,3006.0,79,0.5,9,1,303.0,0
27,1500.0,42,0.26,1,0,321.0,0
53,4212.0,40,0.18,9,0,394.0,0
22,6130.0,46,0.12,1,0,452.0,0
53,4345.0,35,0.44,7,0,416.0,0
59,7055.0,19,0.98,9,1,299.0,0
33,4570.0,13,0.1,3,0,440.0,0
37,5175.0,95,0.67,1,1,358.0,0
57,7394.0,5,0.75,5,0,393.0,0
50,7234.0,94,0.02,9,0,566.0,0
62,5734.0,46,0.97,2,0,406.0,0
66,2358.0,59,0.74,5,3,130.0,1
58,5169.0,75,0.45,7,1,375.0,0
66,5158.0,22,0.48,1,1,371.0,0
69,4103.0,60,0.52,8,1,281.0,0
24,5390.0,99,0.63,6,1,394.0,0
28,3722.0,6,0.38,2,0,356.0,0
49,5110.0,6,0.38,8,0,422.0,0
29,6504.0,65,0.97,2,0,405.0,0
42,5866.0,5,0.3,8,1,403.0,0
49,7858.0,82,0.32,1,0,465.0,0
26,2607.0,37,0.85,3,1,229.0,1
27,4270.0,88,0.35,7,1,344.0,0
56,3315.0,69,0.17,5,1,306.0,0
31,4303.0,66,0.56,2,0,374.0,0
47,6179.0,64,0.67,5,1,338.0,0
46,6246.0,40,0.62,8,0,447.0,0
58,7323.0,35,0.16,3,1,501.0,0
46,2984.0,94,0.79,2,0,307.0,0
67,1950.0,78,0.41,8,0,339.0,0
23,5711.0,56,0.41,1,0,447.0,0
59,4968.0,22,0.13,5,0,447.0,0
60,8513.0,8,0.98,9,0,465.0,0
20,6075.0,9,0.03,5,0,476.0,0
47,6169.0,36,0.61,3,0,422.0,0
69,1755.0,75,0.31,7,2,245.0,1
31,3554.0,58,0.39,5,0,424.0,0
59,6912.0,82,0.75,7,2,310.0,0
23,4873.0,23,0.33,1,0,367.0,0
41,2474.0,8,0.48,6,0,335.0,0
32,4738.0,31,0.93,4,1,308.0,0
32,3861.0,95,0.37,3,0,381.0,0
59,5033.0,66,0.78,8,0,401.0,0
39,5235.0,73,0.64,3,2,236.0,1
46,8419.0,58,0.49,3,0,465.0,0
33,3350.0,54,0.85,2,0,326.0,0
36,4201.0,53,0.96,6,1,306.0,0
67,1943.0,15,0.48,9,0,298.0,0
68,3446.0,47,0.24,7,0,368.0,0
39,3922.0,56,0.08,3,0,421.0,0
26,5151.0,32,0.54,8,0,440.0,0
36,5283.0,20,0.7,7,1,345.0,0
32,5340.0,49,0.18,7,0,442.0,0
33,3614.0,87,0.25,1,0,338.0,0
28,5573.0,91,0.04,5,0,478.0,0
22,6302.0,36,0.45,7,1,374.0,0
45,2521.0,44,0.52,1,0,355.0,0
42,2405.0,3,0.22,6,0,410.0,0
68,11281.0,4,0.98,4,0,542.0,0
48,5495.0,86,0.38,7,1,365.0,0
64,2616.0,11,0.76,1,0,296.0,0
32,5188.0,64,0.89,6,0,356.0,0
53,7902.0,18,0.14,3,0,520.0,0
63,5684.0,31,0.63,7,1,351.0,0
54,5149.0,3,0.32,4,1,338.0,0
63,5237.0,9,0.13,6,0,436.0,0
24,5215.0,41,0.61,4,0,376.0,0
57,3307.0,60,0.98,9,1,254.0,1
59,7418.0,46,0.61,5,0,435.0,0
54,4508.0,24,0.35,3,2,300.0,0
51,7180.0,91,0.22,5,2,379.0,0
42,3817.0,14,0.94,7,1,316.0,0
24,4501.0,69,0.67,6,2,259.0,1
60,2201.0,29,0.79,7,0,264.0,1
48,4979.0,80,0.84,7,1,299.0,0
24,5228.0,98,0.77,6,1,325.0,0
25,3674.0,59,0.42,2,0,367.0,0
41,4054.0,92,0.87,2,0,301.0,0
41,2766.0,63,0.17,3,0,331.0,0
37,1500.0,4,0.66,5,0,325.0,0
29,4609.0,27,0.22,6,0,389.0,0
63,5388.0,5,0.22,1,0,411.0,0
53,2865.0,27,0.02,8,0,308.0,0
60,3862.0,22,0.24,7,0,356.0,0
67,3021.0,5,0.3,9,1,286.0,1
63,2256.0,84,0.28,2,2,184.0,1
30,7600.0,72,0.62,9,0,487.0,0
26,8502.0,89,0.41,5,0,527.0,0
21,7967.0,59,0.33,3,0,474.0,0
51,2474.0,44,0.53,4,0,338.0,0
43,4857.0,16,0.71,5,0,400.0,0
67,8190.0,67,0.96,4,1,439.0,0
66,5649.0,1,0.84,7,0,412.0,0
50,4660.0,64,0.86,2,1,327.0,0
51,4717.0,62,0.81,7,1,300.0,0
39,5731.0,34,0.78,1,0,398.0,0
58,4544.0,17,0.05,5,0,447.0,0
28,2889.0,33,0.81,6,0,308.0,0
31,7301.0,46,0.58,2,0,439.0,0
33,4133.0,2,0.14,1,0,426.0,0
35,7449.0,73,0.9,3,1,370.0,0
52,6176.0,97,0.79,4,0,361.0,0
43,9737.0,10,0.0,3,0,632.0,0
21,2849.0,87,0.02,3,0,406.0,0
61,2759.0,45,0.71,7,0,266.0,1
52,6027.0,83,0.01,6,0,492.0,0
59,4379.0,66,0.31,3,1,290.0,0
67,5929.0,98,0.36,5,0,450.0,0
47,2948.0,56,0.16,9,0,440.0,0
33,6103.0,8,0.99,6,1,289.0,1
63,4454.0,61,0.15,5,1,377.0,0
55,6802.0,23,0.9,6,1,363.0,0
65,7050.0,24,0.04,9,0,520.0,0
64,5696.0,89,0.68,2,0,375.0,0
65,3734.0,24,0.5,9,2,220.0,1
50,4037.0,44,0.9,2,2,199.0,1
42,6912.0,85,0.41,5,0,439.0,0
21,6127.0,53,0.91,5,1,334.0,0
68,7982.0,42,0.4,1,0,482.0,0
30,4636.0,2,0.69,6,1,353.0,0
30,3826.0,23,0.72,5,2,249.0,1
69,1500.0,74,0.57,4,1,246.0,1
25,5848.0,32,0.31,5,1,393.0,0
40,6647.0,55,0.5,5,0,457.0,0
20,4396.0,35,0.99,3,0,312.0,0
54,5337.0,2,0.78,5,2,287.0,0
34,2782.0,15,0.78,9,0,315.0,0
49,5285.0,53,0.32,8,0,397.0,0
50,2171.0,46,0.32,7,0,309.0,0
21,3427.0,60,0.76,7,2,245.0,1
39,7122.0,18,0.29,4,0,488.0,0
24,5741.0,69,0.23,8,0,457.0,0
20,2821.0,66,0.12,3,0,407.0,0
69,6340.0,75,0.85,8,0,411.0,0
43,4200.0,66,0.16,4,0,392.0,0
37,6605.0,93,0.2,8,1,377.0,0
43,3674.0,70,0.56,5,1,368.0,0
34,1500.0,3,0.01,7,1,311.0,0
30,7093.0,99,0.99,4,0,431.0,0
52,2305.0,23,0.64,5,0,272.0,1
43,4770.0,91,0.31,4,1,379.0,0
64,5375.0,53,0.43,1,0,409.0,0
63,5544.0,10,0.64,7,0,420.0,0
23,6262.0,12,0.52,4,0,468.0,0
52,8489.0,77,0.84,1,0,478.0,0
20,7417.0,24,0.05,7,1,420.0,0
28,5673.0,43,0.85,1,0,394.0,0
62,2037.0,36,0.6,5,0,294.0,0
59,5718.0,51,0.58,4,0,395.0,0
61,5844.0,38,0.51,9,0,404.0,0
65,4799.0,80,0.9,8,0,309.0,0
68,4251.0,13,0.2,3,0,396.0,0
30,6361.0,13,0.14,9,1,467.0,0
28,4637.0,61,0.82,5,0,339.0,0
47,6365.0,36,0.52,3,1,400.0,0
44,1746.0,41,0.0,4,0,351.0,0
58,6047.0,65,0.55,7,0,470.0,0
69,4409.0,97,0.19,1,0,415.0,0
47,3733.0,95,0.69,3,0,377.0,0
46,1946.0,69,0.75,6,1,201.0,0
62,3098.0,90,0.35,2,1,315.0,0
32,3038.0,24,0.47,7,1,271.0,1
38,8356.0,38,0.38,7,0,520.0,0
26,1500.0,77,0.77,6,0,285.0,1
43,6102.0,37,0.76,5,0,419.0,0
47,1500.0,60,0.77,8,0,225.0,1
44,1500.0,11,0.81,2,0,218.0,1
49,4795.0,32,0.36,9,0,395.0,0
29,5687.0,79,0.65,1,0,412.0,0
30,2524.0,35,0.18,7,1,250.0,1
40,3873.0,56,0.43,5,2,288.0,0
47,6596.0,18,0.87,7,0,391.0,0
64,6953.0,97,0.73,4,1,344.0,0
68,7442.0,16,0.14,4,2,401.0,0
21,6403.0,51,0.33,8,0,450.0,0
49,6122.0,68,0.16,9,1,468.0,0
49,8563.0,85,0.91,1,0,431.0,0
53,6008.0,68,0.56,7,0,414.0,0
67,5004.0,27,0.38,8,0,448.0,0
41,6939.0,29,0.77,5,1,383.0,0
63,4370.0,75,0.72,6,1,322.0,0
23,5482.0,69,0.07,6,1,486.0,0
29,3372.0,91,0.63,3,0,315.0,0
48,1787.0,50,0.87,8,0,285.0,0
59,7689.0,6,0.07,8,0,528.0,0
49,4360.0,44,0.9,2,1,303.0,0
28,5817.0,31,0.32,2,0,461.0,0
39,6731.0,61,0.85,2,1,396.0,0
45,7616.0,82,0.25,7,1,471.0,0
42,3138.0,67,0.2,6,0,355.0,0
69,7113.0,24,1.0,1,2,300.0,0
64,5920.0,2,0.61,1,1,424.0,0
59,4515.0,68,0.11,8,0,431.0,0
38,6518.0,42,0.32,8,1,432.0,0
66,3034.0,38,0.38,3,0,334.0,0
55,6237.0,33,0.04,1,0,477.0,0
36,3815.0,89,1.0,4,1,257.0,1
34,6137.0,35,0.0,5,0,485.0,0
35,3817.0,54,0.68,9,1,285.0,1
47,4002.0,28,0.67,1,0,350.0,0
41,3806.0,11,0.94,6,0,350.0,0
48,3455.0,26,0.78,3,1,268.0,1
22,6899.0,87,1.0,1,0,397.0,0
62,6556.0,82,0.26,4,1,368.0,0
29,5273.0,50,0.64,5,0,425.0,0
25,3726.0,13,0.7,4,0,361.0,0
26,3909.0,50,0.4,6,0,427.0,0
58,8151.0,8,0.35,8,2,418.0,0
27,6746.0,6,0.5,4,2,333.0,0
64,2268.0,89,0.01,3,0,367.0,0
57,5170.0,28,0.7,7,0,406.0,0
67,1524.0,95,0.07,1,1,293.0,0
42,8211.0,64,0.1,4,1,426.0,0
33,5834.0,58,0.96,5,0,373.0,0
62,3525.0,80,0.94,2,0,290.0,0
27,5548.0,36,0.86,4,0,396.0,0
39,1500.0,13,0.63,3,1,216.0,1
55,6896.0,40,0.26,1,0,493.0,0
55,6546.0,14,0.35,5,0,459.0,0
51,3696.0,69,0.51,8,0,360.0,0
46,6448.0,6,0.01,1,0,490.0,0
40,4481.0,55,0.65,2,1,266.0,0
62,6446.0,32,0.19,8,0,492.0,0
68,3248.0,69,0.85,4,2,202.0,1
66,2540.0,11,0.47,5,0,348.0,0
41,3670.0,87,0.01,7,0,346.0,0
52,3011.0,48,0.57,4,1,268.0,1
63,5706.0,28,0.46,7,1,376.0,0
39,4388.0,25,0.87,1,0,306.0,0
43,4439.0,75,0.99,4,1,254.0,1
25,5865.0,20,0.29,1,0,483.0,0
41,5623.0,86,0.12,1,0,418.0,0
30,5650.0,49,0.62,4,0,425.0,0
67,4463.0,4,0.85,6,0,395.0,0
53,2947.0,30,0.48,3,0,357.0,0
24,6264.0,38,0.54,1,1,425.0,0
40,1500.0,3,0.45,8,2,216.0,1
63,3148.0,93,0.14,7,1,330.0,0
43,3289.0,43,0.19,2,0,391.0,0
53,5334.0,6,0.56,5,0,456.0,0
56,2924.0,63,0.99,2,2,213.0,1
26,5383.0,67,0.15,8,0,463.0,0
43,3525.0,75,0.82,4,0,346.0,0
66,2962.0,60,0.86,2,2,233.0,1
43,8824.0,32,0.64,4,1,407.0,0
57,5885.0,39,0.88,2,0,404.0,0
29,4305.0,40,0.2,2,0,438.0,0
29,1500.0,61,0.65,5,1,209.0,1
46,3726.0,44,0.86,2,0,355.0,0
64,7185.0,24,0.77,9,0,441.0,0
45,2900.0,34,0.99,1,0,286.0,1
25,6614.0,59,0.56,1,0,433.0,0
53,3859.0,74,0.04,2,1,397.0,0
34,5110.0,44,0.86,3,0,388.0,0
25,3426.0,95,0.72,7,0,335.0,0
32,3302.0,51,0.9,3,1,290.0,1
30,8638.0,4,0.88,4,0,437.0,0
66,8037.0,87,0.01,5,1,511.0,0
22,4274.0,64,0.98,1,0,356.0,0
34,5116.0,82,0.42,6,1,362.0,0
49,9235.0,49,0.99,7,1,372.0,0
25,3425.0,75,0.85,1,0,278.0,1
23,8872.0,71,0.36,2,0,514.0,0
60,8160.0,31,0.86,7,0,446.0,0
44,4547.0,52,0.15,1,0,437.0,0
27,1599.0,20,0.36,4,0,314.0,0
68,7197.0,44,0.75,1,0,449.0,0
59,4939.0,20,0.71,8,0,352.0,0
27,3899.0,5,0.01,8,0,461.0,0
57,6159.0,49,0.02,5,0,500.0,0
40,3504.0,25,0.22,6,1,326.0,0
28,5437.0,99,0.5,4,0,389.0,0
65,7623.0,79,0.43,8,0,487.0,0
21,7549.0,58,0.89,4,1,335.0,0
26,6399.0,40,0.62,2,0,450.0,0
55,6911.0,99,0.76,9,1,368.0,0
22,5156.0,51,0.9,7,2,289.0,1
37,5556.0,79,0.03,6,1,447.0,0
40,2183.0,63,0.08,5,2,300.0,0
38,1729.0,69,0.72,5,0,288.0,1
24,6743.0,27,0.18,4,1,440.0,0
63,4742.0,73,0.17,2,1,431.0,0
61,5250.0,7,0.76,5,0,338.0,0
41,5911.0,88,0.61,6,0,482.0,0
35,2752.0,45,0.73,2,0,312.0,0
38,5562.0,9,0.7,4,0,431.0,0
29,7751.0,87,0.79,4,2,351.0,0
64,5883.0,75,0.09,7,1,363.0,0
54,4615.0,99,0.39,2,0,421.0,0
69,5488.0,85,0.11,8,0,427.0,0
20,6437.0,38,0.33,1,1,416.0,0
61,4185.0,11,0.23,6,0,406.0,0
38,2538.0,23,0.15,6,1,353.0,0
40,8347.0,11,0.15,3,0,554.0,0
53,2964.0,14,0.91,3,1,245.0,1
49,6519.0,35,0.85,7,2,320.0,0
51,5346.0,10,0.37,4,0,446.0,0
57,2329.0,23,0.82,6,2,220.0,1
62,6324.0,70,0.47,3,1,422.0,0
38,4457.0,80,0.2,9,0,439.0,0
35,3738.0,83,0.87,9,1,300.0,0
41,4018.0,60,0.31,1,1,355.0,0
25,2859.0,33,0.21,8,0,312.0,0
36,2968.0,13,0.88,2,0,344.0,0
68,3175.0,44,0.02,5,0,424.0,0
47,6576.0,88,0.91,5,0,431.0,0
59,2830.0,29,0.08,2,1,370.0,0
49,2666.0,17,0.67,1,0,314.0,0
21,5793.0,88,0.12,8,0,502.0,0
53,1500.0,5,0.62,1,0,276.0,1
58,1500.0,41,0.03,2,0,347.0,0
37,5249.0,8,0.89,2,0,357.0,0
31,4837.0,35,0.43,7,0,463.0,0
65,3563.0,90,0.73,5,2,279.0,1
61,7740.0,19,0.6,9,0,489.0,0
56,3530.0,25,0.59,1,0,340.0,0
60,3443.0,46,0.12,8,0,374.0,0
58,4622.0,41,0.57,6,1,330.0,0
29,4306.0,83,0.12,1,0,472.0,0
24,6645.0,21,0.69,7,0,410.0,0
23,1500.0,39,0.7,1,0,284.0,0
47,5569.0,49,0.52,3,0,422.0,0
26,6093.0,21,0.96,4,2,316.0,0
60,7544.0,56,0.69,5,1,441.0,0
66,3351.0,94,0.2,5,0,405.0,0
62,3291.0,80,0.82,4,0,303.0,0
34,6399.0,90,0.25,3,0,478.0,0
22,6048.0,36,0.47,2,1,404.0,0
56,4882.0,28,0.39,1,1,354.0,0
55,5030.0,5,0.95,3,1,360.0,0
31,3619.0,92,0.23,8,0,357.0,0
35,3283.0,57,0.27,7,0,358.0,0
62,6878.0,76,0.18,8,1,450.0,0
41,1955.0,58,0.93,8,0,264.0,1
35,2729.0,38,0.67,6,1,282.0,0
27,5179.0,5,0.73,5,0,355.0,0
42,1793.0,42,0.63,4,1,228.0,1
25,4420.0,73,0.99,7,1,214.0,1
35,4498.0,6,0.33,6,0,418.0,0
38,5910.0,91,0.87,4,0,335.0,0
53,8199.0,41,0.06,3,0,530.0,0
20,1736.0,7,0.07,8,0,360.0,0
65,2369.0,19,0.49,4,0,394.0,0
54,5092.0,69,0.04,4,2,314.0,0
37,4367.0,16,0.04,9,0,436.0,0
49,1500.0,4,0.28,8,1,282.0,1
58,6284.0,57,0.01,7,0,485.0,0
62,2999.0,4,0.45,7,0,331.0,0
64,3373.0,55,0.45,6,0,369.0,0
66,4931.0,43,0.84,9,0,328.0,0
28,5618.0,30,0.67,4,0,413.0,0
56,3213.0,56,0.94,2,0,289.0,1
66,2945.0,63,0.06,4,1,331.0,0
63,5638.0,65,0.11,5,1,376.0,0
45,3986.0,83,0.67,3,2,255.0,1
61,4420.0,34,0.34,7,1,329.0,0
52,4860.0,40,0.17,6,1,334.0,0
56,4677.0,26,0.57,3,1,344.0,0
21,3762.0,88,0.29,5,0,398.0,0
64,6762.0,98,0.73,9,0,424.0,0
20,4941.0,70,0.91,6,0,300.0,0
46,4474.0,40,0.73,9,1,346.0,0
34,5742.0,98,0.71,3,0,384.0,0
44,5004.0,79,0.49,3,1,343.0,0
58,8476.0,12,0.03,4,0,554.0,0
25,3213.0,78,0.18,1,0,424.0,0
28,7791.0,12,0.99,7,0,437.0,0
40,5784.0,26,0.54,6,0,411.0,0
31,5514.0,61,0.84,9,2,279.0,1
32,4572.0,63,0.3,1,0,444.0,0
54,3910.0,99,0.68,4,0,359.0,0
35,5206.0,48,0.17,1,0,459.0,0
47,10002.0,61,0.12,7,2,481.0,0
40,4440.0,7,0.54,1,0,362.0,0
29,7597.0,38,0.91,1,0,443.0,0
22,4364.0,22,0.66,3,0,391.0,0
47,4313.0,81,0.84,4,0,321.0,0
27,1500.0,31,0.22,4,0,321.0,0
29,4223.0,25,0.02,3,0,405.0,0
54,6085.0,9,0.93,1,0,351.0,0
61,3277.0,67,0.2,5,0,388.0,0
66,5866.0,82,0.98,4,0,425.0,0
24,5413.0,59,0.1,4,0,484.0,0
61,5881.0,58,0.56,2,1,333.0,0
24,6253.0,48,0.85,6,1,362.0,0
50,4772.0,69,0.62,2,0,366.0,0
63,3694.0,15,0.03,1,0,428.0,0
46,2764.0,30,0.97,6,0,292.0,0
30,4148.0,7,0.82,3,0,371.0,0
68,6444.0,94,0.7,3,0,393.0,0
47,6468.0,28,0.69,6,0,410.0,0
58,4270.0,7,0.88,4,1,268.0,1
45,3154.0,36,0.24,8,1,269.0,0
34,9341.0,91,0.33,5,0,554.0,0
37,5574.0,2,0.78,3,0,377.0,0
45,5368.0,5,0.63,2,1,356.0,0
51,4938.0,84,0.49,2,2,238.0,1
41,8211.0,94,0.96,4,0,461.0,0
21,5127.0,12,0.85,2,0,364.0,0
23,6012.0,98,0.51,3,0,427.0,0
38,5116.0,15,0.81,2,1,274.0,1
65,5183.0,27,0.83,4,1,341.0,0
44,5841.0,74,0.4,8,0,489.0,0
30,3776.0,92,0.92,4,0,342.0,0
25,6799.0,53,0.99,2,0,440.0,0
33,5361.0,14,0.81,3,0,348.0,0
63,3534.0,29,0.64,1,1,294.0,0
20,3701.0,93,0.39,5,0,378.0,0
41,5762.0,49,0.52,5,0,515.0,0
20,4358.0,82,0.13,2,1,369.0,0
48,3318.0,58,0.57,5,0,302.0,0
42,5810.0,42,0.17,1,0,466.0,0
34,5209.0,8,0.35,4,1,395.0,0
39,5521.0,79,0.17,5,0,421.0,0
26,5453.0,67,0.59,6,0,456.0,0
48,5002.0,9,0.92,3,0,390.0,0
30,8283.0,59,0.72,3,0,478.0,0
31,4780.0,63,0.49,3,1,349.0,0
42,1500.0,87,0.56,3,2,204.0,1
67,1500.0,29,0.55,6,0,324.0,0
65,6303.0,73,0.3,4,0,481.0,0
31,5485.0,63,0.01,6,4,270.0,0
52,4438.0,52,0.64,8,0,350.0,0
25,5580.0,68,0.81,4,0,352.0,0
41,7426.0,22,0.68,7,0,453.0,0
25,1500.0,61,0.33,9,0,368.0,0
28,4092.0,24,0.55,5,0,372.0,0
44,2806.0,77,0.96,8,1,244.0,1
61,5334.0,88,0.46,1,0,396.0,0
22,9489.0,65,0.3,6,1,518.0,0
34,5404.0,70,0.51,3,0,362.0,0
50,5314.0,48,0.31,6,1,395.0,0
24,1925.0,2,0.32,8,1,294.0,0
30,1637.0,40,0.04,4,1,280.0,1
45,6227.0,94,0.1,4,0,445.0,0
48,1500.0,23,0.12,2,0,336.0,0
66,6445.0,1,0.49,1,0,451.0,0
55,2749.0,62,0.79,4,0,317.0,0
51,4942.0,13,0.17,7,0,463.0,0
42,2043.0,25,0.33,5,0,350.0,0
63,5953.0,93,0.95,9,0,385.0,0
22,2184.0,59,0.62,7,0,279.0,1
33,5021.0,14,0.77,8,0,325.0,0
34,7348.0,28,0.05,3,0,527.0,0
63,1765.0,57,0.7,1,1,225.0,0
50,3307.0,46,0.8,3,0,354.0,0
29,7727.0,18,0.69,7,0,437.0,0
49,5387.0,19,0.35,4,0,412.0,0
47,5086.0,15,0.11,9,1,404.0,0
63,4441.0,77,0.4,3,1,293.0,0
41,6014.0,35,0.89,8,0,411.0,0
24,6390.0,92,0.05,9,0,502.0,0
57,8621.0,59,0.6,2,0,485.0,0
64,7293.0,61,0.93,5,0,422.0,0
63,4371.0,84,0.22,3,1,325.0,0
20,2892.0,92,0.03,7,0,407.0,0
61,7381.0,87,0.8,8,0,471.0,0
66,6429.0,57,0.02,7,0,495.0,0
46,6021.0,90,0.94,8,0,380.0,0
22,4654.0,18,0.31,6,1,375.0,0
38,4950.0,90,0.95,1,1,288.0,1
30,5401.0,78,0.46,4,0,455.0,0
50,1893.0,63,0.19,4,0,358.0,0
52,7830.0,25,0.42,5,0,474.0,0
30,6446.0,40,0.24,7,0,478.0,0
64,1500.0,89,0.89,9,0,295.0,0
66,2317.0,12,0.21,5,1,325.0,0
59,5102.0,44,0.23,8,0,464.0,0
43,4402.0,70,0.75,2,1,283.0,1
35,7168.0,9,0.57,2,1,362.0,0
41,5482.0,84,0.45,2,0,399.0,0
26,3453.0,56,0.67,1,1,274.0,1
50,1597.0,59,0.97,9,0,272.0,1
29,1995.0,4,0.79,9,4,102.0,1
66,2659.0,12,0.84,8,1,232.0,0
34,2133.0,82,0.69,3,0,276.0,1
62,1500.0,78,0.55,8,1,278.0,0
44,5733.0,16,0.19,3,0,479.0,0
67,2752.0,82,0.35,3,0,364.0,0
37,3742.0,73,0.09,8,2,300.0,0
46,2195.0,98,0.61,1,0,336.0,0
58,3176.0,46,0.19,9,1,310.0,0
20,5365.0,56,0.11,2,1,420.0,0
57,6426.0,51,0.93,9,0,415.0,0
54,4941.0,26,0.52,7,0,396.0,0
61,4842.0,77,0.82,9,0,284.0,1
53,3068.0,79,0.79,3,1,339.0,0
56,5403.0,14,0.76,3,0,397.0,0
36,4419.0,73,0.8,9,2,268.0,1
41,4032.0,57,0.84,1,0,325.0,0
54,4188.0,47,0.48,4,0,372.0,0
37,4415.0,22,0.59,5,1,316.0,0
47,7167.0,32,0.7,9,0,473.0,0
38,3958.0,26,0.12,4,1,367.0,0
60,2825.0,75,0.02,5,0,416.0,0
54,3408.0,88,0.57,2,0,353.0,0
57,1500.0,98,0.09,2,0,251.0,0
54,7031.0,42,0.44,1,0,464.0,0
47,2190.0,10,0.69,7,0,330.0,0
27,4914.0,22,0.96,2,0,387.0,0
23,6629.0,11,0.62,3,2,371.0,0
28,2464.0,78,0.11,3,0,376.0,0
25,6841.0,28,0.69,9,1,371.0,0
43,7849.0,82,0.63,9,2,357.0,0
58,9920.0,77,0.34,2,0,612.0,0
30,3181.0,41,0.1,7,0,407.0,0
54,4807.0,77,0.58,7,1,321.0,0
20,6499.0,1,0.36,5,0,445.0,0
30,3151.0,85,0.58,6,0,363.0,0
37,7698.0,49,0.6,8,1,447.0,0
42,3849.0,18,0.42,7,0,387.0,0
39,6251.0,16,0.79,9,0,398.0,0
60,3457.0,54,0.29,1,1,320.0,0
22,4934.0,60,0.93,3,0,403.0,0
45,7346.0,18,0.28,6,1,394.0,0
38,8589.0,63,0.6,9,1,437.0,0
51,2320.0,94,0.34,4,2,253.0,1
58,2845.0,92,0.04,9,0,401.0,0
41,5590.0,83,0.58,7,1,373.0,0
41,3476.0,29,0.95,9,1,229.0,1
50,4519.0,51,0.01,2,1,362.0,0
24,4924.0,22,0.62,8,0,357.0,0
63,6629.0,61,0.2,4,1,435.0,0
67,7090.0,21,0.84,3,1,370.0,0
51,5892.0,63,0.45,3,2,319.0,0
43,6327.0,71,0.04,2,1,501.0,0
51,4634.0,63,0.02,1,0,416.0,0
35,2445.0,40,0.92,6,0,260.0,1
64,3686.0,82,0.04,6,1,352.0,0
31,3688.0,48,0.9,2,0,331.0,0
66,4891.0,76,0.4,5,0,426.0,0
35,2909.0,68,0.58,2,1,300.0,0
27,7095.0,40,0.78,4,0,425.0,0
59,2824.0,96,0.25,9,1,305.0,0
32,4283.0,8,0.21,7,1,396.0,0
39,3293.0,12,0.18,9,0,331.0,0
38,2861.0,86,0.55,8,0,352.0,0
39,1500.0,99,0.18,2,0,361.0,0
35,2797.0,65,0.7,1,0,327.0,0
60,4070.0,71,0.1,5,2,304.0,0
32,6736.0,41,0.58,9,0,440.0,0
27,5241.0,59,0.77,3,0,363.0,0
38,6191.0,56,0.15,6,0,426.0,0
40,5914.0,57,0.83,1,0,314.0,0
49,3869.0,71,0.68,8,0,362.0,0
55,6507.0,12,0.6,6,0,438.0,0
35,3908.0,44,0.68,9,0,339.0,0
49,7022.0,29,0.76,6,0,428.0,0
45,1580.0,54,0.37,9,0,266.0,1
43,5724.0,37,0.24,5,2,309.0,0
38,3169.0,96,0.4,7,0,409.0,0
43,1904.0,17,0.73,9,0,267.0,1
43,5676.0,82,0.99,7,0,385.0,0
20,4233.0,3,0.6,9,1,338.0,0
21,6367.0,64,0.91,7,0,366.0,0
65,4588.0,3,0.58,2,0,360.0,0
21,7557.0,16,0.54,5,0,507.0,0
34,5377.0,74,0.08,8,0,438.0,0
32,4697.0,50,0.62,8,0,302.0,0
69,6767.0,10,0.75,5,0,432.0,0
24,7054.0,7,0.34,8,0,455.0,0
39,6742.0,84,0.73,9,0,427.0,0
51,3455.0,61,0.75,8,2,250.0,1
34,5695.0,15,0.02,8,1,368.0,0
44,4779.0,13,0.67,5,0,399.0,0
65,7074.0,9,0.79,1,0,427.0,0
34,4333.0,55,0.68,3,0,417.0,0
41,3964.0,21,0.23,7,1,425.0,0
58,7475.0,68,0.73,9,1,434.0,0
30,5634.0,47,0.67,3,0,381.0,0
64,3805.0,67,0.61,6,0,347.0,0
28,4399.0,77,0.33,5,1,340.0,0
31,4641.0,25,0.55,8,0,405.0,0
32,6621.0,86,0.65,5,3,270.0,1
67,6735.0,93,0.45,1,0,501.0,0
31,3271.0,74,0.35,2,1,354.0,0
21,4886.0,49,0.61,9,0,319.0,0
24,5867.0,92,0.79,4,0,447.0,0
43,4267.0,35,0.67,7,1,317.0,0
53,4692.0,33,0.28,3,0,442.0,0
39,2787.0,23,0.09,7,2,249.0,1
36,7441.0,46,0.15,6,0,507.0,0
62,5013.0,70,0.23,9,1,357.0,0
45,3740.0,31,0.81,9,0,356.0,0
30,6327.0,42,0.77,9,3,267.0,1
67,4908.0,48,0.62,5,0,372.0,0
32,2927.0,63,0.99,3,0,306.0,0
22,6989.0,36,0.84,1,0,412.0,0
51,6374.0,53,0.81,9,1,371.0,0
20,8456.0,5,0.59,7,0,502.0,0
67,8346.0,71,0.74,8,1,406.0,0
38,7510.0,88,0.07,6,1,470.0,0
27,2079.0,5,0.16,2,1,328.0,0
34,4011.0,38,0.78,8,0,271.0,1
39,3452.0,40,0.28,5,0,336.0,0
40,2642.0,67,0.78,1,1,176.0,1
36,3898.0,51,0.67,9,1,241.0,1
56,7561.0,69,0.22,7,0,521.0,0
49,2837.0,86,0.68,4,0,324.0,0
51,6133.0,37,0.28,9,2,383.0,0
22,6079.0,77,0.62,8,1,304.0,0
21,5390.0,48,0.68,9,0,415.0,0
23,9421.0,52,0.89,4,1,457.0,0
20,3010.0,4,0.31,1,0,351.0,0
33,4676.0,70,0.5,4,0,333.0,0
43,8008.0,27,0.72,9,2,347.0,0
42,6056.0,92,0.55,9,0,437.0,0
46,6134.0,89,0.35,5,0,449.0,0
47,7276.0,48,0.92,5,1,342.0,0
44,9393.0,79,0.09,4,1,504.0,0
30,4350.0,25,0.05,4,0,403.0,0
51,7670.0,9,0.15,2,0,528.0,0
60,2346.0,25,0.87,9,0,289.0,0
30,4723.0,64,0.39,6,0,388.0,0
33,5004.0,34,0.71,7,0,350.0,0
29,3997.0,97,0.82,1,2,227.0,1
56,3755.0,32,0.68,4,1,352.0,0
45,1500.0,14,0.86,1,0,245.0,1
63,9006.0,67,0.48,3,0,504.0,0
37,4508.0,49,1.0,5,0,400.0,0
64,6218.0,43,0.82,1,0,391.0,0
60,3612.0,31,0.96,8,0,324.0,0
65,8019.0,83,0.84,8,3,313.0,0
60,6334.0,21,0.96,3,0,425.0,0
64,8796.0,14,0.33,1,0,531.0,0
58,3914.0,7,0.13,5,0,402.0,0
42,4807.0,51,0.58,3,0,394.0,0
55,7896.0,1,0.33,2,0,493.0,0
62,6193.0,11,0.13,5,1,466.0,0
33,5297.0,34,0.31,3,1,339.0,0
27,4637.0,66,0.74,4,0,367.0,0
62,1766.0,83,0.55,8,0,290.0,1
24,2756.0,5,0.64,2,0,303.0,0
48,5447.0,19,0.09,5,1,417.0,0
32,9603.0,13,0.57,1,2,396.0,0
36,4803.0,97,0.73,7,0,301.0,0
21,3279.0,75,0.45,5,0,364.0,0
56,6055.0,39,0.66,8,0,340.0,0
60,1918.0,99,0.2,8,0,310.0,0
61,5958.0,2,0.62,6,1,413.0,0
39,6572.0,26,0.85,1,0,399.0,0
55,5805.0,24,0.59,3,0,434.0,0
60,4834.0,91,0.42,7,0,400.0,0
23,9017.0,3,0.63,4,1,490.0,0
23,6531.0,65,0.5,5,0,380.0,0
69,5774.0,50,0.2,5,0,468.0,0
54,2300.0,81,0.38,5,0,359.0,0
32,4382.0,46,0.57,6,1,333.0,0
30,5405.0,57,0.73,1,0,345.0,0
38,5963.0,71,0.15,4,0,500.0,0
38,4128.0,36,0.55,5,0,384.0,0
31,4801.0,56,0.02,3,0,408.0,0
21,3311.0,1,0.46,6,0,368.0,0
37,5826.0,73,0.86,7,0,403.0,0
30,5783.0,29,0.72,9,0,377.0,0
29,1500.0,44,0.5,6,0,347.0,0
23,4884.0,90,0.33,5,1,316.0,0
51,7783.0,27,0.66,6,3,327.0,0
28,5984.0,8,0.56,4,0,444.0,0
47,3821.0,81,0.83,4,0,365.0,0
66,5867.0,74,0.97,6,0,378.0,0
37,6295.0,37,0.75,1,0,369.0,0
53,2020.0,6,0.46,9,0,297.0,0
24,6371.0,9,0.97,9,1,324.0,0
52,5040.0,45,0.81,6,0,332.0,0
48,5751.0,58,0.46,8,0,392.0,0
54,9471.0,4,0.34,1,1,444.0,0
37,6329.0,40,0.59,2,0,424.0,0
35,6830.0,40,0.42,8,0,421.0,0
43,6285.0,91,0.15,8,1,422.0,0
22,3416.0,78,0.78,3,0,279.0,1
24,8853.0,24,0.34,2,0,529.0,0
31,5371.0,59,0.12,5,1,410.0,0
48,4867.0,63,0.44,5,0,406.0,0
27,4216.0,68,0.75,9,0,346.0,0
60,6877.0,22,0.98,5,0,395.0,0
22,6034.0,76,0.7,2,2,339.0,0
28,4119.0,58,0.51,1,0,409.0,0
45,7471.0,90,0.53,5,0,509.0,0
21,3716.0,20,0.84,6,0,363.0,0
47,1500.0,6,0.24,8,0,328.0,0
21,5273.0,87,0.38,3,1,379.0,0
44,1500.0,4,0.2,2,0,344.0,0
27,2529.0,51,0.56,9,1,288.0,1
60,6590.0,12,0.06,1,0,475.0,0
24,7798.0,42,0.86,4,0,419.0,0
44,4973.0,29,0.67,7,2,260.0,1
54,4888.0,71,0.24,2,0,365.0,0
40,6596.0,2,0.17,4,1,421.0,0
27,7295.0,1,0.45,3,0,441.0,0
55,4911.0,34,0.17,8,0,464.0,0
60,3718.0,31,0.95,5,1,325.0,0
67,4838.0,25,0.99,6,0,365.0,0
47,4046.0,94,0.9,1,0,335.0,0
60,4750.0,8,0.55,9,1,341.0,0
53,8352.0,92,0.64,9,0,463.0,0
40,8247.0,39,0.23,2,1,491.0,0
58,5598.0,40,0.67,6,1,353.0,0
69,2141.0,12,0.24,7,0,303.0,0
55,6571.0,21,0.78,4,1,338.0,0
69,6936.0,70,0.82,2,0,426.0,0
62,5360.0,6,0.24,6,0,457.0,0
67,6836.0,46,0.65,2,1,400.0,0
40,4788.0,28,0.89,6,0,414.0,0
28,5083.0,96,0.47,2,1,366.0,0
42,3314.0,10,0.54,2,0,316.0,0
48,3798.0,12,0.61,9,0,349.0,0
32,5051.0,26,0.7,7,1,346.0,0
61,5983.0,64,0.92,6,0,376.0,0
57,4426.0,74,0.06,4,1,366.0,0
39,9036.0,40,0.91,5,0,472.0,0
20,3774.0,19,0.68,3,0,335.0,0
62,2806.0,85,0.6,2,0,310.0,0
61,3932.0,47,0.41,9,0,347.0,0
37,6431.0,94,0.4,3,0,431.0,0
68,4294.0,38,0.4,4,0,393.0,0
61,3791.0,27,0.52,7,1,358.0,0
31,3855.0,2,0.43,1,0,322.0,0
69,3990.0,46,0.88,4,1,300.0,0
53,4651.0,7,0.98,4,1,278.0,1
60,4080.0,64,0.04,6,2,293.0,0
37,1656.0,98,0.67,2,1,215.0,1
22,3499.0,66,0.5,9,1,338.0,0
63,9090.0,30,0.64,1,0,492.0,0
27,6471.0,53,0.45,3,1,387.0,0
20,6299.0,89,0.44,4,0,446.0,0
67,4446.0,28,0.62,5,0,318.0,0
65,2760.0,36,0.61,8,1,269.0,0
45,2595.0,32,0.05,9,0,400.0,0
68,4590.0,77,0.44,4,0,385.0,0
21,1588.0,90,0.62,3,0,316.0,0
44,5690.0,87,0.33,7,0,419.0,0
46,2897.0,39,0.18,8,0,364.0,0
59,5030.0,42,0.96,9,1,274.0,1
37,3752.0,78,0.11,4,3,281.0,0
34,5653.0,84,0.27,5,0,399.0,0
34,4914.0,57,0.42,3,0,436.0,0
54,4663.0,64,0.7,1,1,332.0,0
25,4687.0,76,0.43,7,0,423.0,0
64,2691.0,73,0.09,5,1,335.0,0
38,3541.0,11,0.53,4,1,278.0,1
52,2849.0,20,0.8,8,1,204.0,1
33,3038.0,23,0.7,3,0,332.0,0
51,3484.0,50,0.87,8,0,355.0,0
32,3120.0,37,0.71,4,0,277.0,1
59,5566.0,22,0.72,7,1,362.0,0
27,5801.0,42,0.91,9,0,388.0,0
47,5407.0,41,0.84,1,0,390.0,0
26,4000.0,82,0.96,8,0,335.0,0
63,5642.0,31,0.06,8,0,444.0,0
54,7334.0,56,0.3,9,0,500.0,0
68,4459.0,62,0.38,1,0,389.0,0
37,6814.0,11,0.37,7,0,479.0,0
42,4677.0,45,0.52,9,0,376.0,0
25,5464.0,1,0.91,9,1,299.0,0
40,3255.0,30,0.75,3,0,298.0,0
56,4081.0,16,0.9,2,1,278.0,1
68,2515.0,70,0.76,3,1,218.0,1
44,6270.0,79,0.7,3,0,378.0,0
45,6207.0,72,0.03,3,0,482.0,0
21,7392.0,81,0.18,5,1,415.0,0
27,6590.0,16,0.43,7,0,441.0,0
45,1500.0,53,0.73,8,1,213.0,1
55,3884.0,23,0.21,3,0,421.0,0
66,7515.0,98,0.28,4,0,478.0,0
67,7358.0,42,0.18,8,1,467.0,0
21,4575.0,42,0.97,8,0,351.0,0
30,5107.0,85,0.97,1,0,359.0,0
35,5080.0,83,0.17,9,0,452.0,0
69,5030.0,95,0.25,9,0,404.0,0
48,4440.0,92,0.49,2,0,374.0,0
66,3839.0,70,0.2,7,0,418.0,0
28,3603.0,45,0.75,8,0,294.0,0
28,4660.0,30,0.1,7,0,423.0,0
31,5276.0,5,0.06,4,1,395.0,0
63,4043.0,75,0.38,6,0,392.0,0
59,6587.0,4,0.85,5,1,336.0,0
65,6710.0,54,0.83,7,0,462.0,0
68,2002.0,2,0.86,2,0,283.0,1
23,6147.0,43,0.15,1,0,479.0,0
34,4854.0,55,0.13,9,0,438.0,0
39,3851.0,70,0.48,8,2,263.0,1
66,3627.0,51,0.03,2,0,436.0,0
34,5991.0,28,0.27,8,0,410.0,0
50,6476.0,85,0.55,7,3,283.0,1
45,3770.0,65,0.77,4,1,229.0,1
38,4269.0,97,0.58,4,0,392.0,0
62,5459.0,13,0.67,2,1,389.0,0
20,5813.0,4,0.73,3,1,436.0,0
38,7341.0,5,0.57,4,0,476.0,0
57,2647.0,42,0.14,7,0,275.0,1
56,4553.0,11,0.31,3,0,418.0,0
43,3789.0,68,0.37,1,1,340.0,0
55,5996.0,27,0.61,4,0,367.0,0
48,5611.0,41,0.3,8,1,374.0,0
37,6840.0,16,0.12,6,0,501.0,0
21,6015.0,35,0.91,3,0,399.0,0
49,1778.0,45,0.65,5,0,300.0,0
39,5897.0,51,0.8,6,3,252.0,0
52,3720.0,77,0.53,5,2,259.0,0
68,1500.0,65,0.4,4,0,346.0,0
68,2830.0,72,0.63,7,2,255.0,1
29,1911.0,10,0.65,2,1,247.0,1
35,2839.0,37,0.03,1,0,384.0,0
23,3866.0,16,0.27,8,1,357.0,0
60,3974.0,7,0.85,9,0,310.0,0
54,2738.0,87,0.72,2,1,248.0,1
59,4348.0,9,0.48,8,1,327.0,0
21,4219.0,10,0.31,9,1,358.0,0
66,4873.0,94,0.06,2,1,425.0,0
60,4701.0,8,0.52,7,0,380.0,0
20,6506.0,34,0.44,1,0,486.0,0
55,4463.0,38,0.54,6,0,351.0,0
43,7277.0,41,0.97,6,2,324.0,0
40,6207.0,72,0.96,6,0,367.0,0
68,6334.0,32,0.65,6,0,463.0,0
28,4832.0,86,0.21,9,1,363.0,0
40,6307.0,34,0.55,3,1,435.0,0
66,5776.0,9,0.77,2,1,343.0,0
31,6170.0,41,0.31,4,0,462.0,0
63,3297.0,14,0.31,5,1,354.0,0
32,7474.0,95,0.56,7,0,478.0,0
41,6850.0,93,0.75,2,0,478.0,0
45,3321.0,86,0.92,7,0,350.0,0
62,4464.0,93,0.59,9,1,307.0,0
27,5791.0,24,0.49,4,0,448.0,0
51,3099.0,5,0.4,1,0,389.0,0
54,8488.0,77,0.05,9,0,605.0,0
36,3884.0,23,0.93,4,0,362.0,0
47,6682.0,26,0.17,8,1,436.0,0
44,4950.0,11,0.28,3,0,442.0,0
58,6593.0,82,0.41,1,1,417.0,0
50,4330.0,93,0.74,9,0,410.0,0
40,5132.0,49,0.79,6,0,340.0,0
35,1500.0,53,0.89,5,0,263.0,1
50,8152.0,92,0.79,3,0,462.0,0
40,6673.0,51,0.56,3,1,404.0,0
27,2662.0,49,0.14,3,0,381.0,0
52,4574.0,52,0.51,8,0,345.0,0
66,3657.0,83,0.31,3,0,374.0,0
57,4683.0,3,0.86,5,1,326.0,0
62,5618.0,74,0.24,3,0,456.0,0
61,4164.0,58,0.19,2,2,288.0,1
56,6410.0,44,0.7,4,0,375.0,0
25,4885.0,10,0.59,5,0,368.0,0
28,6220.0,24,0.77,1,0,490.0,0
51,2030.0,75,0.9,3,0,241.0,1
61,4482.0,88,0.66,5,0,365.0,0
41,2186.0,28,0.62,5,0,275.0,1
37,6802.0,26,0.8,5,0,420.0,0
64,3510.0,48,0.84,4,2,227.0,0
48,3398.0,54,0.46,5,0,394.0,0
55,4669.0,23,0.47,6,0,368.0,0
63,6716.0,78,0.26,7,0,479.0,0
22,4919.0,52,0.74,7,0,353.0,0
55,7471.0,88,0.21,7,1,481.0,0
55,6554.0,50,0.94,8,0,372.0,0
39,4312.0,25,0.93,7,0,369.0,0
25,5996.0,58,0.81,6,0,421.0,0
42,6386.0,89,0.96,4,1,371.0,0
20,8640.0,89,0.17,3,1,460.0,0
68,3328.0,61,0.16,4,0,359.0,0
57,3895.0,53,0.27,8,0,356.0,0
20,4151.0,45,0.65,8,0,369.0,0
24,7959.0,53,0.49,6,0,506.0,0
52,6451.0,20,0.33,4,0,475.0,0
21,2446.0,85,0.61,1,1,262.0,1
49,5045.0,89,0.2,1,1,430.0,0
57,6067.0,96,1.0,1,0,368.0,0
35,5665.0,91,0.62,7,1,365.0,0
40,3897.0,53,0.52,6,1,331.0,0
36,4033.0,24,0.4,6,0,394.0,0
64,5957.0,85,0.37,6,0,467.0,0
23,5037.0,39,0.16,5,0,399.0,0
39,7531.0,15,0.25,3,1,455.0,0
63,3254.0,39,0.48,9,0,310.0,0
44,4774.0,20,0.11,6,1,352.0,0
25,9739.0,67,0.82,4,1,418.0,0
24,7314.0,7,0.63,7,1,433.0,0
34,4608.0,43,0.59,8,1,341.0,0
21,1500.0,33,0.26,8,1,285.0,1
23,2137.0,37,0.99,4,2,206.0,1
38,4538.0,97,0.79,5,0,383.0,0
61,5842.0,60,0.89,8,0,322.0,0
23,5933.0,54,0.89,3,0,406.0,0
59,3536.0,3,0.99,6,0,302.0,0
43,5797.0,40,0.47,6,0,437.0,0
22,5020.0,72,0.53,9,0,442.0,0
56,7573.0,50,0.78,8,0,422.0,0
65,5212.0,94,0.87,3,0,374.0,0
34,3043.0,59,0.79,7,0,301.0,0
51,4303.0,42,0.82,3,1,286.0,1
59,3457.0,37,0.79,2,0,324.0,0
26,5225.0,56,0.84,6,0,361.0,0
39,1500.0,31,0.51,2,0,324.0,0
38,1500.0,70,0.85,7,1,213.0,0
25,7131.0,65,0.76,1,2,373.0,0
64,5242.0,41,0.87,3,0,354.0,0
42,1854.0,46,0.37,1,0,259.0,1
41,10685.0,24,0.32,7,2,505.0,0
52,5240.0,24,0.7,8,1,345.0,0
53,6706.0,37,0.56,6,0,412.0,0
60,3665.0,77,0.87,9,1,247.0,1
22,3940.0,63,0.13,5,1,385.0,0
65,5273.0,32,0.49,6,1,374.0,0
30,4917.0,47,0.28,3,0,413.0,0
66,3287.0,88,0.13,4,0,432.0,0
63,4826.0,83,0.3,5,1,379.0,0
39,6797.0,83,0.21,4,0,509.0,0
45,1762.0,54,0.51,3,0,291.0,1
53,6581.0,35,0.79,3,0,435.0,0
47,6270.0,2,0.53,4,0,420.0,0
43,4454.0,60,0.76,7,0,397.0,0
25,7368.0,40,0.48,1,1,372.0,0
52,7845.0,70,0.76,3,0,406.0,0
26,5029.0,18,0.54,3,3,242.0,0
37,4167.0,34,0.37,5,1,329.0,0
62,4609.0,87,0.42,3,0,350.0,0
58,6472.0,10,0.96,5,0,396.0,0
51,5437.0,94,0.52,7,2,312.0,0
38,6351.0,2,0.59,1,0,437.0,0
27,7222.0,26,0.58,4,1,404.0,0
50,6849.0,9,0.79,8,1,332.0,0
54,4137.0,31,0.99,3,0,351.0,0
21,3466.0,90,0.45,1,0,350.0,0
43,5069.0,36,0.9,4,0,329.0,0
62,8568.0,22,0.07,7,0,516.0,0
63,5058.0,12,0.61,6,0,397.0,0
32,6199.0,29,0.76,6,0,386.0,0
23,5469.0,81,0.72,3,0,387.0,0
37,2803.0,37,0.4,4,1,293.0,0
57,3102.0,19,0.82,4,2,185.0,1
68,7116.0,29,0.73,9,0,434.0,0
64,4234.0,84,0.32,8,1,335.0,0
44,6148.0,23,0.57,6,0,437.0,0
45,2889.0,58,0.61,4,1,279.0,1
54,6680.0,87,0.37,4,1,352.0,0
66,4497.0,29,0.39,6,1,363.0,0
32,3289.0,90,0.04,7,0,418.0,0
44,7796.0,10,0.57,7,0,477.0,0
54,4613.0,59,0.72,5,0,393.0,0
40,3688.0,9,0.35,1,0,390.0,0
31,1500.0,96,0.12,9,1,242.0,1
60,3620.0,59,0.87,2,1,309.0,0
40,4864.0,79,0.35,1,2,357.0,0
40,3554.0,31,0.92,9,0,339.0,0
45,5136.0,87,0.9,3,3,244.0,1
35,8603.0,63,0.25,3,0,585.0,0
41,4666.0,65,0.84,4,0,372.0,0
46,3024.0,90,0.28,4,0,325.0,0
64,6452.0,37,0.8,4,0,408.0,0
22,1500.0,66,0.86,5,0,252.0,1
52,6568.0,79,0.15,3,1,440.0,0
65,1911.0,96,0.36,1,2,216.0,0
68,5185.0,57,0.65,1,1,318.0,0
49,10649.0,92,0.52,2,0,550.0,0
37,3775.0,88,0.95,2,1,308.0,0
29,4536.0,63,0.64,4,0,321.0,0
33,3379.0,95,0.83,3,0,315.0,0
41,6219.0,69,0.83,3,1,337.0,0
60,9331.0,58,0.64,9,0,529.0,0
36,3466.0,4,0.73,6,0,341.0,0
55,6658.0,26,0.39,7,1,435.0,0
50,4306.0,21,0.03,8,0,434.0,0
42,3268.0,39,0.12,7,0,363.0,0
24,4603.0,27,0.77,8,0,356.0,0
41,6020.0,39,0.15,9,0,475.0,0
55,5206.0,86,0.56,1,1,302.0,0
35,5122.0,20,0.4,8,0,478.0,0
31,5145.0,95,0.8,8,0,372.0,0
33,6446.0,22,0.19,5,0,482.0,0
59,7329.0,44,0.52,2,1,377.0,0
36,5704.0,44,0.38,6,1,367.0,0
65,5455.0,46,0.68,9,0,365.0,0
64,3395.0,74,0.65,5,0,360.0,0
64,5149.0,2,0.87,2,0,319.0,0
69,5435.0,31,0.46,9,0,376.0,0
50,3661.0,35,0.52,8,0,410.0,0
51,1812.0,46,0.75,6,0,309.0,0
55,5498.0,41,0.33,3,0,413.0,0
33,5913.0,4,0.7,6,0,424.0,0
53,9036.0,37,0.17,4,0,591.0,0
31,4486.0,23,0.13,8,0,460.0,0
32,6033.0,90,0.8,1,1,362.0,0
43,7077.0,99,0.14,4,0,455.0,0
29,8280.0,43,0.05,5,0,548.0,0
69,4014.0,27,0.33,2,1,342.0,0
46,8251.0,59,0.15,8,2,352.0,0
35,5860.0,4,0.04,4,1,431.0,0
26,1500.0,99,0.49,5,0,249.0,1
29,7382.0,81,0.02,9,1,446.0,0
23,6084.0,2,0.58,5,0,485.0,0
51,6314.0,85,0.38,7,0,457.0,0
41,7962.0,68,0.08,8,0,547.0,0
43,5060.0,47,0.66,6,1,336.0,0
66,5917.0,63,0.6,6,3,228.0,1
25,6526.0,80,0.26,2,0,438.0,0
20,5270.0,47,0.02,6,1,400.0,0
28,4701.0,2,0.57,2,0,409.0,0
48,8226.0,11,0.65,8,0,488.0,0
37,7043.0,7,0.65,2,0,440.0,0
52,8225.0,1,0.34,6,0,506.0,0
66,5893.0,26,0.55,6,1,345.0,0
21,7777.0,9,0.72,8,2,348.0,0
57,5508.0,68,0.5,1,2,315.0,0
43,4447.0,33,0.41,5,0,362.0,0
35,5227.0,7,0.08,9,1,393.0,0
39,5795.0,67,0.88,1,0,351.0,0
67,6401.0,2,0.53,5,0,416.0,0
41,5301.0,57,0.12,3,2,325.0,0
21,2156.0,67,0.94,7,0,222.0,1
53,7303.0,82,0.81,8,0,449.0,0
31,6987.0,59,0.11,7,2,423.0,0
38,6255.0,40,0.96,6,0,343.0,0
34,6780.0,71,0.75,4,1,366.0,0
44,1500.0,32,0.32,5,1,243.0,0
22,5259.0,8,0.09,4,0,474.0,0
35,1727.0,7,0.14,8,1,310.0,0
24,6558.0,22,0.81,1,1,366.0,0
54,6653.0,14,0.76,9,0,421.0,0
59,4539.0,35,0.0,1,0,487.0,0
64,3702.0,39,0.74,6,0,332.0,0
48,6810.0,36,0.12,7,1,456.0,0
53,5560.0,79,0.62,7,2,285.0,1
50,4556.0,80,0.03,9,1,365.0,0
55,6258.0,33,0.58,4,1,372.0,0
59,4258.0,94,0.28,6,0,379.0,0
44,3655.0,93,0.71,7,0,386.0,0
37,2784.0,15,0.83,9,0,299.0,0
46,5638.0,47,0.3,4,0,402.0,0
48,3748.0,59,0.49,8,0,344.0,0
45,6437.0,3,0.7,4,0,397.0,0
54,3610.0,29,0.12,7,0,427.0,0
36,5479.0,67,0.35,1,2,308.0,0
31,5858.0,70,0.92,2,0,410.0,0
41,4068.0,83,0.61,6,0,373.0,0
38,7830.0,5,0.48,4,1,468.0,0
29,6640.0,70,0.78,9,0,398.0,0
29,4275.0,84,0.93,8,1,236.0,1
65,8904.0,94,0.32,5,0,537.0,0
47,5222.0,82,0.76,9,0,387.0,0
68,2873.0,61,0.15,4,2,293.0,0
55,2141.0,50,0.18,7,0,322.0,0
48,3774.0,73,0.44,5,0,389.0,0
64,5867.0,25,0.06,8,1,407.0,0
61,6225.0,1,0.73,4,1,383.0,0
28,4224.0,3,0.86,6,0,330.0,0
24,5696.0,55,0.84,3,0,384.0,0
51,6818.0,7,0.43,2,0,450.0,0
64,3114.0,25,0.41,4,0,362.0,0
20,4796.0,66,0.76,1,1,296.0,0
49,4250.0,76,0.44,1,1,316.0,0
58,5401.0,26,0.58,1,0,393.0,0
47,6256.0,74,0.48,7,1,357.0,0
50,6932.0,94,0.35,4,0,451.0,0
33,5015.0,92,0.46,3,1,381.0,0
33,7128.0,41,0.32,5,0,512.0,0
38,3103.0,61,0.64,4,1,284.0,1
40,7776.0,14,0.51,9,1,454.0,0
20,3157.0,11,0.77,3,2,172.0,1
65,3936.0,72,0.53,7,0,371.0,0
32,5194.0,37,0.76,3,0,347.0,0
68,6019.0,31,0.87,3,0,382.0,0
60,4320.0,96,0.83,1,0,339.0,0
20,5485.0,77,0.75,9,0,375.0,0
47,3394.0,47,0.87,8,1,295.0,0
59,6652.0,39,0.85,3,0,476.0,0
38,5242.0,21,0.58,6,2,301.0,0
26,6264.0,19,0.22,3,1,398.0,0
39,5869.0,86,0.22,5,0,482.0,0
68,6788.0,23,0.47,2,1,464.0,0
46,2907.0,15,0.75,4,0,361.0,0
43,3734.0,17,0.71,1,0,338.0,0
63,5903.0,64,0.17,9,0,435.0,0
45,4812.0,82,0.3,6,2,330.0,0
64,4585.0,47,0.97,4,2,270.0,1
25,3125.0,43,0.58,7,1,341.0,0
34,3142.0,37,0.96,9,1,248.0,0
65,2997.0,66,0.46,5,0,333.0,0
69,1500.0,47,0.26,7,1,309.0,0
26,6805.0,59,0.75,7,0,442.0,0
52,6629.0,65,0.61,1,1,410.0,0
44,5074.0,66,0.14,5,0,399.0,0
50,6242.0,55,0.52,7,1,434.0,0
65,4619.0,68,0.12,7,0,434.0,0
33,5960.0,90,0.31,7,1,386.0,0
61,4904.0,15,0.99,9,0,337.0,0
22,10537.0,64,0.24,2,0,598.0,0
28,6126.0,77,0.25,1,0,426.0,0
35,5632.0,75,0.33,4,0,469.0,0
64,2853.0,82,0.75,6,2,182.0,1
21,3278.0,26,1.0,3,1,203.0,1
41,10472.0,81,0.74,7,1,512.0,0
30,4506.0,58,0.08,1,0,429.0,0
55,4805.0,62,0.63,1,1,333.0,0
67,5805.0,89,0.93,8,2,263.0,1
63,2769.0,17,0.24,6,0,317.0,0
57,4999.0,66,0.4,3,1,360.0,0
53,1500.0,4,0.93,8,0,269.0,1
24,2337.0,27,0.19,6,2,191.0,1
57,3408.0,11,0.88,3,0,317.0,0
59,5997.0,97,0.28,5,0,465.0,0
25,6477.0,26,0.95,1,0,359.0,0
67,3261.0,50,0.74,5,0,285.0,0
55,8117.0,25,0.8,1,1,419.0,0
35,5490.0,59,0.41,3,0,466.0,0
40,4023.0,20,0.72,4,1,300.0,0
37,6466.0,8,0.05,9,0,507.0,0
27,2503.0,75,0.93,8,0,288.0,1
47,3157.0,31,0.11,5,0,384.0,0
40,3462.0,75,0.52,4,0,363.0,0
38,1749.0,48,0.12,7,0,338.0,0
55,7666.0,86,0.36,1,2,393.0,0
54,3867.0,36,0.45,9,0,357.0,0
60,6728.0,25,0.11,3,1,419.0,0
36,5089.0,90,0.95,4,0,354.0,0
66,7657.0,83,0.77,5,1,407.0,0
45,4682.0,32,0.67,7,0,408.0,0
30,6712.0,47,0.1,8,1,446.0,0
42,7334.0,11,0.44,8,1,408.0,0
57,7687.0,93,0.23,9,1,439.0,0
56,5818.0,78,0.39,1,1,399.0,0
52,3629.0,84,0.47,3,1,299.0,0
35,3094.0,83,0.85,7,1,285.0,1
26,7769.0,92,0.82,2,1,397.0,0
21,6406.0,38,0.54,2,1,407.0,0
61,4347.0,97,0.76,1,0,335.0,0
24,2865.0,98,0.77,8,0,342.0,0
41,2216.0,77,0.03,5,0,325.0,0
53,1500.0,5,0.01,5,0,304.0,0
59,4151.0,66,0.56,6,0,433.0,0
29,6460.0,16,0.96,4,0,406.0,0
36,6971.0,38,0.92,5,0,423.0,0
50,5934.0,66,0.11,9,0,422.0,0
55,4568.0,77,0.19,8,2,363.0,0
54,1500.0,59,0.01,6,0,327.0,0
43,1555.0,39,0.12,8,0,378.0,0
51,5827.0,15,0.24,3,0,449.0,0
47,6641.0,83,0.22,4,1,406.0,0
63,1500.0,40,0.43,6,0,273.0,1
44,1500.0,97,0.16,1,1,277.0,0
43,7957.0,95,0.78,2,0,436.0,0
36,5580.0,56,1.0,2,0,316.0,0
26,7359.0,9,0.89,7,0,355.0,0
38,3359.0,23,0.59,7,0,318.0,0
31,3747.0,59,0.14,8,0,371.0,0
53,3193.0,21,0.3,3,0,410.0,0
32,9103.0,10,0.36,6,0,533.0,0
57,6097.0,86,0.07,2,0,483.0,0
49,7713.0,53,0.77,9,0,457.0,0
25,6868.0,22,0.34,7,1,456.0,0
61,8270.0,96,0.76,2,1,493.0,0
66,5583.0,31,0.31,7,0,431.0,0
40,2154.0,9,0.6,3,2,186.0,1
48,5066.0,38,0.38,4,1,412.0,0
64,5638.0,50,0.12,3,0,441.0,0
52,1500.0,4,0.55,1,0,306.0,0
58,3667.0,88,0.83,3,1,334.0,0
51,3150.0,84,0.49,6,0,354.0,0
29,5294.0,8,0.67,1,0,440.0,0
28,8378.0,65,0.57,3,0,482.0,0
48,6676.0,28,0.22,2,0,479.0,0
41,3956.0,11,0.33,1,1,322.0,0
31,2663.0,99,0.45,6,1,336.0,0
58,3750.0,18,0.73,6,0,294.0,0
61,3860.0,76,0.11,6,0,457.0,0
59,3985.0,22,0.1,8,0,435.0,0
65,6749.0,47,0.48,7,0,435.0,0
45,7282.0,32,0.35,1,1,415.0,0
67,4559.0,15,0.74,1,1,342.0,0
69,1500.0,93,0.07,6,0,371.0,0
46,1500.0,27,0.35,6,0,337.0,0
45,4717.0,60,0.8,1,0,336.0,0
62,3710.0,28,0.13,3,1,355.0,0
24,8307.0,52,0.7,3,1,426.0,0
59,7563.0,82,0.24,8,0,512.0,0
28,4140.0,38,0.72,6,0,354.0,0
65,5319.0,25,0.62,5,0,353.0,0
32,5905.0,95,0.13,6,1,428.0,0
38,5698.0,64,0.55,9,0,459.0,0
26,5993.0,81,0.16,7,0,457.0,0
38,6592.0,89,0.27,4,2,315.0,0
34,3989.0,91,0.6,6,1,368.0,0
47,9355.0,57,0.46,8,1,487.0,0
56,7293.0,56,0.86,7,1,385.0,0
69,9334.0,21,0.51,8,0,512.0,0
61,6468.0,97,0.91,2,1,326.0,0
50,4656.0,49,0.43,5,0,314.0,0
25,2231.0,24,0.53,5,1,267.0,0
26,5126.0,92,0.01,8,0,427.0,0
24,9786.0,78,0.61,2,0,469.0,0
32,7209.0,80,0.89,1,0,393.0,0
61,3728.0,23,0.04,3,2,314.0,0
36,1500.0,83,0.92,5,0,233.0,1
35,1500.0,42,0.32,8,2,216.0,0
64,1500.0,24,0.65,3,1,235.0,0
37,5753.0,81,0.36,9,0,452.0,0
62,2781.0,10,0.94,4,0,295.0,0
36,2549.0,40,0.91,9,0,278.0,1
57,1678.0,4,0.03,6,2,268.0,1
63,4128.0,50,0.68,5,0,375.0,0
49,1500.0,95,0.05,1,0,328.0,0
27,9013.0,25,0.86,7,0,439.0,0
47,6641.0,62,0.97,4,1,365.0,0
50,5228.0,9,0.26,3,0,413.0,0
69,8188.0,37,0.07,2,0,529.0,0
66,6364.0,20,0.15,6,1,412.0,0
36,4982.0,30,0.53,9,0,400.0,0
40,6619.0,77,0.19,2,0,527.0,0
42,7273.0,94,0.47,5,0,480.0,0
35,3010.0,53,0.13,4,2,306.0,0
59,6154.0,26,0.41,1,0,440.0,0
52,3624.0,44,0.17,5,0,360.0,0
65,8253.0,11,0.22,7,0,540.0,0
53,7013.0,95,0.67,6,0,373.0,0
65,5589.0,22,0.92,1,1,312.0,0
30,3603.0,51,0.91,6,0,307.0,0
24,4976.0,74,0.76,6,0,336.0,0
59,5032.0,94,0.41,6,0,411.0,0
29,3117.0,65,0.09,7,0,395.0,0
37,1500.0,33,0.78,5,0,284.0,1
31,2948.0,61,0.54,9,2,214.0,0
65,3041.0,80,0.88,6,2,200.0,1
31,3872.0,21,0.04,7,0,387.0,0
45,4398.0,25,0.53,8,0,376.0,0
62,8273.0,93,0.25,9,0,531.0,0
34,4173.0,32,0.92,7,0,280.0,1
58,4251.0,75,0.39,9,0,396.0,0
35,4109.0,17,0.59,8,0,353.0,0
27,3459.0,66,0.09,8,0,391.0,0
68,7828.0,39,0.01,4,1,456.0,0
31,1500.0,12,0.56,9,0,295.0,0
68,5457.0,23,0.74,5,0,419.0,0
47,4102.0,56,0.5,9,0,379.0,0
22,5206.0,55,0.04,8,0,414.0,0
57,4858.0,4,0.4,3,0,418.0,0
31,5562.0,76,0.51,6,1,380.0,0
34,5154.0,3,0.78,7,0,397.0,0
38,7631.0,27,0.12,5,0,549.0,0
57,6346.0,63,0.53,7,0,465.0,0
35,6989.0,15,0.83,7,0,438.0,0
30,5621.0,9,0.66,6,1,312.0,0
59,4319.0,24,0.03,6,0,364.0,0
47,4362.0,76,0.99,6,0,396.0,0
60,7644.0,9,0.6,4,1,444.0,0
28,5973.0,27,0.68,7,0,403.0,0
48,3697.0,42,0.68,3,1,317.0,0
52,7139.0,72,0.22,1,1,448.0,0
64,6676.0,63,0.07,3,1,481.0,0
52,5645.0,43,0.42,5,0,398.0,0
45,4466.0,67,0.72,3,4,154.0,1
65,2138.0,47,0.63,8,0,269.0,1
47,5619.0,82,0.05,1,0,462.0,0
63,5862.0,12,0.41,2,2,364.0,0
66,7228.0,83,0.84,3,2,341.0,0
33,5212.0,50,0.81,4,0,394.0,0
56,3394.0,67,0.06,5,1,363.0,0
41,6563.0,91,0.72,8,1,376.0,0
56,5046.0,5,0.83,8,0,371.0,0
55,3765.0,66,0.46,3,0,373.0,0
39,7233.0,31,0.98,3,0,384.0,0
37,1500.0,90,0.43,7,0,284.0,1
64,3393.0,48,0.48,4,0,299.0,0
23,2829.0,74,0.9,7,3,132.0,0
69,6845.0,40,0.78,3,1,379.0,0
47,1500.0,71,0.67,5,0,226.0,1
33,4227.0,77,0.56,7,2,284.0,1
31,1791.0,89,0.89,6,1,171.0,1
57,5323.0,34,0.48,4,1,376.0,0
29,5781.0,6,0.91,3,0,413.0,0
48,3368.0,37,0.17,2,0,357.0,0
43,3467.0,96,0.66,8,1,233.0,1
68,7539.0,2,0.54,1,1,400.0,0
50,4338.0,44,0.38,5,0,394.0,0
51,3050.0,88,0.23,4,0,371.0,0
68,5341.0,96,0.76,9,0,380.0,0
22,4181.0,56,0.61,6,0,350.0,0
62,3921.0,48,0.72,5,0,396.0,0
25,5137.0,16,0.57,6,2,312.0,0
46,1500.0,12,0.1,3,0,253.0,1
64,5422.0,93,0.74,1,1,352.0,0
26,4304.0,93,0.73,6,1,317.0,0
63,7461.0,71,0.24,5,0,495.0,0
41,4595.0,32,0.35,5,0,355.0,0
21,7774.0,96,0.41,9,1,351.0,0
50,3537.0,65,0.23,3,1,405.0,0
44,8080.0,82,0.1,5,0,521.0,0
66,4436.0,65,0.55,8,0,378.0,0
66,8061.0,87,0.79,2,0,440.0,0
49,4841.0,19,0.89,3,2,301.0,0
60,1857.0,99,0.52,3,1,240.0,0
66,3205.0,65,0.01,4,0,401.0,0
30,9287.0,92,0.12,8,0,563.0,0
29,5403.0,84,0.29,5,0,445.0,0
47,1500.0,11,0.79,1,1,211.0,0
53,5377.0,60,0.09,4,0,404.0,0
43,2003.0,76,0.04,1,0,395.0,0
20,6017.0,38,0.2,7,1,390.0,0
21,3681.0,68,0.77,7,1,311.0,0
39,7165.0,8,0.35,9,0,480.0,0
40,3824.0,71,0.03,6,1,366.0,0
63,2960.0,74,0.83,3,2,218.0,0
34,4625.0,3,0.33,4,1,364.0,0
26,1500.0,80,0.25,1,0,351.0,0
28,4797.0,32,0.94,8,1,288.0,0
58,2526.0,97,0.28,8,1,292.0,0
25,3693.0,56,0.25,4,0,361.0,0
41,6195.0,25,0.15,1,0,483.0,0
48,3964.0,73,0.17,3,0,459.0,0
47,2916.0,88,0.01,4,0,431.0,0
37,3004.0,86,0.02,9,1,284.0,1
67,4351.0,10,0.82,1,0,351.0,0
64,6074.0,66,0.92,9,0,438.0,0
61,4779.0,30,0.89,3,0,339.0,0
35,6494.0,42,0.68,9,0,532.0,0
56,3924.0,89,0.33,9,1,320.0,0
32,3431.0,54,0.45,5,1,311.0,0
44,8895.0,37,0.33,6,0,481.0,0
62,3479.0,69,0.67,6,0,304.0,0
58,3336.0,89,0.86,1,0,300.0,0
28,7378.0,16,0.6,5,1,425.0,0
34,6490.0,65,0.81,3,0,407.0,0
51,4679.0,86,0.36,4,0,365.0,0
58,3823.0,52,0.55,9,2,278.0,1
26,5038.0,17,0.5,9,1,318.0,0
36,6852.0,44,0.29,6,1,390.0,0
66,5203.0,58,0.3,5,0,401.0,0
37,3987.0,91,0.23,2,1,334.0,0
23,3580.0,54,0.18,7,1,351.0,0
58,4030.0,45,0.41,9,1,331.0,0
38,7943.0,73,0.26,3,0,444.0,0
67,5834.0,81,0.68,1,0,435.0,0
62,4128.0,16,0.96,2,0,355.0,0
45,6596.0,1,0.55,3,0,435.0,0
31,5845.0,43,0.65,5,1,387.0,0
32,7396.0,54,0.95,8,1,427.0,0
42,7668.0,96,0.88,1,1,427.0,0
20,3640.0,80,0.78,6,0,320.0,0
52,6066.0,50,0.56,7,0,413.0,0
45,9169.0,39,0.81,8,1,404.0,0
54,3159.0,59,0.17,1,0,314.0,0
32,6528.0,33,0.35,4,0,489.0,0
42,6394.0,74,0.0,9,2,380.0,0
52,6081.0,13,0.08,8,1,406.0,0
33,3159.0,71,0.08,2,0,387.0,0
56,5000.0,96,0.72,6,0,370.0,0
64,4501.0,58,0.65,9,1,324.0,0
47,3611.0,81,0.87,4,0,284.0,1
41,4428.0,36,0.96,6,0,375.0,0
54,5901.0,9,0.3,1,1,429.0,0
61,1500.0,54,0.08,1,1,289.0,1
58,3397.0,60,0.29,8,0,394.0,0
56,2182.0,74,0.83,4,0,301.0,0
45,6567.0,35,0.11,4,0,524.0,0
47,8023.0,56,0.88,9,1,380.0,0
37,5827.0,8,0.95,3,2,262.0,1
41,3503.0,10,0.11,7,0,427.0,0
27,3186.0,76,0.38,4,1,288.0,1
69,4777.0,99,0.26,1,0,417.0,0
67,7002.0,61,0.57,2,0,464.0,0
36,5328.0,4,0.04,9,0,473.0,0
68,3720.0,68,0.58,9,1,264.0,0
60,4969.0,6,0.26,3,0,408.0,0
47,2341.0,86,0.79,9,0,321.0,0
44,6528.0,91,0.1,2,0,481.0,0
40,4382.0,80,0.66,7,0,325.0,0
46,4235.0,88,0.24,1,1,328.0,0
28,4324.0,97,0.9,7,1,295.0,0
61,3205.0,5,0.49,3,0,320.0,0
35,4440.0,34,0.35,7,2,278.0,1
50,7335.0,93,0.01,3,1,432.0,0
43,6990.0,11,0.72,8,0,376.0,0
67,5386.0,80,0.82,5,0,363.0,0
24,5864.0,54,0.77,2,0,388.0,0
29,2693.0,21,0.84,1,1,210.0,1
25,6931.0,58,0.02,1,1,508.0,0
51,5296.0,84,0.07,2,1,429.0,0
66,8482.0,90,0.67,2,1,414.0,0
61,4316.0,82,0.21,3,2,353.0,0
22,7729.0,39,0.75,2,0,482.0,0
21,4443.0,44,0.2,2,0,450.0,0
28,5529.0,76,0.04,8,0,434.0,0
50,6000.0,5,0.2,2,1,429.0,0
28,6403.0,30,0.49,6,1,393.0,0
46,8742.0,63,0.38,1,1,506.0,0
33,9803.0,2,0.35,6,1,464.0,0
22,5348.0,92,0.83,6,0,407.0,0
20,1500.0,55,0.8,2,1,191.0,1
34,4353.0,33,0.55,6,1,314.0,0
28,4970.0,73,0.67,4,0,407.0,0
45,10871.0,39,0.07,3,1,571.0,0
51,5228.0,33,0.07,9,1,390.0,0
61,1500.0,43,0.09,1,1,283.0,1
64,5736.0,28,0.4,4,2,354.0,0
60,4880.0,62,0.77,7,0,351.0,0
20,3834.0,15,0.5,2,0,321.0,0
67,5269.0,89,0.0,1,0,463.0,0
49,6131.0,58,0.96,7,1,342.0,0
22,3753.0,15,0.49,4,3,213.0,1
24,6006.0,89,0.89,2,1,352.0,0
37,4910.0,99,0.38,7,0,395.0,0
47,7066.0,58,0.25,9,1,374.0,0
20,4191.0,31,0.98,4,1,274.0,1
59,3100.0,68,0.69,3,0,319.0,0
24,3390.0,65,0.82,1,1,324.0,0
63,6892.0,58,0.96,4,0,391.0,0
53,7419.0,48,0.83,8,0,436.0,0
52,7871.0,16,0.88,1,0,476.0,0
37,5035.0,30,0.43,5,0,397.0,0
39,2890.0,68,0.31,5,0,368.0,0
49,7341.0,31,0.57,9,0,480.0,0
50,6000.0,10,0.88,9,1,333.0,0
46,3901.0,23,0.84,5,0,393.0,0
25,3476.0,21,0.69,1,2,212.0,1
60,8971.0,57,0.2,9,1,506.0,0
42,4171.0,49,0.04,9,1,368.0,0
33,3453.0,54,0.65,4,0,320.0,0
35,3571.0,20,0.17,1,1,386.0,0
58,3833.0,71,0.79,3,1,271.0,1
21,4719.0,6,0.88,8,0,338.0,0
45,4412.0,45,0.01,1,0,452.0,0
34,5473.0,23,0.93,9,1,333.0,0
40,5985.0,66,0.95,8,0,340.0,0
26,5784.0,93,0.77,7,1,333.0,0
37,5475.0,69,0.27,5,1,368.0,0
51,2975.0,6,0.92,7,1,262.0,1
68,5264.0,26,0.31,8,0,405.0,0
65,1500.0,38,0.49,1,1,271.0,1
34,3483.0,81,0.65,6,2,215.0,0
45,7819.0,32,0.34,6,0,512.0,0
32,5339.0,95,0.14,1,0,555.0,0
24,2133.0,11,0.74,2,0,290.0,0
27,5310.0,2,0.13,5,2,305.0,0
51,4381.0,84,0.72,1,2,223.0,1
58,5086.0,89,0.95,5,1,258.0,1
45,8835.0,32,0.94,4,0,524.0,0
63,8172.0,70,0.98,9,1,446.0,0
53,3580.0,87,0.67,2,0,396.0,0
47,4844.0,33,0.95,7,1,306.0,0
25,5374.0,37,0.17,1,0,431.0,0
40,9196.0,66,0.68,4,1,441.0,0
24,6720.0,9,0.46,9,1,411.0,0
30,5801.0,21,0.24,8,2,331.0,0
59,4225.0,31,0.4,1,1,319.0,0
63,6493.0,48,0.79,8,0,405.0,0
39,2830.0,31,0.63,8,0,349.0,0
64,6099.0,68,0.54,3,0,410.0,0
26,6196.0,28,0.33,3,1,405.0,0
52,2806.0,38,0.83,4,0,272.0,1
59,3942.0,53,0.43,1,0,380.0,0
59,5870.0,54,0.25,5,1,413.0,0
34,6080.0,99,0.59,9,0,405.0,0
49,2792.0,74,0.0,5,0,367.0,0
38,4525.0,69,0.91,4,1,328.0,0
23,8085.0,50,0.88,3,1,429.0,0
56,4542.0,35,0.97,6,2,217.0,1
57,5416.0,76,0.87,6,0,394.0,0
45,3318.0,19,0.59,5,1,316.0,0
54,2690.0,14,0.8,2,0,294.0,0
33,4000.0,10,0.28,5,0,392.0,0
30,4686.0,9,0.97,9,1,277.0,0
57,6367.0,77,0.74,7,0,469.0,0
66,2227.0,20,0.92,3,0,308.0,0
59,9776.0,73,0.17,4,0,628.0,0
50,5627.0,14,0.06,1,1,460.0,0
61,6947.0,66,0.74,5,1,406.0,0
60,2175.0,71,0.3,3,0,348.0,0
58,7855.0,78,0.72,6,0,525.0,0
31,4942.0,59,0.13,5,1,435.0,0
52,2972.0,50,0.06,9,1,337.0,0
41,3063.0,87,0.09,4,1,333.0,0
55,4064.0,62,0.39,4,0,390.0,0
37,4978.0,26,0.29,7,0,381.0,0
64,7568.0,78,0.04,4,0,504.0,0
67,5810.0,76,0.53,5,0,388.0,0
43,7923.0,15,0.94,8,0,488.0,0
30,6293.0,73,0.97,9,1,314.0,0
68,5161.0,50,0.6,4,1,397.0,0
37,8536.0,74,0.62,5,0,528.0,0
57,1820.0,39,0.82,6,0,206.0,1
46,4040.0,34,0.64,7,1,290.0,1
20,2045.0,58,0.7,8,0,221.0,1
61,6832.0,1,0.37,7,2,369.0,0
40,6808.0,31,0.0,4,0,517.0,0
54,3894.0,51,0.22,8,1,338.0,0
48,6844.0,74,0.47,7,3,312.0,0
36,10061.0,96,0.24,5,1,495.0,0
50,3432.0,27,0.56,9,0,397.0,0
37,5088.0,65,0.46,6,0,358.0,0
64,5715.0,58,0.45,2,0,432.0,0
49,6937.0,31,0.59,3,0,443.0,0
66,7659.0,33,0.65,4,1,413.0,0
50,3956.0,38,0.41,3,0,379.0,0
32,6076.0,88,0.5,5,2,327.0,0
50,2305.0,89,0.3,7,0,303.0,0
35,7379.0,71,0.14,5,1,469.0,0
26,6652.0,26,0.93,8,0,390.0,0
69,1785.0,86,0.76,1,1,236.0,1
42,6570.0,55,0.19,9,0,519.0,0
42,2756.0,29,0.72,3,1,255.0,1
53,5588.0,77,0.22,1,0,457.0,0
33,5942.0,50,0.01,9,0,473.0,0
58,4098.0,48,0.21,4,0,408.0,0
59,7346.0,20,0.55,2,1,391.0,0
47,3975.0,40,0.34,1,1,368.0,0
67,2343.0,44,0.42,6,0,310.0,0
20,8965.0,26,0.03,5,1,507.0,0
29,4186.0,93,0.86,1,0,345.0,0
40,8274.0,63,0.29,6,0,487.0,0
21,7202.0,84,0.78,6,0,418.0,0
32,3785.0,14,0.49,8,0,390.0,0
37,7953.0,58,0.09,2,0,560.0,0
62,5525.0,79,0.91,1,1,329.0,0
37,4052.0,15,0.79,3,0,375.0,0
59,4816.0,2,0.77,9,1,346.0,0
58,6635.0,80,0.33,7,2,362.0,0
26,1500.0,2,0.52,1,0,266.0,1
27,6301.0,73,0.89,3,0,408.0,0
24,5582.0,23,0.71,2,1,325.0,0
49,7278.0,79,0.61,1,0,441.0,0
62,3707.0,35,0.82,6,0,335.0,0
38,5435.0,13,0.22,7,2,348.0,0
39,9121.0,9,0.28,8,1,456.0,0
58,6454.0,39,0.13,5,0,486.0,0
69,5166.0,4,0.86,8,1,280.0,1
55,3676.0,14,0.01,7,0,355.0,0
58,2751.0,24,0.17,7,0,410.0,0
46,3498.0,37,0.66,9,0,356.0,0
39,3823.0,74,0.23,7,0,346.0,0
61,5063.0,82,0.65,5,1,315.0,0
40,6032.0,81,0.35,4,0,451.0,0
43,6010.0,12,0.97,6,0,380.0,0
63,7050.0,61,0.82,9,0,483.0,0
66,5604.0,66,0.19,1,0,424.0,0
28,4431.0,73,0.41,8,0,387.0,0
45,2032.0,44,0.39,5,0,341.0,0
39,3014.0,31,0.89,7,0,320.0,0
40,5181.0,8,0.71,7,0,396.0,0
58,6600.0,56,0.42,9,0,433.0,0
62,6581.0,28,0.59,3,2,322.0,0
34,4951.0,10,0.12,5,0,396.0,0
31,8385.0,96,0.02,8,0,562.0,0
48,5964.0,75,0.89,2,2,293.0,0
65,6956.0,69,0.33,7,1,410.0,0
51,1824.0,39,0.93,5,0,300.0,0
67,6348.0,69,0.48,5,0,459.0,0
33,6103.0,9,0.67,4,0,428.0,0
37,5993.0,33,0.39,8,0,426.0,0
30,3699.0,8,0.87,9,0,307.0,0
61,7584.0,66,0.28,3,2,418.0,0
29,7252.0,3,0.07,6,0,543.0,0
26,6803.0,95,0.27,2,0,469.0,0
58,6359.0,81,0.5,7,1,416.0,0
59,1680.0,58,0.25,9,0,376.0,0
39,2584.0,22,0.67,7,1,271.0,1
52,2443.0,87,0.78,6,0,294.0,0
34,3801.0,50,0.94,1,0,387.0,0
59,3631.0,90,0.28,4,0,361.0,0
54,3121.0,35,0.66,6,1,260.0,1
64,2015.0,13,0.66,7,1,228.0,1
36,6353.0,64,0.9,5,1,327.0,0
37,4671.0,88,0.34,3,0,401.0,0
33,5063.0,5,0.77,4,1,302.0,0
68,2152.0,87,0.44,2,2,192.0,1
40,4152.0,4,0.25,5,1,332.0,0
22,5780.0,64,0.7,7,2,260.0,1
31,5243.0,59,0.93,9,2,239.0,1
20,5890.0,86,0.08,7,0,455.0,0
36,2507.0,15,0.99,6,0,237.0,1
61,1500.0,22,0.91,6,0,261.0,1
23,7514.0,9,0.54,9,1,421.0,0
64,6396.0,35,0.83,4,1,353.0,0
65,5448.0,51,0.24,3,2,343.0,0
58,2979.0,8,0.2,9,0,371.0,0
25,5766.0,22,0.82,6,1,329.0,0
43,7921.0,39,0.64,2,1,420.0,0
47,7719.0,2,0.47,5,3,286.0,1
37,6839.0,9,0.18,1,0,479.0,0
53,4215.0,56,0.96,3,0,330.0,0
46,8696.0,15,0.02,5,0,586.0,0
27,4269.0,53,0.79,4,1,300.0,0
20,4259.0,4,0.45,2,1,347.0,0
32,5565.0,70,0.5,1,0,430.0,0
32,2272.0,29,0.65,9,0,266.0,1
21,7201.0,46,0.83,9,0,446.0,0
24,5377.0,16,0.86,8,0,373.0,0
42,3693.0,37,0.34,1,0,372.0,0
66,4193.0,15,0.98,1,0,314.0,0
38,2742.0,42,0.59,6,0,338.0,0
53,3407.0,60,0.5,1,0,399.0,0
62,4638.0,60,0.45,9,1,341.0,0
42,5565.0,55,0.78,2,0,385.0,0
65,2406.0,66,0.7,4,0,321.0,0
64,6343.0,47,0.6,6,0,405.0,0
22,7448.0,37,0.03,7,0,517.0,0
39,3890.0,23,0.79,5,0,339.0,0
61,4498.0,10,0.39,2,0,401.0,0
38,5203.0,33,0.67,5,0,386.0,0
45,3470.0,37,0.34,8,2,306.0,0
49,5263.0,14,0.54,9,1,325.0,0
29,8326.0,18,0.29,5,1,509.0,0
44,7294.0,56,0.87,1,0,361.0,0
20,6171.0,27,0.2,4,1,464.0,0
69,5170.0,49,0.47,3,0,391.0,0
53,5975.0,11,0.77,7,0,352.0,0
69,7317.0,13,0.39,4,0,485.0,0
26,3402.0,1,0.5,8,1,278.0,1
29,6212.0,31,0.15,2,0,518.0,0
42,6433.0,61,0.3,6,0,495.0,0
34,6528.0,89,0.25,3,1,433.0,0
30,3842.0,96,0.94,2,0,311.0,0
55,5563.0,57,0.63,8,1,377.0,0
41,6957.0,14,0.14,9,1,470.0,0
47,2258.0,32,0.49,2,1,277.0,1
22,5098.0,40,0.86,5,0,355.0,0
69,5739.0,60,0.46,5,0,421.0,0
22,3396.0,62,0.75,8,1,249.0,1
35,11756.0,72,0.76,8,0,588.0,0
67,3190.0,49,0.5,1,0,372.0,0
63,5219.0,41,0.7,9,0,408.0,0
23,3641.0,30,0.46,2,0,390.0,0
36,5810.0,72,0.07,3,1,410.0,0
54,1500.0,41,0.1,9,0,335.0,0
45,10560.0,98,0.52,8,0,559.0,0
35,6048.0,59,0.37,8,1,352.0,0
58,3140.0,48,0.56,3,1,313.0,0
48,4995.0,64,0.68,4,2,309.0,0
56,3301.0,67,0.12,6,1,308.0,0
63,6540.0,76,0.09,5,1,453.0,0
52,5504.0,48,0.29,1,2,357.0,0
40,4439.0,6,0.84,3,0,380.0,0
36,3998.0,22,0.02,2,2,325.0,0
61,3598.0,54,0.32,7,1,311.0,0
60,5230.0,16,0.34,3,3,245.0,1
21,3499.0,95,0.13,3,0,365.0,0
44,6021.0,82,0.2,8,2,321.0,0
59,2665.0,41,0.34,5,3,201.0,0
28,5166.0,43,0.74,1,0,375.0,0
35,6873.0,9,0.62,2,0,465.0,0
44,7146.0,99,0.25,3,2,396.0,0
41,5604.0,74,0.16,5,0,435.0,0
31,8109.0,29,0.6,7,2,319.0,0
24,7167.0,31,0.84,7,1,379.0,0
20,5986.0,22,0.52,5,1,384.0,0
68,3864.0,64,0.35,1,0,450.0,0
42,8350.0,80,0.18,5,0,500.0,0
64,1500.0,7,0.15,7,1,333.0,0
24,2928.0,84,0.08,3,1,320.0,0
41,3632.0,41,0.86,9,1,260.0,1
59,7199.0,71,0.01,1,0,544.0,0
32,3833.0,78,0.01,2,1,305.0,0
24,3177.0,95,0.09,3,0,381.0,0
66,5082.0,93,0.49,9,1,371.0,0
39,1500.0,76,0.45,4,0,290.0,1
45,4436.0,22,0.57,3,1,325.0,0
66,1500.0,49,0.0,5,0,353.0,0
62,7151.0,9,0.03,1,0,494.0,0
65,6610.0,43,0.24,8,1,429.0,0
32,4395.0,4,0.45,8,1,371.0,0
36,3551.0,32,0.42,2,0,364.0,0
32,3969.0,66,0.81,5,0,347.0,0
32,7622.0,10,0.02,9,0,512.0,0
36,7969.0,23,0.01,4,0,577.0,0
59,3573.0,28,0.54,1,1,282.0,1
42,3486.0,37,0.24,5,0,347.0,0
35,5117.0,94,0.7,2,0,368.0,0
48,10584.0,22,0.45,2,0,544.0,0
59,3499.0,98,0.77,4,0,358.0,0
42,4116.0,72,0.98,4,0,316.0,0
26,6467.0,25,0.77,6,1,408.0,0
20,7270.0,35,0.03,8,0,508.0,0
47,4793.0,80,0.15,2,0,421.0,0
41,2100.0,17,0.03,1,1,292.0,0
30,3627.0,40,0.63,2,0,328.0,0
65,2437.0,76,0.27,3,2,252.0,1
21,4347.0,2,0.79,4,0,371.0,0
43,5441.0,98,0.02,6,0,431.0,0
47,1500.0,42,0.19,8,1,287.0,1
60,1500.0,16,0.39,1,0,278.0,0
53,5075.0,15,0.91,4,0,333.0,0
27,3212.0,69,0.43,3,0,362.0,0
31,6217.0,54,0.02,8,1,432.0,0
32,5737.0,3,0.76,1,0,415.0,0
53,2802.0,47,0.39,8,0,374.0,0
29,3671.0,60,0.62,4,0,362.0,0
37,4150.0,84,0.72,4,1,250.0,1
21,7949.0,74,0.26,1,0,512.0,0
30,4108.0,48,0.97,8,2,193.0,1
63,1500.0,62,0.51,7,1,259.0,1
67,1500.0,30,0.19,5,1,280.0,1
42,5616.0,68,0.71,4,1,357.0,0
20,5189.0,26,0.58,8,0,415.0,0
23,3458.0,31,0.11,8,0,391.0,0
42,2923.0,72,0.87,4,3,144.0,1
53,3302.0,80,0.41,8,0,365.0,0
41,5654.0,2,0.67,2,1,354.0,0
24,4351.0,67,0.15,4,0,437.0,0
38,7824.0,53,0.23,8,2,414.0,0
23,5738.0,61,0.71,1,0,437.0,0
49,8040.0,51,0.86,1,1,418.0,0
61,4961.0,23,0.59,5,1,303.0,0
44,3182.0,75,0.93,1,1,239.0,1
41,5643.0,93,0.49,9,0,441.0,0
32,5923.0,92,0.85,6,1,358.0,0
63,4533.0,63,0.28,7,0,361.0,0
46,6892.0,91,0.51,4,0,502.0,0
41,4474.0,51,0.73,3,0,376.0,0
52,7215.0,81,0.68,6,0,471.0,0
26,4713.0,73,0.32,2,0,432.0,0
28,5765.0,65,0.32,8,1,386.0,0
53,3582.0,84,0.19,1,0,381.0,0
56,4868.0,25,0.41,7,1,334.0,0
43,7550.0,18,0.72,7,3,310.0,0
62,4108.0,48,0.68,7,1,374.0,0
68,5590.0,15,0.85,1,1,362.0,0
38,3894.0,63,0.26,6,0,357.0,0
46,6951.0,40,0.5,6,0,495.0,0
57,2756.0,82,0.62,2,1,316.0,0
40,3723.0,80,0.79,7,0,295.0,0
31,6199.0,58,0.83,8,0,414.0,0
38,4679.0,7,0.58,6,2,275.0,1
37,5411.0,59,0.91,2,0,327.0,0
26,10381.0,47,0.54,1,0,524.0,0
34,4238.0,42,0.59,8,1,342.0,0
35,3772.0,94,0.02,7,0,469.0,0
39,8355.0,5,0.72,3,0,514.0,0
54,3378.0,92,0.38,1,0,372.0,0
67,1696.0,84,0.63,2,0,309.0,0
35,3106.0,87,0.46,7,1,314.0,0
54,6185.0,45,0.23,5,1,470.0,0
26,1500.0,31,0.95,3,0,276.0,1
24,5174.0,97,0.06,4,0,469.0,0
68,6311.0,15,0.68,6,1,313.0,0
46,3632.0,77,0.43,8,1,343.0,0
37,7034.0,92,0.9,9,0,429.0,0
43,4107.0,46,0.11,1,2,336.0,0
36,5678.0,24,0.18,2,1,378.0,0
28,4158.0,71,0.26,5,0,412.0,0
43,6947.0,11,0.66,8,1,433.0,0
53,6176.0,53,0.89,6,0,383.0,0
43,4181.0,44,0.91,4,0,332.0,0
64,6038.0,69,0.76,1,0,452.0,0
33,5085.0,99,0.29,9,0,491.0,0
23,7147.0,55,0.07,2,0,480.0,0
51,5799.0,66,0.7,2,1,358.0,0
43,2229.0,76,0.7,1,1,217.0,1
48,7074.0,18,0.44,3,0,487.0,0
32,3906.0,49,0.46,3,0,366.0,0
29,5629.0,52,0.47,6,0,450.0,0
40,2319.0,32,0.02,5,0,382.0,0
36,7602.0,90,0.67,2,1,402.0,0
50,5182.0,18,0.16,2,3,288.0,1
64,7722.0,2,0.34,1,1,470.0,0
69,7840.0,24,0.18,3,0,459.0,0
68,6821.0,23,0.82,2,1,368.0,0
40,2237.0,72,0.4,6,0,288.0,1
27,5821.0,3,0.26,2,0,387.0,0
36,4838.0,31,0.1,5,0,402.0,0
51,6374.0,80,0.25,7,1,430.0,0
39,2025.0,72,0.61,3,3,134.0,0
32,5606.0,91,0.59,2,0,433.0,0
63,5812.0,9,0.23,6,1,425.0,0
52,4897.0,98,0.06,2,1,410.0,0
22,5803.0,50,0.62,2,1,369.0,0
66,2787.0,37,0.73,5,0,292.0,0
56,5943.0,60,0.31,4,0,437.0,0
68,3657.0,96,0.68,2,1,286.0,1
46,7073.0,56,0.7,8,2,366.0,0
54,6130.0,76,0.1,3,1,418.0,0
47,6112.0,36,0.47,7,0,414.0,0
27,4572.0,3,0.51,5,0,392.0,0
26,1500.0,76,0.21,6,1,313.0,0
61,6481.0,33,0.65,6,0,388.0,0
58,3178.0,93,0.41,7,1,288.0,1
44,4484.0,81,0.14,4,0,405.0,0
22,7342.0,18,0.57,6,1,414.0,0
33,7908.0,85,0.98,4,1,364.0,0
51,4572.0,57,0.92,6,1,286.0,1
21,2969.0,3,0.85,2,0,261.0,1
54,1500.0,80,0.11,6,0,268.0,1
26,1500.0,38,0.5,9,0,320.0,0
69,5673.0,59,0.03,3,4,285.0,1
36,2314.0,39,0.55,1,2,195.0,1
44,5139.0,34,0.17,7,0,419.0,0
28,4395.0,80,0.49,2,0,367.0,0
66,3252.0,91,0.44,6,1,281.0,0
45,7344.0,75,0.43,4,0,557.0,0
39,7015.0,78,0.15,4,0,483.0,0
45,6238.0,97,0.03,1,0,513.0,0
43,4591.0,61,0.8,4,0,419.0,0
68,4413.0,84,0.42,5,0,329.0,0
51,6972.0,26,0.31,5,0,523.0,0
40,2297.0,18,0.15,5,0,348.0,0
49,4898.0,91,0.49,5,2,293.0,0
24,2758.0,2,0.42,8,0,322.0,0
27,2233.0,30,0.16,2,0,366.0,0
62,5088.0,80,0.42,2,0,360.0,0
50,8232.0,8,0.29,2,0,501.0,0
67,3605.0,67,0.85,2,0,311.0,0
35,5562.0,85,0.13,1,0,395.0,0
32,4459.0,44,0.65,6,0,405.0,0
38,4315.0,91,0.19,6,2,246.0,1
54,3326.0,19,0.93,4,0,282.0,1
42,6021.0,22,0.65,7,0,452.0,0
20,4157.0,60,0.21,6,0,444.0,0
28,9128.0,11,0.75,9,0,476.0,0
29,4049.0,2,0.83,6,1,309.0,0
54,2554.0,81,0.85,3,0,284.0,1
67,6236.0,25,0.52,1,1,399.0,0
68,5360.0,55,0.11,5,0,423.0,0
63,3690.0,98,0.4,6,1,380.0,0
48,4699.0,82,0.17,5,0,444.0,0
49,3031.0,10,0.54,1,0,309.0,0
25,4773.0,7,0.71,2,1,355.0,0
22,1500.0,1,0.87,6,2,171.0,1
23,2051.0,80,0.7,3,0,310.0,0
34,7194.0,4,0.26,5,0,449.0,0
48,5675.0,66,0.02,3,0,444.0,0
40,7621.0,21,0.13,2,0,469.0,0
47,3900.0,88,0.23,4,1,337.0,0
56,4732.0,68,0.42,8,0,377.0,0
53,4301.0,48,0.0,5,0,474.0,0
48,4033.0,22,0.71,4,1,298.0,0
30,3726.0,78,0.86,4,0,306.0,0
29,3722.0,82,0.34,3,0,364.0,0
68,6134.0,33,0.41,6,1,408.0,0
57,2106.0,25,0.15,2,0,329.0,0
29,3665.0,95,0.18,3,1,276.0,1
66,2754.0,23,0.15,8,0,319.0,0
57,5027.0,98,0.54,5,1,376.0,0
55,4329.0,15,0.72,2,0,366.0,0
23,3951.0,3,0.68,1,2,197.0,0
69,3037.0,23,0.22,8,0,341.0,0
47,4958.0,88,0.62,7,2,322.0,0
48,6676.0,9,0.79,2,1,336.0,0
34,1886.0,60,0.8,7,3,133.0,1
20,6127.0,18,0.95,7,0,385.0,0
36,4414.0,97,0.63,8,3,212.0,1
69,5798.0,40,0.1,4,0,463.0,0
57,5382.0,89,0.49,3,1,347.0,0
54,4084.0,88,0.79,2,0,339.0,0
45,6645.0,87,0.05,4,0,452.0,0
42,4300.0,78,0.82,3,1,297.0,0
44,4773.0,19,0.55,2,0,352.0,0
28,7369.0,43,0.46,8,0,496.0,0
35,5868.0,61,0.5,1,1,385.0,0
67,7325.0,11,0.55,8,1,433.0,0
44,2014.0,37,0.67,5,2,186.0,1
30,3766.0,70,0.98,8,2,256.0,1
40,8136.0,87,0.28,8,0,510.0,0
53,6765.0,78,0.62,4,1,405.0,0
37,7213.0,16,0.16,5,1,474.0,0
39,5291.0,7,0.69,4,1,325.0,0
49,5268.0,66,0.48,8,0,412.0,0
32,3704.0,61,0.18,7,0,398.0,0
35,4804.0,74,0.74,5,0,378.0,0
40,1500.0,58,0.28,5,2,182.0,1
59,4047.0,67,0.07,5,0,390.0,0
68,5019.0,60,0.72,3,0,344.0,0
43,2516.0,48,0.26,4,2,256.0,1
32,4293.0,64,0.53,7,0,386.0,0
40,9109.0,35,0.27,5,1,533.0,0
31,5163.0,56,0.89,3,0,407.0,0
51,8372.0,39,1.0,9,0,488.0,0
34,7387.0,51,0.28,7,0,449.0,0
60,6023.0,92,0.85,4,3,254.0,1
53,3675.0,61,0.84,5,0,340.0,0
30,5283.0,23,0.59,1,0,441.0,0
27,5303.0,16,0.46,8,1,404.0,0
31,4578.0,39,0.18,9,2,338.0,0
53,2544.0,61,0.35,1,1,292.0,0
30,5941.0,72,0.38,3,0,438.0,0
27,5626.0,24,0.08,1,1,457.0,0
66,4942.0,89,0.6,4,2,335.0,0
61,6066.0,13,0.22,4,0,435.0,0
54,5684.0,30,0.08,7,0,436.0,0
63,7350.0,1,0.21,6,0,515.0,0
30,7404.0,42,0.61,8,0,463.0,0
33,6128.0,73,0.56,6,1,375.0,0
25,6538.0,68,0.68,9,2,300.0,0
26,2304.0,37,0.28,6,0,337.0,0
59,7457.0,99,0.96,4,2,356.0,0
25,8493.0,87,1.0,9,0,436.0,0
47,6685.0,68,0.48,1,0,441.0,0
22,4595.0,94,0.45,7,1,386.0,0
65,2873.0,28,0.79,3,0,351.0,0
68,4570.0,8,0.6,4,0,414.0,0
42,4748.0,62,0.21,3,0,398.0,0
68,3134.0,54,0.03,8,0,402.0,0
23,2527.0,99,0.89,8,0,300.0,0
55,5299.0,7,0.63,7,0,463.0,0
58,6428.0,97,0.31,8,1,458.0,0
22,5452.0,10,0.77,7,1,371.0,0
68,7124.0,68,0.41,7,0,530.0,0
43,7307.0,8,0.53,9,0,478.0,0
46,1500.0,70,0.73,5,2,139.0,1
40,4553.0,30,0.13,2,0,419.0,0
36,4613.0,15,0.67,3,0,442.0,0
20,6547.0,13,0.33,6,0,490.0,0
28,6773.0,19,0.73,2,1,398.0,0
23,7754.0,17,0.67,6,0,489.0,0
56,6167.0,38,0.48,4,0,400.0,0
64,1732.0,77,0.37,4,0,344.0,0
60,8326.0,27,0.41,7,0,492.0,0
61,1500.0,75,0.17,3,0,332.0,0
67,5149.0,86,0.48,5,0,371.0,0
42,6067.0,46,0.21,8,0,421.0,0
44,7097.0,98,0.95,8,0,395.0,0
20,4507.0,61,0.27,2,1,367.0,0
24,2636.0,20,0.92,7,0,296.0,0
41,7887.0,19,0.62,7,0,439.0,0
27,5287.0,97,0.32,9,0,471.0,0
51,5676.0,38,0.95,5,2,278.0,1
39,4014.0,29,0.26,7,0,387.0,0
22,3220.0,1,0.63,4,0,327.0,0
27,3191.0,42,0.14,1,1,354.0,0
27,4053.0,38,0.39,8,1,373.0,0
42,1500.0,9,0.53,3,0,332.0,0
58,6590.0,71,0.63,2,0,403.0,0
54,9081.0,54,0.8,7,2,361.0,0
26,4884.0,61,0.36,6,0,397.0,0
55,5310.0,86,0.78,4,1,354.0,0
42,4179.0,61,0.4,8,0,420.0,0
42,4077.0,58,0.83,2,0,327.0,0
52,3348.0,89,0.4,4,0,340.0,0
36,2300.0,54,0.11,4,1,361.0,0
47,5786.0,28,0.15,4,1,455.0,0
23,2443.0,74,0.75,7,1,234.0,1
41,5399.0,71,0.54,5,2,286.0,1
50,5824.0,22,0.01,6,0,477.0,0
45,4860.0,31,0.97,5,0,357.0,0
50,3705.0,53,0.58,9,0,326.0,0
24,6618.0,25,0.82,2,1,307.0,0
68,8234.0,75,0.33,2,0,498.0,0
46,6528.0,99,0.5,9,1,360.0,0
67,6018.0,92,0.56,5,0,436.0,0
64,1500.0,75,0.41,4,0,301.0,0
61,7050.0,51,0.72,1,2,335.0,0
21,1500.0,30,0.13,5,0,349.0,0
40,3342.0,11,0.64,5,0,359.0,0
37,4165.0,52,0.51,6,0,339.0,0
36,6345.0,12,0.12,3,0,490.0,0
68,4515.0,78,0.83,8,0,419.0,0
31,4259.0,62,0.03,6,0,400.0,0
33,5541.0,25,0.61,6,0,395.0,0
31,5876.0,46,0.9,5,0,305.0,0
47,4248.0,63,0.05,2,0,402.0,0
20,3546.0,1,0.2,1,0,413.0,0
28,6761.0,84,0.25,8,2,335.0,0
30,5869.0,91,0.28,9,3,247.0,0
31,6297.0,86,0.1,2,0,429.0,0
28,6074.0,36,0.28,3,1,385.0,0
28,5027.0,13,0.3,2,0,456.0,0
66,6827.0,13,0.41,9,0,461.0,0
31,5708.0,18,0.34,3,0,449.0,0
20,5331.0,30,0.08,1,0,432.0,0
57,3122.0,29,0.98,4,2,208.0,1
56,5046.0,72,0.11,8,0,435.0,0
46,3908.0,48,0.91,5,0,268.0,0
36,2960.0,32,0.07,1,1,324.0,0
65,7096.0,68,0.21,7,0,540.0,0
29,4519.0,94,0.17,5,0,423.0,0
47,2363.0,75,0.03,3,4,224.0,1
48,6402.0,86,0.3,9,0,485.0,0
53,4783.0,80,0.6,9,0,379.0,0
64,5952.0,11,0.75,3,1,330.0,0
59,1500.0,36,0.31,1,2,172.0,0
49,1500.0,70,0.38,6,1,275.0,0
29,1527.0,95,0.68,7,1,240.0,0
42,1500.0,62,0.69,1,0,294.0,0
45,6085.0,26,0.08,6,0,470.0,0
20,5678.0,22,0.08,5,0,464.0,0
45,5584.0,79,1.0,3,2,285.0,1
48,1500.0,74,0.95,7,1,232.0,1
42,6681.0,82,0.44,7,1,390.0,0
24,1500.0,77,0.54,7,0,240.0,0
67,4392.0,7,0.28,1,0,387.0,0
34,2100.0,36,0.65,9,0,384.0,0
45,7305.0,78,0.87,8,1,404.0,0
69,2740.0,73,0.24,8,1,304.0,0
49,5742.0,3,0.5,4,0,446.0,0
45,7596.0,94,0.15,6,0,514.0,0
47,4030.0,22,0.21,7,0,419.0,0
24,2381.0,10,0.08,1,0,338.0,0
23,1500.0,3,0.52,7,1,195.0,1
29,3017.0,38,0.08,4,1,339.0,0
41,7320.0,22,0.45,4,0,464.0,0
26,4254.0,38,0.95,9,1,292.0,0
38,6199.0,63,0.4,9,1,428.0,0
54,7441.0,86,0.12,5,0,565.0,0
47,7065.0,1,0.25,6,0,414.0,0
23,5230.0,87,0.22,3,0,455.0,0
49,7448.0,2,0.64,5,1,452.0,0
47,5137.0,30,0.93,9,1,267.0,1
61,2791.0,5,0.6,9,0,324.0,0
48,1500.0,45,0.11,5,0,328.0,0
23,1500.0,15,0.75,2,1,220.0,0
25,4535.0,37,0.33,1,0,366.0,0
45,3999.0,69,0.16,8,1,396.0,0
47,4662.0,84,0.17,5,2,301.0,0
51,4228.0,80,0.51,9,0,343.0,0
41,8136.0,13,0.62,1,0,467.0,0
44,3783.0,16,0.59,2,0,403.0,0
29,3784.0,3,0.37,2,0,322.0,0
37,7236.0,35,0.27,2,1,420.0,0
44,5440.0,44,0.25,7,0,461.0,0
33,3827.0,54,0.6,4,2,275.0,0
68,4758.0,95,0.59,3,0,349.0,0
21,5587.0,85,0.22,8,2,369.0,0
32,7208.0,2,0.0,7,0,507.0,0
30,5662.0,22,0.91,8,1,289.0,1
45,6610.0,88,0.65,7,0,477.0,0
24,5066.0,25,0.04,8,0,450.0,0
28,2602.0,39,0.76,7,0,317.0,0
23,7235.0,38,0.17,2,0,517.0,0
24,6365.0,66,0.86,2,0,390.0,0
60,5630.0,8,0.53,8,0,372.0,0
69,3269.0,47,0.57,7,2,231.0,1
20,6450.0,40,0.64,9,0,396.0,0
33,7270.0,13,0.01,5,1,468.0,0
61,6014.0,43,0.73,7,0,448.0,0
44,3281.0,20,0.79,3,1,278.0,1
61,6013.0,99,0.45,4,0,422.0,0
56,9249.0,64,0.5,8,0,522.0,0
68,3335.0,25,0.23,1,1,326.0,0
52,2009.0,2,0.1,6,1,306.0,0
63,4458.0,14,0.95,5,0,307.0,0
34,6335.0,36,0.89,5,1,405.0,0
64,3581.0,43,0.59,5,0,321.0,0
21,5705.0,32,0.26,5,0,464.0,0
27,7952.0,10,0.94,6,0,472.0,0
28,8658.0,40,0.33,4,0,549.0,0
47,4694.0,77,0.75,2,1,287.0,1
34,6289.0,80,0.94,1,0,378.0,0
52,5013.0,57,0.92,2,0,385.0,0
24,2025.0,79,0.75,3,0,352.0,0
22,3605.0,52,0.59,8,1,333.0,0
67,4476.0,15,0.4,1,0,381.0,0
56,2492.0,50,0.63,6,1,271.0,1
47,5763.0,58,0.99,3,1,348.0,0
67,4768.0,11,0.65,2,0,418.0,0
68,8117.0,66,0.47,7,1,376.0,0
35,7066.0,38,0.12,9,0,512.0,0
48,5422.0,29,0.51,9,1,368.0,0
37,4135.0,43,0.03,1,1,388.0,0
46,4386.0,83,0.9,3,0,313.0,0
24,3303.0,90,0.4,6,0,373.0,0
61,2513.0,56,0.62,8,0,304.0,0
32,3853.0,98,0.07,5,1,399.0,0
56,5922.0,83,0.46,7,0,407.0,0
36,5959.0,78,0.72,1,0,429.0,0
20,9649.0,62,0.16,2,2,484.0,0
59,3621.0,79,0.51,7,1,309.0,0
59,6339.0,92,0.33,5,0,523.0,0
64,4504.0,45,0.31,3,0,406.0,0
25,5900.0,69,0.42,6,2,334.0,0
31,2421.0,87,0.79,9,0,313.0,0
48,5062.0,7,0.98,4,2,224.0,1
68,6916.0,77,0.31,5,0,475.0,0
22,7098.0,77,0.28,4,1,438.0,0
31,5968.0,31,0.26,1,1,384.0,0
58,2134.0,14,0.04,6,0,329.0,0
42,3257.0,9,0.51,4,0,392.0,0
64,3844.0,95,0.65,9,0,355.0,0
59,8496.0,58,0.26,1,2,396.0,0
46,6485.0,61,0.09,2,0,453.0,0
51,2010.0,50,0.95,4,0,267.0,1
66,3429.0,61,0.83,6,0,316.0,0
52,6095.0,13,0.13,1,1,457.0,0
26,3724.0,55,0.23,1,1,321.0,0
66,6536.0,60,0.77,9,1,336.0,0
22,4017.0,34,0.7,6,1,311.0,0
69,5364.0,77,0.98,1,0,365.0,0
44,3301.0,44,0.29,1,2,278.0,1
36,3106.0,16,0.2,6,1,302.0,0
37,6014.0,75,0.31,5,0,457.0,0
35,4117.0,84,0.79,2,0,369.0,0
65,2297.0,50,0.33,6,0,357.0,0
20,1500.0,62,0.03,1,2,240.0,0
32,8328.0,95,0.96,7,2,392.0,0
22,6072.0,44,0.25,1,0,507.0,0
29,5231.0,32,0.32,6,0,349.0,0
33,2112.0,42,0.95,8,1,208.0,1
42,4663.0,21,0.48,1,0,409.0,0
66,3505.0,93,0.93,3,0,269.0,1
36,4070.0,28,0.46,5,0,403.0,0
41,5321.0,55,0.54,4,0,357.0,0
55,6327.0,98,0.08,9,0,524.0,0
25,5032.0,98,0.25,9,1,433.0,0
25,8235.0,78,0.55,7,1,444.0,0
67,2685.0,91,0.73,2,1,297.0,0
33,6578.0,65,0.54,8,0,446.0,0
20,4093.0,38,0.03,4,1,409.0,0
66,6351.0,2,0.74,8,0,429.0,0
43,5041.0,79,0.61,6,1,356.0,0
60,5042.0,15,0.97,7,1,287.0,1
63,8444.0,17,0.77,4,0,446.0,0
23,5831.0,74,0.03,4,1,422.0,0
69,6373.0,18,0.69,7,0,440.0,0
46,1500.0,6,0.59,1,0,302.0,0
23,4877.0,5,0.75,3,1,329.0,0
66,2740.0,54,0.45,8,1,269.0,1
38,4855.0,51,0.39,1,0,418.0,0
68,6377.0,14,0.88,8,0,399.0,0
33,1500.0,13,0.05,3,0,333.0,0
65,7989.0,42,0.76,6,0,412.0,0
63,2179.0,84,0.09,4,0,308.0,0
64,7668.0,69,0.62,1,0,463.0,0
29,9552.0,15,0.07,3,1,557.0,0
65,6258.0,94,0.32,1,0,439.0,0
59,3608.0,31,0.0,9,0,400.0,0
51,6250.0,3,0.75,7,0,434.0,0
22,7990.0,86,0.68,8,0,463.0,0
48,5129.0,81,0.68,2,1,369.0,0
58,5632.0,38,0.07,3,0,437.0,0
53,3292.0,60,0.2,7,0,404.0,0
59,9116.0,48,0.84,4,2,403.0,0
69,6436.0,63,0.72,9,1,371.0,0
35,2410.0,21,0.93,2,0,282.0,1
37,3515.0,16,0.37,3,0,357.0,0
21,2882.0,15,0.98,4,1,255.0,0
25,4622.0,52,0.12,8,1,375.0,0
69,8186.0,60,0.91,6,0,422.0,0
34,9645.0,67,0.44,2,0,544.0,0
26,2874.0,5,0.44,9,1,275.0,0
27,9608.0,82,0.39,7,0,543.0,0
33,6460.0,70,0.74,6,0,444.0,0
28,5251.0,99,0.86,4,2,259.0,1
31,6198.0,81,0.93,9,0,401.0,0
29,2336.0,79,0.84,6,0,239.0,0
53,1707.0,29,0.55,6,3,114.0,1
30,5341.0,22,0.07,6,1,375.0,0
26,4529.0,89,0.56,2,1,327.0,0
29,1500.0,2,0.19,1,2,240.0,1
41,5914.0,6,0.6,1,1,359.0,0
37,7985.0,33,0.08,5,0,538.0,0
51,5529.0,89,0.06,7,1,466.0,0
47,5203.0,33,0.32,9,0,386.0,0
60,3922.0,87,0.47,6,0,334.0,0
64,7242.0,32,0.71,7,0,395.0,0
23,6932.0,27,0.51,2,0,499.0,0
65,3778.0,66,0.21,7,0,395.0,0
27,3513.0,59,0.57,3,1,307.0,0
55,2370.0,16,0.16,9,0,312.0,0
33,5879.0,35,0.2,4,0,425.0,0
33,7021.0,32,0.32,2,0,498.0,0
63,8137.0,72,0.35,7,0,573.0,0
53,4072.0,29,0.68,6,0,338.0,0
50,7873.0,21,0.51,8,0,469.0,0
39,7645.0,81,0.31,9,0,470.0,0
66,10430.0,62,0.51,5,0,549.0,0
21,6928.0,78,0.32,5,0,520.0,0
27,5075.0,90,0.39,8,1,375.0,0
56,2385.0,97,0.18,8,0,371.0,0
42,4391.0,94,0.17,1,0,417.0,0
37,5695.0,21,0.11,7,0,477.0,0
69,2846.0,40,0.74,7,2,262.0,1
56,6784.0,73,0.75,1,0,444.0,0
31,8010.0,52,0.33,2,0,491.0,0
69,5467.0,98,0.61,3,1,363.0,0
62,2329.0,35,0.77,2,0,277.0,1
63,3972.0,28,0.29,1,0,411.0,0
28,4454.0,18,0.55,8,0,337.0,0
34,6081.0,24,0.62,4,0,404.0,0
30,3436.0,8,0.86,6,1,233.0,1
52,6956.0,6,0.65,3,1,372.0,0
37,8459.0,65,0.01,9,1,505.0,0
20,2271.0,34,0.65,6,0,369.0,0
46,8260.0,35,0.67,1,1,465.0,0
56,3727.0,95,0.24,7,1,320.0,0
45,4021.0,26,0.06,3,1,395.0,0
26,3793.0,98,0.49,3,0,313.0,0
49,8343.0,76,0.27,4,1,508.0,0
27,5664.0,84,0.69,4,0,414.0,0
22,3117.0,41,0.58,5,0,368.0,0
26,5872.0,48,0.37,8,0,441.0,0
44,5424.0,87,0.45,5,2,338.0,0
46,4946.0,83,0.78,3,0,411.0,0
52,7224.0,85,0.19,4,2,411.0,0
55,7601.0,89,0.21,3,0,489.0,0
30,10359.0,21,0.24,3,0,582.0,0
28,7013.0,83,0.07,2,0,476.0,0
35,4876.0,13,0.83,3,0,395.0,0
20,3805.0,53,0.41,6,0,419.0,0
34,6219.0,54,0.01,4,1,464.0,0
66,6586.0,67,0.91,4,0,425.0,0
35,7424.0,83,0.58,2,0,475.0,0
43,2993.0,81,0.96,2,0,310.0,0
55,7578.0,66,0.85,2,1,413.0,0
69,6442.0,37,0.73,7,2,360.0,0
50,5791.0,18,0.83,8,0,391.0,0
54,4575.0,47,0.29,9,1,368.0,0
35,2186.0,94,0.68,8,0,251.0,1
65,6522.0,93,0.23,5,0,445.0,0
56,1500.0,74,0.67,5,1,228.0,0
40,4100.0,4,0.51,9,0,377.0,0
53,1500.0,68,0.99,8,0,236.0,1
21,2417.0,33,0.27,6,2,234.0,0
65,1987.0,76,0.67,4,1,210.0,1
50,4695.0,59,0.6,1,0,385.0,0
55,3264.0,67,0.48,4,0,380.0,0
60,2647.0,73,0.87,6,0,207.0,1
26,5132.0,55,0.16,9,0,382.0,0
31,4840.0,62,0.09,6,0,417.0,0
61,4129.0,3,0.6,3,0,385.0,0
25,2290.0,30,0.94,3,0,280.0,1
63,7284.0,54,0.99,8,1,318.0,0
53,2804.0,6,0.83,7,1,231.0,1
39,5214.0,18,0.54,5,0,408.0,0
61,3799.0,60,0.87,5,0,296.0,0
54,8090.0,97,0.73,3,0,448.0,0
41,9404.0,53,0.46,6,1,480.0,0
44,7642.0,80,0.37,4,0,470.0,0
41,7256.0,85,0.41,2,0,472.0,0
46,4292.0,26,0.43,3,0,402.0,0
54,9465.0,19,0.64,1,0,473.0,0
52,5237.0,50,0.05,5,0,442.0,0
62,1655.0,99,0.58,4,0,246.0,0
68,5494.0,48,0.2,1,0,417.0,0
54,6151.0,86,0.06,8,0,450.0,0
45,4231.0,11,0.09,6,0,438.0,0
59,5372.0,15,0.89,5,1,291.0,0
40,5419.0,40,0.51,7,0,430.0,0
27,5057.0,69,0.7,1,1,309.0,0
27,5415.0,49,0.74,8,0,429.0,0
54,5370.0,98,0.32,9,0,467.0,0
47,7943.0,55,0.01,1,0,528.0,0
44,4598.0,97,0.43,1,0,398.0,0
28,5700.0,67,0.92,6,1,272.0,1
67,4539.0,82,0.93,2,0,405.0,0
29,4123.0,80,0.89,5,0,306.0,0
44,4706.0,69,0.13,8,0,475.0,0
56,7077.0,40,0.33,4,0,458.0,0
21,5288.0,27,0.5,7,0,393.0,0
32,7394.0,69,0.29,5,0,492.0,0
51,5040.0,60,0.98,3,0,379.0,0
24,3740.0,56,0.8,6,0,305.0,0
38,6259.0,21,0.36,8,0,435.0,0
44,5905.0,88,0.27,1,1,423.0,0
36,2144.0,48,0.49,9,0,316.0,0
47,5387.0,37,0.29,4,0,359.0,0
47,4785.0,36,0.33,7,3,217.0,1
38,6129.0,90,0.03,4,0,520.0,0
42,6846.0,95,0.08,9,1,510.0,0
49,2541.0,5,0.15,5,0,399.0,0
65,3435.0,89,0.65,5,0,352.0,0
49,5034.0,92,0.12,8,0,449.0,0
40,6952.0,51,0.53,7,0,456.0,0
55,4923.0,73,0.06,5,0,463.0,0
28,7173.0,85,0.07,8,0,516.0,0
33,3889.0,6,0.25,1,0,427.0,0
65,6054.0,43,0.32,3,2,373.0,0
47,3517.0,30,0.3,9,0,413.0,0
65,3947.0,8,0.8,9,0,359.0,0
61,4399.0,66,0.24,6,1,378.0,0
52,5376.0,49,0.34,8,1,404.0,0
28,4678.0,46,0.88,5,0,379.0,0
48,4425.0,60,0.3,5,0,400.0,0
67,10828.0,72,0.43,8,1,501.0,0
48,5742.0,45,0.9,2,1,328.0,0
49,5386.0,84,0.86,3,1,357.0,0
64,3546.0,94,0.72,5,0,352.0,0
56,5299.0,46,0.41,3,0,444.0,0
66,3030.0,63,0.17,9,0,361.0,0
66,3123.0,19,0.44,9,0,350.0,0
30,5884.0,60,0.86,4,0,363.0,0
68,5892.0,45,0.41,6,3,286.0,1
60,8505.0,96,0.89,4,0,477.0,0
69,7120.0,9,0.33,1,1,437.0,0
60,5654.0,48,0.75,4,0,392.0,0
53,5099.0,28,0.36,7,2,314.0,0
33,2200.0,62,0.83,3,1,236.0,1
40,6340.0,13,0.85,2,1,362.0,0
41,3504.0,85,0.37,7,0,381.0,0
52,2619.0,29,0.96,4,2,172.0,0
23,4545.0,70,0.03,5,2,325.0,0
48,4293.0,23,0.63,2,1,253.0,1
44,3461.0,24,0.18,6,0,399.0,0
44,4836.0,39,0.0,1,0,469.0,0
47,4227.0,51,0.93,2,0,376.0,0
37,3673.0,36,0.77,4,0,365.0,0
21,5044.0,4,0.0,5,1,399.0,0
48,5620.0,8,0.35,6,1,389.0,0
66,6694.0,27,0.8,4,0,384.0,0
45,4027.0,96,0.05,5,0,454.0,0
65,4240.0,49,0.81,9,1,292.0,0
61,4032.0,39,0.13,3,0,375.0,0
62,8645.0,74,0.78,8,1,378.0,0
47,6663.0,87,0.35,5,1,372.0,0
40,7645.0,68,0.21,1,1,402.0,0
33,2583.0,15,0.54,3,0,267.0,0
37,2234.0,72,0.01,9,0,348.0,0
48,4600.0,33,0.55,1,0,369.0,0
64,6357.0,57,0.25,2,0,462.0,0
48,6930.0,84,0.63,6,1,430.0,0
67,4964.0,80,0.06,8,2,386.0,0
53,7876.0,17,0.14,1,1,475.0,0
52,1500.0,10,0.74,7,0,288.0,1
31,4549.0,65,0.65,1,1,301.0,0
67,4546.0,68,0.86,2,0,392.0,0
42,7143.0,43,0.45,5,0,466.0,0
58,2138.0,8,0.02,8,0,344.0,0
57,3450.0,88,0.97,7,1,250.0,0
31,2449.0,49,0.14,8,0,413.0,0
41,5936.0,47,0.43,8,1,436.0,0
25,3807.0,74,0.52,1,0,357.0,0
27,6139.0,48,0.23,4,0,420.0,0
29,4900.0,15,0.67,6,1,312.0,0
68,4992.0,86,0.98,8,0,349.0,0
68,4438.0,65,0.64,8,1,338.0,0
36,4584.0,22,0.45,6,1,369.0,0
49,5076.0,80,0.56,4,2,274.0,1
31,2582.0,6,0.92,1,0,315.0,0
35,2752.0,20,0.73,7,2,224.0,1
57,7635.0,12,0.77,4,0,432.0,0
52,5024.0,96,0.69,8,0,379.0,0
43,7433.0,85,0.18,8,0,485.0,0
62,6158.0,52,0.15,1,0,445.0,0
68,7360.0,88,0.94,7,0,439.0,0
30,5841.0,19,0.66,3,0,473.0,0
45,4017.0,50,0.5,7,0,388.0,0
62,5366.0,14,0.63,2,1,292.0,0
56,4884.0,4,0.41,4,0,379.0,0
69,6748.0,36,0.53,9,0,486.0,0
69,4764.0,68,0.95,7,0,351.0,0
46,7375.0,57,0.16,5,2,379.0,0
56,2638.0,13,0.61,3,0,284.0,1
56,4937.0,6,0.02,3,0,464.0,0
40,5614.0,8,0.12,1,0,420.0,0
37,5425.0,61,0.91,6,0,412.0,0
30,2418.0,23,0.59,7,0,250.0,1
29,4908.0,52,0.73,8,1,302.0,0
39,5359.0,80,0.93,2,0,359.0,0
51,1500.0,72,0.76,4,0,279.0,0
60,5764.0,32,0.97,3,2,261.0,1
50,3942.0,43,0.79,5,0,327.0,0
29,3569.0,3,0.76,4,1,277.0,1
30,5160.0,87,0.1,9,1,384.0,0
57,4113.0,18,0.96,7,0,315.0,0
21,5535.0,27,0.41,9,0,427.0,0
64,7415.0,61,0.12,2,0,468.0,0
53,4695.0,82,0.52,9,0,435.0,0
42,3504.0,5,0.76,9,1,309.0,0
56,4465.0,64,0.14,3,0,430.0,0
33,2166.0,45,0.19,6,0,355.0,0
54,7803.0,46,0.33,1,1,442.0,0
48,5170.0,80,0.99,7,0,381.0,0
58,2805.0,12,0.49,3,0,323.0,0
69,6411.0,70,0.5,6,0,482.0,0
65,2334.0,93,0.32,2,0,379.0,0
24,8791.0,48,0.78,8,0,453.0,0
46,2157.0,44,0.54,4,0,329.0,0
24,2391.0,72,0.36,7,0,308.0,0
27,2492.0,96,0.32,8,0,322.0,0
43,7467.0,94,0.18,9,1,421.0,0
54,4369.0,63,0.37,2,2,259.0,1
54,6048.0,62,0.99,1,2,274.0,1
54,7461.0,70,0.07,8,0,513.0,0
53,7412.0,8,0.32,9,1,454.0,0
47,2024.0,56,0.44,6,0,308.0,0
59,5435.0,72,0.02,6,2,375.0,0
66,5983.0,83,0.51,8,0,391.0,0
52,3591.0,45,0.61,5,1,308.0,0
63,2841.0,97,0.29,8,1,322.0,0
54,2515.0,91,0.49,9,1,278.0,1
26,3695.0,19,0.66,9,0,415.0,0
39,1673.0,21,0.44,5,0,304.0,0
24,4162.0,8,0.25,5,0,456.0,0
25,4767.0,37,0.81,4,0,350.0,0
59,3975.0,19,0.59,1,1,306.0,0
29,6149.0,52,0.47,9,0,401.0,0
66,9173.0,95,0.05,8,1,532.0,0
50,5762.0,48,0.55,8,0,384.0,0
60,5205.0,24,0.08,7,0,385.0,0
57,6347.0,36,0.53,2,0,461.0,0
64,8847.0,91,0.36,3,1,504.0,0
43,7147.0,7,0.5,2,1,430.0,0
36,4266.0,85,0.15,2,1,383.0,0
23,2738.0,53,0.77,1,2,197.0,1
27,3292.0,91,0.74,8,0,371.0,0
20,5585.0,47,0.6,8,1,335.0,0
53,5395.0,83,0.34,5,2,361.0,0
38,4583.0,94,0.84,9,2,229.0,1
60,2659.0,53,0.21,7,0,358.0,0
30,7593.0,82,0.85,4,1,404.0,0
53,1500.0,75,0.86,1,0,272.0,1
53,6288.0,87,0.16,8,1,392.0,0
66,1998.0,15,0.18,7,0,395.0,0
58,3414.0,28,0.37,4,1,266.0,1
63,5984.0,56,0.81,9,1,290.0,1
26,3817.0,60,0.96,8,0,358.0,0
61,1500.0,39,0.99,9,1,206.0,1
55,4551.0,72,0.89,6,1,282.0,1
20,4637.0,43,0.66,6,0,367.0,0
53,6645.0,23,0.52,1,0,463.0,0
52,4130.0,57,0.5,8,1,316.0,0
40,5272.0,60,0.03,2,0,469.0,0
23,6710.0,37,0.07,7,0,495.0,0
47,4644.0,7,0.47,9,0,371.0,0
48,6430.0,39,0.31,6,0,456.0,0
24,6912.0,81,0.92,3,0,424.0,0
34,2941.0,16,0.19,9,0,384.0,0
41,4525.0,11,0.54,6,0,385.0,0
68,5662.0,96,0.9,5,0,410.0,0
26,5272.0,94,0.05,7,1,419.0,0
25,3792.0,33,0.94,3,0,319.0,0
22,3947.0,49,0.33,1,0,350.0,0
32,6042.0,73,0.89,9,1,351.0,0
61,5536.0,93,0.4,2,1,377.0,0
32,2390.0,83,0.76,4,2,169.0,1
61,7280.0,6,0.59,7,0,490.0,0
43,4863.0,50,0.8,5,1,310.0,0
41,4287.0,29,0.15,3,0,434.0,0
62,1500.0,96,0.87,2,1,230.0,1
56,7306.0,1,0.97,1,2,340.0,0
68,5303.0,94,0.45,3,0,448.0,0
65,6480.0,7,0.91,3,2,300.0,0
21,6291.0,28,0.39,5,0,441.0,0
43,8088.0,92,0.87,6,0,443.0,0
22,4493.0,27,0.79,5,0,325.0,0
49,3313.0,84,0.76,1,0,368.0,0
65,6651.0,33,0.64,8,0,471.0,0
30,3482.0,77,0.98,5,1,238.0,0
64,7007.0,43,0.59,6,0,422.0,0
69,6709.0,28,0.46,3,0,466.0,0
31,7595.0,41,0.37,7,1,424.0,0
59,4865.0,53,0.26,9,1,367.0,0
21,4547.0,18,0.45,7,0,366.0,0
33,2310.0,14,0.46,5,1,271.0,1
43,3980.0,86,0.85,5,0,346.0,0
37,2105.0,94,0.88,8,2,146.0,1
42,3902.0,61,0.39,9,0,344.0,0
51,7238.0,82,0.75,2,0,422.0,0
21,7100.0,82,0.42,1,1,393.0,0
67,1636.0,12,0.28,8,2,240.0,1
68,3151.0,38,0.63,3,0,394.0,0
65,4256.0,99,0.3,7,1,359.0,0
42,3827.0,3,0.23,7,1,385.0,0
58,6582.0,64,0.85,4,0,398.0,0
58,6113.0,46,0.51,3,1,416.0,0
30,3334.0,97,0.02,8,1,326.0,0
25,4464.0,83,0.02,6,1,426.0,0
48,4144.0,71,0.2,5,0,384.0,0
67,6887.0,48,0.38,2,1,479.0,0
39,7588.0,72,0.51,8,1,389.0,0
30,9635.0,24,0.14,3,0,599.0,0
20,3710.0,28,0.38,2,0,342.0,0
32,4128.0,98,0.59,3,1,369.0,0
43,3196.0,50,0.5,5,0,333.0,0
46,6727.0,25,0.91,2,1,335.0,0
34,5667.0,83,0.02,5,2,392.0,0
64,7583.0,62,0.69,9,0,485.0,0
64,5978.0,95,0.71,3,1,389.0,0
51,6230.0,54,0.02,1,1,418.0,0
63,6522.0,52,0.07,5,0,512.0,0
56,3796.0,71,0.39,1,0,337.0,0
54,5130.0,68,0.5,2,0,420.0,0
63,5230.0,15,0.26,4,0,416.0,0
69,5421.0,37,0.82,6,1,311.0,0
63,6688.0,50,0.5,8,0,454.0,0
62,5789.0,34,0.16,3,0,518.0,0
59,6217.0,85,0.4,3,1,458.0,0
23,3311.0,73,0.76,6,0,346.0,0
69,2292.0,68,0.33,8,2,246.0,1
46,4193.0,20,0.57,9,0,353.0,0
48,4381.0,54,0.44,5,0,345.0,0
53,4173.0,19,0.46,4,0,379.0,0
54,7704.0,61,0.44,4,0,446.0,0
63,3648.0,37,0.9,4,0,291.0,1
43,7445.0,9,0.59,1,2,375.0,0
38,5618.0,72,0.2,9,0,468.0,0
62,6694.0,12,0.48,5,0,417.0,0
69,8653.0,38,0.85,6,1,482.0,0
61,4917.0,99,0.03,1,1,401.0,0
61,6243.0,38,0.75,7,0,405.0,0
21,5918.0,5,0.92,5,0,392.0,0
33,1500.0,9,0.16,5,0,326.0,0
60,8190.0,85,0.03,3,1,420.0,0
31,4476.0,9,0.02,7,2,316.0,0
35,5614.0,11,0.25,8,1,379.0,0
42,2432.0,94,0.83,3,1,271.0,1
49,5490.0,22,0.85,5,0,378.0,0
68,5493.0,35,0.39,3,0,452.0,0
21,5333.0,81,0.77,1,0,355.0,0
30,7395.0,63,0.1,5,0,490.0,0
57,5875.0,25,0.73,2,1,340.0,0
23,5405.0,62,0.51,7,0,392.0,0
48,3134.0,31,0.42,1,0,301.0,0
41,5041.0,30,0.29,5,2,325.0,0
39,10167.0,58,0.18,3,2,469.0,0
24,4316.0,6,0.49,1,0,391.0,0
63,9212.0,82,0.51,5,0,515.0,0
38,6040.0,66,0.56,5,0,419.0,0
26,5153.0,51,0.32,6,0,443.0,0
49,3914.0,16,0.19,5,0,410.0,0
66,2459.0,80,0.77,8,0,288.0,0
61,4693.0,29,0.18,2,0,360.0,0
42,3568.0,9,0.97,8,2,247.0,1
48,4871.0,16,0.03,4,1,427.0,0
25,1500.0,72,0.39,1,1,237.0,0
21,5699.0,77,0.68,6,0,426.0,0
36,4446.0,2,0.55,3,1,340.0,0
55,2754.0,14,0.23,9,2,240.0,0
30,4087.0,64,0.64,4,1,315.0,0
30,1500.0,11,0.24,8,0,366.0,0
56,5453.0,36,0.02,5,0,483.0,0
38,7150.0,32,0.73,2,0,416.0,0
68,6564.0,20,0.9,7,1,409.0,0
59,3824.0,71,0.13,5,0,386.0,0
68,2652.0,65,0.3,5,0,329.0,0
34,6546.0,90,0.85,7,2,298.0,0
36,4828.0,51,0.14,5,0,430.0,0
49,4130.0,25,0.67,4,1,314.0,0
64,2839.0,8,0.73,6,1,239.0,1
33,5799.0,72,0.5,5,0,431.0,0
61,3357.0,33,0.56,2,0,340.0,0
47,5127.0,26,0.48,3,1,321.0,0
54,4834.0,63,0.16,4,1,424.0,0
31,4579.0,50,0.54,2,1,308.0,0
62,2950.0,92,0.45,5,1,323.0,0
65,3589.0,43,0.23,9,1,359.0,0
38,4338.0,84,0.46,8,0,329.0,0
31,4468.0,82,0.24,9,0,382.0,0
36,6376.0,77,0.62,6,0,409.0,0
47,4576.0,53,0.18,1,1,366.0,0
47,5613.0,13,0.06,4,0,422.0,0
43,8353.0,47,0.08,3,0,550.0,0
32,3545.0,67,0.06,9,1,368.0,0
31,2727.0,55,0.01,1,0,427.0,0
50,5812.0,27,0.55,3,0,405.0,0
53,4022.0,31,0.26,2,0,356.0,0
66,5793.0,71,0.68,4,1,360.0,0
40,1500.0,70,0.61,9,1,230.0,1
37,7305.0,85,0.14,1,1,488.0,0
54,5588.0,43,0.62,2,2,265.0,1
45,7784.0,23,0.95,5,0,473.0,0
59,1500.0,61,0.82,1,0,302.0,0
24,5333.0,69,0.67,4,0,335.0,0
45,7490.0,97,0.48,9,0,500.0,0
65,4371.0,79,0.31,7,0,443.0,0
53,5120.0,63,0.85,1,1,313.0,0
54,2702.0,68,0.73,1,0,280.0,1
42,9110.0,67,0.52,8,1,471.0,0
25,6076.0,26,0.45,9,0,464.0,0
30,3259.0,82,0.62,6,0,388.0,0
62,4792.0,20,0.17,1,0,431.0,0
24,10855.0,7,0.96,3,2,512.0,0
49,3202.0,87,0.1,7,2,277.0,1
39,4982.0,73,0.32,7,1,391.0,0
37,6506.0,35,0.33,3,0,468.0,0
68,6483.0,33,0.75,3,0,431.0,0
58,3658.0,86,0.27,7,1,352.0,0
42,5725.0,52,0.08,9,0,450.0,0
32,3799.0,87,0.78,9,0,379.0,0
49,2378.0,11,0.26,3,0,342.0,0
37,5595.0,51,0.73,3,0,357.0,0
27,5719.0,42,0.63,8,0,398.0,0
38,7684.0,53,0.02,7,0,523.0,0
51,5146.0,54,0.4,3,2,278.0,1
35,5033.0,23,0.44,3,0,379.0,0
25,6647.0,3,0.56,2,1,377.0,0
33,5438.0,36,0.72,4,0,378.0,0
20,2811.0,47,0.78,4,0,288.0,1
64,3090.0,4,0.55,5,2,218.0,1
68,4258.0,88,0.52,1,0,313.0,0
27,3791.0,39,0.64,5,1,268.0,1
65,3098.0,16,0.06,5,0,362.0,0
59,4346.0,74,0.7,5,1,316.0,0
22,6601.0,16,0.22,4,1,416.0,0
63,5194.0,87,0.21,8,1,420.0,0
45,8920.0,71,0.63,6,0,492.0,0
43,4927.0,64,0.28,4,0,418.0,0
44,7447.0,15,0.06,5,2,405.0,0
65,4493.0,21,0.42,4,0,356.0,0
64,4419.0,35,0.46,5,2,322.0,0
20,5178.0,28,0.59,6,2,341.0,0
20,6211.0,37,0.95,7,1,333.0,0
58,6799.0,61,0.17,1,0,468.0,0
59,6310.0,82,0.54,6,1,368.0,0
68,7147.0,74,0.13,6,1,452.0,0
20,7354.0,99,0.96,3,0,425.0,0
47,6307.0,42,0.12,4,0,435.0,0
60,6519.0,93,0.37,1,1,430.0,0
53,3331.0,29,0.13,7,2,271.0,1
59,5187.0,62,0.43,7,1,351.0,0
21,5583.0,74,0.19,7,0,480.0,0
49,5213.0,14,0.67,3,1,350.0,0
41,4728.0,94,0.01,8,2,336.0,0
61,6160.0,49,0.79,7,0,401.0,0
39,6611.0,40,0.57,7,2,306.0,0
30,9649.0,13,0.75,1,1,443.0,0
31,7138.0,27,0.29,8,0,525.0,0
26,5092.0,55,0.08,4,1,425.0,0
39,4490.0,89,0.89,7,0,326.0,0
53,4700.0,53,0.88,3,2,287.0,1
41,4090.0,85,0.18,8,0,398.0,0
28,5468.0,77,0.61,8,2,304.0,0
55,5898.0,37,0.68,5,1,310.0,0
53,8072.0,8,0.14,1,2,428.0,0
49,2772.0,27,0.33,2,0,354.0,0
36,3290.0,84,0.88,8,0,275.0,1
59,3293.0,56,0.9,6,2,226.0,1
25,5974.0,38,0.69,3,0,387.0,0
23,4059.0,76,0.9,8,0,292.0,0
60,3907.0,40,0.44,3,0,359.0,0
48,1959.0,58,0.16,9,0,321.0,0
34,7186.0,9,0.17,4,1,463.0,0
37,3491.0,95,0.4,4,0,423.0,0
46,6936.0,5,0.73,1,1,329.0,0
61,5247.0,38,0.84,2,0,381.0,0
20,1500.0,92,0.43,7,0,337.0,0
66,2098.0,36,0.44,2,0,367.0,0
67,6707.0,14,0.72,9,0,392.0,0
20,1500.0,58,0.94,7,0,204.0,1
31,4506.0,50,0.15,8,0,458.0,0
69,3969.0,32,0.93,9,0,305.0,0
45,7817.0,23,0.87,1,2,314.0,0
36,2069.0,18,0.52,1,0,313.0,0
62,2268.0,3,0.93,5,0,241.0,1
46,7776.0,8,0.69,4,0,499.0,0
26,2408.0,83,0.94,9,0,285.0,1
33,4067.0,79,0.24,4,0,417.0,0
21,5906.0,7,0.5,9,1,390.0,0
51,5094.0,55,0.56,8,0,375.0,0
29,4815.0,37,0.0,5,0,461.0,0
69,3120.0,83,0.45,8,1,292.0,0
30,9104.0,86,0.26,2,1,499.0,0
48,6882.0,85,0.04,2,0,520.0,0
58,9612.0,56,0.67,9,0,514.0,0
36,4072.0,12,0.31,3,1,343.0,0
47,1500.0,27,0.53,8,0,241.0,1
66,3229.0,5,0.23,2,0,334.0,0
26,4113.0,55,0.87,8,4,123.0,1
48,5562.0,88,0.97,2,0,405.0,0
33,3091.0,67,0.44,3,2,238.0,1
41,8354.0,80,0.96,5,1,416.0,0
41,4257.0,18,0.19,2,0,419.0,0
45,4865.0,84,0.45,9,0,371.0,0
51,6050.0,74,0.07,5,0,504.0,0
23,9872.0,9,0.66,2,1,477.0,0
33,4282.0,22,0.87,3,0,319.0,0
20,5125.0,21,0.82,8,0,412.0,0
38,3907.0,61,0.91,3,0,348.0,0
45,4572.0,55,0.31,2,1,380.0,0
58,7184.0,16,0.45,5,1,432.0,0
57,8018.0,9,0.18,2,0,482.0,0
36,5376.0,22,0.42,8,0,405.0,0
55,4517.0,3,0.82,2,0,349.0,0
52,8801.0,19,0.94,8,0,428.0,0
31,3391.0,92,0.62,5,1,286.0,1
65,5528.0,73,0.68,3,1,344.0,0
58,5220.0,74,0.91,3,1,319.0,0
44,9624.0,28,0.14,1,0,559.0,0
68,2973.0,42,0.4,5,2,251.0,1
43,3608.0,94,0.89,2,1,308.0,0
55,5451.0,10,0.27,5,1,402.0,0
42,3958.0,63,0.31,2,1,305.0,0
41,4648.0,44,0.97,5,0,341.0,0
61,5062.0,12,0.6,1,0,418.0,0
59,6006.0,61,0.64,8,0,383.0,0
21,3861.0,89,0.48,8,1,382.0,0
31,6222.0,87,0.82,2,0,398.0,0
57,6583.0,31,0.35,1,0,483.0,0
52,9156.0,17,0.8,4,2,397.0,0
44,5203.0,10,0.23,3,0,449.0,0
51,2047.0,9,0.94,9,2,189.0,0
52,6856.0,15,0.89,2,1,424.0,0
67,3915.0,72,0.15,4,0,360.0,0
39,1500.0,53,0.96,4,1,222.0,1
67,4310.0,12,0.54,3,1,290.0,1
29,5660.0,17,0.18,1,0,477.0,0
57,7054.0,32,0.28,9,2,438.0,0
26,2860.0,64,0.07,5,0,339.0,0
65,3727.0,94,0.1,5,0,402.0,0
66,1500.0,22,0.55,1,1,281.0,1
50,2684.0,44,0.96,2,0,304.0,0
28,4475.0,94,0.87,6,0,320.0,0
35,7475.0,23,0.93,2,1,392.0,0
31,7179.0,14,0.46,1,0,406.0,0
46,3632.0,13,0.36,8,1,259.0,1
38,9635.0,50,0.78,7,1,480.0,0
64,3724.0,71,0.4,8,1,240.0,1
57,4439.0,51,0.87,3,0,291.0,1
30,6938.0,8,0.51,8,0,466.0,0
54,8530.0,67,0.95,5,0,443.0,0
45,2123.0,16,0.43,9,0,295.0,0
45,2914.0,70,0.14,8,1,302.0,0
27,2840.0,57,0.07,7,0,419.0,0
66,3826.0,95,0.43,4,0,362.0,0
33,5835.0,90,0.34,7,0,402.0,0
37,5430.0,22,0.28,6,0,462.0,0
59,1562.0,80,0.45,9,2,221.0,0
26,4389.0,80,0.25,9,0,376.0,0
23,7417.0,43,0.69,4,1,388.0,0
52,2604.0,49,0.78,3,0,326.0,0
33,4552.0,54,0.99,2,1,271.0,1
65,5006.0,60,0.77,1,0,404.0,0
37,6721.0,99,0.31,6,0,473.0,0
66,4144.0,41,0.67,7,1,310.0,0
37,2377.0,24,0.52,6,0,345.0,0
62,6806.0,64,0.33,1,0,499.0,0
69,6900.0,93,0.39,4,1,455.0,0
51,4630.0,47,0.5,3,0,369.0,0
43,6931.0,28,0.79,7,0,409.0,0
62,5490.0,64,0.8,2,1,343.0,0
29,5088.0,30,0.37,2,1,380.0,0
50,6858.0,50,0.59,8,2,375.0,0
39,2664.0,10,0.71,4,1,276.0,1
31,4389.0,77,0.03,9,1,354.0,0
22,6355.0,77,0.39,8,0,475.0,0
67,3229.0,73,0.87,3,0,339.0,0
67,6034.0,17,0.94,4,0,425.0,0
34,3543.0,88,0.16,5,1,278.0,1
61,4555.0,86,0.37,7,0,426.0,0
39,5836.0,59,0.94,2,0,412.0,0
68,4571.0,87,0.31,3,0,343.0,0
24,7722.0,67,0.41,3,2,383.0,0
64,1500.0,4,0.34,7,1,274.0,0
66,5279.0,98,0.55,7,2,294.0,0
40,3876.0,6,0.65,4,2,290.0,1
48,5229.0,29,0.1,2,1,403.0,0
56,3018.0,92,0.15,3,0,472.0,0
34,1911.0,56,0.23,3,0,318.0,0
52,5531.0,15,0.47,1,0,392.0,0
36,5763.0,78,0.78,6,0,336.0,0
67,7224.0,16,0.03,8,2,431.0,0
32,4732.0,8,0.06,4,0,438.0,0
58,9313.0,70,0.81,5,1,431.0,0
26,4743.0,58,0.76,9,3,242.0,0
23,5662.0,73,0.65,3,0,376.0,0
43,5223.0,91,0.22,1,0,489.0,0
36,4155.0,34,0.01,7,1,303.0,0
35,3343.0,17,0.73,8,0,334.0,0
50,7418.0,71,0.81,8,0,467.0,0
68,4614.0,37,0.27,6,0,429.0,0
61,4860.0,40,0.42,6,1,315.0,0
28,3145.0,48,0.52,4,0,326.0,0
32,5655.0,86,0.37,2,0,406.0,0
43,4337.0,31,0.35,2,2,306.0,0
29,1522.0,81,0.43,7,0,253.0,1
30,2161.0,27,0.76,4,1,278.0,1
68,4214.0,70,0.79,4,0,394.0,0
37,3127.0,84,0.41,4,0,301.0,0
48,4074.0,53,0.36,3,2,314.0,0
33,4402.0,89,0.55,2,0,366.0,0
63,2167.0,34,0.05,3,0,355.0,0
31,6892.0,42,0.42,5,0,461.0,0
57,7378.0,28,0.11,6,0,486.0,0
23,7542.0,5,0.79,6,0,377.0,0
44,3954.0,57,0.65,1,0,375.0,0
53,2827.0,45,0.73,5,1,298.0,0
31,7354.0,1,0.11,2,0,488.0,0
51,4334.0,3,0.72,9,0,390.0,0
40,5485.0,76,0.13,9,1,401.0,0
64,3577.0,37,0.33,4,0,405.0,0
32,4872.0,63,0.31,4,0,411.0,0
44,5613.0,64,0.34,6,1,372.0,0
53,1500.0,28,0.14,3,1,251.0,0
25,2340.0,66,0.11,9,0,345.0,0
61,5845.0,42,0.72,2,1,356.0,0
43,7765.0,78,0.18,9,1,437.0,0
23,6052.0,51,0.89,6,0,357.0,0
35,9165.0,59,0.31,2,0,542.0,0
47,2764.0,96,0.2,6,0,287.0,1
64,3449.0,37,0.17,3,2,256.0,1
34,3291.0,2,0.41,9,0,349.0,0
69,3171.0,89,0.59,8,0,379.0,0
54,5665.0,68,0.36,9,1,491.0,0
21,5580.0,97,0.38,9,0,420.0,0
61,5668.0,33,0.31,1,0,437.0,0
36,6563.0,90,0.68,3,0,424.0,0
36,8214.0,47,0.91,4,1,424.0,0
63,4967.0,8,0.88,2,2,255.0,0
21,4110.0,66,0.51,7,1,361.0,0
34,7766.0,70,0.71,2,0,503.0,0
68,7040.0,34,0.74,1,0,397.0,0
62,3309.0,77,0.58,1,0,328.0,0
25,3720.0,9,0.56,9,1,290.0,0
54,5235.0,30,0.27,5,0,427.0,0
48,5332.0,3,0.89,2,0,360.0,0
38,4328.0,18,0.33,8,1,371.0,0
58,5200.0,58,0.33,6,1,356.0,0
62,4894.0,73,0.85,5,2,225.0,1
54,8335.0,72,0.42,1,1,460.0,0
49,5333.0,16,0.44,3,0,335.0,0
22,5113.0,36,0.17,9,0,449.0,0
60,8270.0,12,0.34,1,0,559.0,0
45,3659.0,68,0.11,1,1,345.0,0
50,7695.0,34,0.5,8,2,331.0,0
60,5004.0,65,0.83,7,1,307.0,0
31,1953.0,44,0.23,5,1,272.0,1
69,3756.0,40,0.81,8,1,306.0,0
41,4208.0,77,0.21,1,2,310.0,0
27,1558.0,43,0.18,3,1,259.0,1
68,4431.0,52,0.91,9,1,318.0,0
31,4420.0,13,0.38,2,0,359.0,0
21,6201.0,95,0.61,6,0,462.0,0
65,4765.0,10,0.65,8,0,384.0,0
47,5449.0,13,0.64,2,1,367.0,0
60,5351.0,63,0.55,9,0,382.0,0
36,6492.0,7,0.46,9,2,390.0,0
25,5342.0,68,0.71,5,2,247.0,1
58,5529.0,30,0.08,9,0,490.0,0
36,4062.0,14,0.64,1,0,322.0,0
29,8110.0,71,0.7,1,1,419.0,0
32,6527.0,59,0.35,5,1,379.0,0
38,7112.0,97,0.1,4,0,506.0,0
53,6198.0,65,0.67,6,2,277.0,1
66,4857.0,44,0.86,7,0,389.0,0
60,1762.0,10,0.41,1,0,337.0,0
66,1500.0,78,0.33,3,0,343.0,0
45,5724.0,88,0.25,2,2,353.0,0
61,5899.0,43,0.72,5,0,445.0,0
32,11193.0,38,0.36,3,0,592.0,0
54,7518.0,3,0.64,3,1,425.0,0
67,7021.0,8,0.77,4,0,422.0,0
38,4504.0,63,0.49,6,0,461.0,0
49,3980.0,90,0.44,3,2,296.0,0
38,4526.0,82,0.18,3,1,430.0,0
62,1500.0,17,0.5,1,1,212.0,1
29,6414.0,51,0.06,7,0,536.0,0
51,6622.0,64,0.22,9,0,526.0,0
41,1500.0,42,0.62,1,2,259.0,1
50,7372.0,33,0.65,2,1,427.0,0
54,3164.0,99,0.63,6,1,284.0,1
27,1579.0,85,0.41,2,1,234.0,1
67,1831.0,79,0.54,3,0,293.0,0
57,7707.0,1,0.53,7,1,437.0,0
53,5966.0,89,0.48,8,0,402.0,0
46,2148.0,3,0.9,5,1,278.0,1
33,4324.0,1,0.14,6,1,364.0,0
23,8196.0,98,0.5,6,2,455.0,0
33,1841.0,22,0.7,8,0,317.0,0
62,3381.0,77,0.17,5,0,408.0,0
22,6844.0,11,0.54,6,1,392.0,0
50,3463.0,5,0.34,5,0,356.0,0
63,4648.0,43,0.35,4,1,371.0,0
61,8355.0,56,0.14,3,0,545.0,0
46,6045.0,99,0.95,9,2,261.0,1
33,6055.0,93,0.93,6,0,388.0,0
54,2928.0,52,0.95,6,1,227.0,1
40,3852.0,80,0.48,6,0,404.0,0
26,1950.0,42,0.63,1,0,247.0,1
55,7300.0,45,0.23,8,0,515.0,0
67,3100.0,75,0.4,3,0,354.0,0
64,4804.0,48,0.11,5,2,292.0,0
64,3200.0,97,0.5,4,3,189.0,0
35,7225.0,51,0.28,7,0,541.0,0
58,5251.0,20,0.5,3,0,463.0,0
62,3567.0,37,0.29,1,0,344.0,0
29,1500.0,88,0.82,4,0,301.0,0
24,7433.0,3,0.93,5,0,399.0,0
64,7173.0,95,0.08,6,0,468.0,0
27,3013.0,25,0.67,9,1,267.0,1
33,3107.0,60,0.57,1,0,316.0,0
33,8158.0,20,0.88,1,0,462.0,0
64,1500.0,60,0.87,3,2,165.0,1
25,2550.0,60,0.88,7,2,175.0,1
38,4267.0,72,0.33,5,0,339.0,0
67,3716.0,33,0.95,6,1,300.0,0
57,5120.0,5,0.23,6,0,415.0,0
46,1859.0,42,0.09,3,0,334.0,0
38,7507.0,34,0.88,8,1,411.0,0
49,6042.0,7,0.36,5,0,441.0,0
56,4648.0,63,0.08,6,0,458.0,0
61,3517.0,81,0.55,9,0,378.0,0
27,6878.0,63,0.38,9,1,411.0,0
46,5807.0,98,0.9,5,3,221.0,1
33,5483.0,40,0.99,6,0,368.0,0
34,5384.0,1,0.49,3,0,371.0,0
61,3857.0,34,0.96,1,0,336.0,0
27,2646.0,50,0.56,8,1,272.0,1
40,5132.0,54,0.15,2,0,452.0,0
65,3878.0,61,0.85,8,0,339.0,0
38,1862.0,40,0.13,4,0,372.0,0
48,9892.0,7,0.9,3,2,437.0,0
54,1500.0,19,0.38,9,1,290.0,1
55,3285.0,80,0.82,6,1,268.0,1
30,3015.0,70,0.37,8,1,289.0,1
62,2716.0,58,0.52,4,0,318.0,0
52,6226.0,75,0.61,3,1,383.0,0
67,5658.0,87,0.04,5,2,357.0,0
50,6813.0,61,0.81,6,1,336.0,0
31,10121.0,91,0.01,9,1,558.0,0
34,1500.0,60,0.53,2,0,317.0,0
31,5186.0,59,0.31,8,0,408.0,0
65,7571.0,49,0.35,1,0,513.0,0
63,6967.0,49,0.37,2,0,429.0,0
27,3254.0,17,0.72,4,1,305.0,0
26,6312.0,72,0.18,6,0,457.0,0
47,4660.0,81,0.86,6,0,331.0,0
55,7072.0,89,0.14,7,1,456.0,0
46,3828.0,81,0.51,6,0,374.0,0
32,7487.0,77,0.43,9,1,419.0,0
33,9997.0,51,0.28,6,1,535.0,0
51,8615.0,94,0.85,8,0,470.0,0
23,2947.0,49,0.68,8,1,301.0,0
43,5470.0,75,0.26,5,0,451.0,0
61,5594.0,54,0.1,4,0,471.0,0
33,6394.0,20,0.02,4,0,508.0,0
42,3885.0,92,0.96,1,1,278.0,1
30,4693.0,25,0.15,5,2,315.0,0
56,1500.0,4,0.94,9,0,209.0,1
44,4897.0,13,0.69,5,0,375.0,0
50,1880.0,60,0.56,1,2,167.0,1
55,1514.0,9,0.93,2,0,285.0,1
40,5463.0,63,0.6,1,0,328.0,0
69,4186.0,1,0.98,2,0,293.0,0
48,2511.0,69,0.84,8,2,179.0,1
54,4544.0,23,0.28,7,0,386.0,0
55,4849.0,41,0.37,5,0,470.0,0
25,4661.0,92,0.65,7,0,367.0,0
51,8824.0,76,0.72,9,1,423.0,0
61,4277.0,48,0.47,7,1,346.0,0
50,2645.0,56,0.12,5,1,345.0,0
66,5149.0,35,0.8,3,0,386.0,0
58,7184.0,74,0.19,1,0,507.0,0
52,2439.0,22,0.07,9,0,403.0,0
48,1500.0,63,0.17,7,0,318.0,0
52,2394.0,61,0.79,9,1,240.0,0
56,4756.0,13,0.66,7,0,360.0,0
68,2986.0,1,0.19,3,0,358.0,0
57,1500.0,27,0.87,8,0,308.0,0
44,6071.0,95,0.55,9,0,365.0,0
56,5332.0,7,0.14,2,1,388.0,0
25,7180.0,17,0.2,7,0,457.0,0
57,4533.0,10,0.21,8,0,432.0,0
59,4560.0,31,0.54,3,0,449.0,0
39,7736.0,50,0.26,6,0,539.0,0
68,4435.0,52,0.57,7,1,326.0,0
46,4692.0,3,0.55,6,0,415.0,0
59,4203.0,85,0.6,9,2,240.0,1
35,4202.0,91,0.05,6,1,350.0,0
38,6190.0,30,0.32,9,0,467.0,0
62,4462.0,70,0.07,4,1,416.0,0
32,3760.0,22,0.61,1,0,340.0,0
42,6397.0,91,0.25,9,0,492.0,0
54,7205.0,38,0.82,8,3,303.0,0
58,4532.0,32,0.24,7,1,338.0,0
20,6418.0,96,0.29,5,0,450.0,0
52,3543.0,42,0.05,1,2,280.0,1
21,4375.0,41,0.42,7,0,396.0,0
66,3467.0,13,0.61,9,0,316.0,0
56,4636.0,10,0.82,2,2,271.0,1
47,5998.0,39,0.18,7,1,413.0,0
39,5476.0,30,0.47,8,0,371.0,0
51,3742.0,22,0.61,3,0,334.0,0
20,1500.0,4,0.31,1,1,265.0,1
39,5296.0,31,0.4,5,0,404.0,0
59,4010.0,44,0.41,8,0,359.0,0
57,7106.0,15,0.34,7,0,470.0,0
25,6846.0,74,0.75,2,1,337.0,0
34,1500.0,43,0.63,2,0,289.0,1
68,3596.0,32,0.56,7,0,326.0,0
46,4021.0,63,0.07,1,2,348.0,0
56,2618.0,89,0.12,5,1,338.0,0
61,5660.0,99,0.61,7,1,388.0,0
35,5362.0,44,0.72,7,1,351.0,0
42,3424.0,93,0.36,8,0,436.0,0
30,1500.0,5,0.81,5,0,289.0,1
54,3704.0,96,0.07,3,0,333.0,0
65,4239.0,58,0.89,5,0,314.0,0
42,3807.0,21,0.38,2,1,304.0,0
61,5433.0,40,0.63,7,0,400.0,0
37,4178.0,3,0.47,4,0,352.0,0
57,6005.0,36,0.22,6,0,443.0,0
41,3117.0,28,0.4,1,1,297.0,0
45,6658.0,28,0.78,6,0,443.0,0
25,5867.0,93,0.16,1,0,503.0,0
32,2193.0,71,0.76,2,1,246.0,1
62,2891.0,75,0.16,7,0,363.0,0
44,6099.0,36,0.61,8,0,409.0,0
45,4432.0,24,0.46,6,1,328.0,0
41,6409.0,67,0.26,6,1,444.0,0
23,3250.0,80,0.79,2,1,300.0,0
36,1500.0,54,0.31,9,1,196.0,1
30,7771.0,93,0.3,2,1,453.0,0
36,5589.0,59,0.81,2,0,392.0,0
43,4002.0,11,0.08,3,2,296.0,0
51,6567.0,19,0.1,8,0,543.0,0
30,1500.0,41,0.65,7,0,305.0,0
54,3309.0,13,0.36,7,1,308.0,0
52,5582.0,97,0.32,1,1,361.0,0
69,6449.0,13,0.38,6,2,361.0,0
26,5040.0,98,0.46,7,0,424.0,0
68,4558.0,26,0.04,9,2,309.0,0
36,4687.0,78,0.42,6,0,480.0,0
41,5108.0,65,0.38,9,2,327.0,0
44,2546.0,12,0.4,8,0,326.0,0
62,5271.0,37,0.76,1,1,336.0,0
41,1500.0,13,0.14,2,0,282.0,1
55,4244.0,83,0.14,5,1,364.0,0
59,6919.0,80,0.07,5,2,448.0,0
58,6969.0,41,0.04,3,0,535.0,0
37,4306.0,37,0.43,5,2,284.0,1
28,7101.0,7,0.21,7,1,436.0,0
61,4593.0,9,0.3,2,0,435.0,0
41,7968.0,24,0.35,6,0,511.0,0
66,7692.0,82,0.35,8,2,428.0,0
42,5339.0,89,0.3,5,0,494.0,0
54,4398.0,51,0.98,8,0,309.0,0
31,5770.0,50,0.38,7,1,362.0,0
63,4936.0,61,0.02,8,1,379.0,0
38,1500.0,59,0.17,7,0,303.0,0
67,4530.0,54,0.62,6,1,309.0,0
43,7448.0,36,0.44,6,1,368.0,0
25,4153.0,71,0.73,3,0,353.0,0
57,8366.0,32,0.19,1,1,435.0,0
48,4937.0,41,0.06,3,0,467.0,0
47,5883.0,23,0.9,8,1,353.0,0
34,4296.0,64,0.86,5,1,296.0,0
68,4746.0,28,0.22,2,0,468.0,0
58,3577.0,74,0.94,5,1,238.0,0
67,4418.0,21,0.35,6,0,395.0,0
68,4667.0,33,0.26,7,0,451.0,0
59,1500.0,56,0.33,3,0,332.0,0
26,1690.0,64,0.31,9,1,234.0,1
56,4438.0,75,0.49,4,0,359.0,0
25,6636.0,37,0.73,4,0,438.0,0
30,4210.0,48,0.07,3,3,246.0,0
32,3308.0,95,0.77,2,2,186.0,1
30,1500.0,40,0.26,2,1,265.0,1
26,5195.0,43,0.52,9,2,313.0,0
28,8216.0,89,0.25,1,0,507.0,0
39,8358.0,17,0.76,1,0,497.0,0
61,6398.0,34,0.2,7,0,474.0,0
57,4079.0,67,0.54,5,0,320.0,0
66,7996.0,6,0.22,9,0,503.0,0
58,7059.0,10,0.69,9,0,497.0,0
24,4632.0,28,0.54,5,1,330.0,0
56,2501.0,52,0.6,3,1,255.0,1
63,3956.0,77,0.73,8,0,324.0,0
35,8906.0,94,0.45,4,0,517.0,0
51,3448.0,98,0.97,1,0,297.0,0
41,8728.0,7,0.59,9,0,549.0,0
48,3437.0,21,0.09,5,0,388.0,0
34,7244.0,11,0.72,8,2,398.0,0
43,3411.0,36,0.31,8,0,355.0,0
47,4469.0,45,0.07,7,0,404.0,0
25,6598.0,81,0.96,4,0,334.0,0
56,2372.0,90,0.22,2,0,357.0,0
67,3911.0,80,0.93,4,1,273.0,1
58,4928.0,18,0.82,1,0,313.0,0
29,8702.0,28,0.96,8,0,466.0,0
32,1540.0,80,0.53,8,0,272.0,1
53,3067.0,49,0.59,6,0,342.0,0
26,7241.0,41,0.18,4,1,464.0,0
44,5616.0,4,0.01,4,0,472.0,0
53,3424.0,53,0.44,4,0,316.0,0
69,7869.0,74,0.66,2,1,379.0,0
21,4008.0,79,0.02,3,1,397.0,0
46,8859.0,16,0.62,8,1,433.0,0
36,8296.0,14,0.77,3,1,417.0,0
51,1500.0,91,0.37,6,0,297.0,0
62,3818.0,20,0.11,3,1,323.0,0
53,2851.0,24,0.12,9,0,387.0,0
29,4691.0,87,0.76,1,0,343.0,0
25,6184.0,3,0.36,3,3,303.0,0
32,5204.0,4,0.59,9,0,401.0,0
28,2358.0,52,0.35,5,0,358.0,0
45,5564.0,28,0.56,9,0,410.0,0
59,6464.0,14,0.38,5,1,415.0,0
67,5198.0,31,0.3,6,0,393.0,0
69,6767.0,25,1.0,5,1,292.0,0
29,5538.0,35,0.99,2,0,341.0,0
31,5924.0,94,0.17,9,0,497.0,0
50,5470.0,18,0.39,1,3,276.0,1
50,5666.0,74,0.02,7,0,445.0,0
51,4267.0,72,0.17,9,1,334.0,0
61,3364.0,24,0.01,6,0,361.0,0
57,2766.0,76,0.42,4,1,325.0,0
66,7464.0,89,0.38,1,0,477.0,0
37,3970.0,20,0.78,5,0,329.0,0
25,8052.0,45,0.96,1,0,392.0,0
41,5132.0,45,0.28,9,0,429.0,0
59,5000.0,42,0.05,4,0,472.0,0
23,2944.0,33,0.73,4,0,352.0,0
61,3874.0,47,0.55,6,1,286.0,1
69,3081.0,2,0.66,3,0,319.0,0
49,6276.0,96,0.58,9,1,388.0,0
23,7333.0,44,0.57,3,1,447.0,0
65,4740.0,10,0.87,2,0,401.0,0
36,6558.0,88,0.61,9,1,384.0,0
45,3842.0,55,0.11,2,0,393.0,0
58,6746.0,76,0.43,6,1,418.0,0
52,2706.0,78,0.75,4,0,303.0,0
48,2431.0,93,0.54,3,2,185.0,1
44,3349.0,14,0.81,7,1,261.0,1
24,1500.0,31,0.49,7,0,336.0,0
60,5770.0,38,0.06,8,1,396.0,0
37,3837.0,92,0.7,9,0,343.0,0
67,7719.0,40,0.27,7,0,517.0,0
52,5218.0,22,0.91,8,2,290.0,1
29,6233.0,19,0.17,5,0,514.0,0
66,7155.0,64,0.02,9,1,444.0,0
27,5549.0,11,0.96,5,1,377.0,0
48,2876.0,26,0.98,4,0,297.0,0
27,6720.0,96,0.69,4,1,454.0,0
48,9463.0,86,0.38,3,1,472.0,0
69,7267.0,6,0.37,9,0,437.0,0
39,4394.0,76,0.21,1,1,418.0,0
40,6527.0,18,0.26,4,1,442.0,0
32,3733.0,22,0.16,6,2,301.0,0
20,5001.0,96,0.01,9,1,424.0,0
22,4378.0,20,0.0,1,1,378.0,0
68,7054.0,66,0.88,5,1,382.0,0
60,5940.0,61,0.67,5,0,326.0,0
42,5038.0,9,0.9,5,1,322.0,0
49,1500.0,37,0.47,4,0,301.0,0
54,5155.0,30,0.01,8,3,249.0,1
58,2304.0,48,0.73,2,0,301.0,0
40,9368.0,9,0.43,7,1,501.0,0
68,3209.0,31,0.43,7,0,405.0,0
66,8526.0,58,0.0,8,0,554.0,0
23,3323.0,18,0.04,1,3,233.0,1
67,3289.0,47,0.12,6,2,303.0,0
25,5629.0,34,0.79,4,0,451.0,0
34,1790.0,79,0.11,5,0,324.0,0
40,8446.0,96,0.17,6,0,562.0,0
48,3100.0,92,0.94,1,0,253.0,0
29,7522.0,69,0.69,2,1,427.0,0
60,2392.0,35,0.74,7,0,286.0,1
43,1500.0,69,0.99,4,0,223.0,0
43,6279.0,37,0.73,6,1,363.0,0
36,6469.0,53,0.43,3,1,355.0,0
43,7242.0,66,0.64,4,0,459.0,0
38,3894.0,90,0.3,7,1,373.0,0
57,2729.0,79,0.35,8,0,347.0,0
20,6220.0,53,0.6,4,2,316.0,0
46,5499.0,23,0.05,8,0,483.0,0
43,4432.0,17,0.62,5,1,354.0,0
61,6369.0,74,0.66,7,1,394.0,0
69,5400.0,30,0.41,2,0,443.0,0
63,4025.0,42,0.22,1,1,345.0,0
59,4591.0,96,0.55,4,0,358.0,0
61,4404.0,19,0.41,5,1,330.0,0
57,8737.0,91,0.3,9,1,477.0,0
55,6891.0,7,0.75,7,2,337.0,0
32,3983.0,22,0.57,8,0,402.0,0
23,3852.0,33,0.04,9,0,406.0,0
68,3944.0,72,0.74,5,1,308.0,0
46,4732.0,96,0.54,5,0,398.0,0
20,4721.0,68,0.94,3,0,358.0,0
24,8802.0,41,0.4,2,1,481.0,0
56,1500.0,38,0.21,4,1,261.0,0
62,8041.0,56,0.1,1,0,525.0,0
59,5248.0,73,0.92,8,0,387.0,0
25,4531.0,35,0.5,6,1,332.0,0
24,2568.0,47,0.87,1,0,257.0,1
67,6062.0,52,0.13,7,0,494.0,0
64,6591.0,9,0.46,1,2,385.0,0
52,7600.0,63,0.36,3,0,469.0,0
49,8318.0,67,0.66,5,2,406.0,0
52,5528.0,22,0.52,8,0,406.0,0
38,8066.0,94,0.42,6,1,458.0,0
37,6664.0,63,0.49,5,0,402.0,0
56,4675.0,35,0.41,1,1,294.0,0
33,5423.0,21,0.46,7,0,398.0,0
34,6878.0,52,0.75,5,0,435.0,0
45,1983.0,53,0.64,3,1,273.0,1
24,5662.0,69,0.03,3,0,480.0,0
34,7405.0,47,0.64,6,1,379.0,0
49,7199.0,28,0.66,6,0,464.0,0
29,2598.0,45,0.49,1,1,251.0,1
38,1500.0,2,0.11,9,1,255.0,1
25,8356.0,33,0.14,6,1,438.0,0
30,6652.0,77,0.09,2,1,434.0,0
21,5175.0,53,0.66,8,0,356.0,0
45,3882.0,32,0.08,9,1,333.0,0
47,4794.0,53,0.31,9,1,341.0,0
20,6332.0,33,0.11,8,0,494.0,0
59,3740.0,94,0.3,6,0,354.0,0
40,4507.0,88,0.95,3,1,309.0,0
20,3912.0,47,0.3,4,1,324.0,0
66,4060.0,31,0.52,4,1,290.0,1
58,6394.0,81,0.26,4,0,455.0,0
58,4340.0,52,0.04,3,0,442.0,0
68,5075.0,67,0.66,2,0,381.0,0
63,2854.0,61,0.48,8,0,353.0,0
44,2617.0,63,0.81,3,0,317.0,0
58,5964.0,69,0.19,2,2,337.0,0
28,4532.0,97,0.14,2,1,347.0,0
45,6011.0,73,0.59,6,3,299.0,0
22,8336.0,23,0.58,9,0,516.0,0
36,6333.0,1,0.02,3,1,475.0,0
57,6899.0,88,0.12,3,1,417.0,0
69,5185.0,83,0.65,1,2,305.0,0
51,4273.0,15,0.15,2,0,395.0,0
67,8031.0,20,0.1,9,0,534.0,0
27,4881.0,77,0.17,1,3,320.0,0
25,4670.0,51,0.78,1,0,307.0,0
33,7859.0,29,0.81,5,1,396.0,0
34,5049.0,37,0.16,5,0,443.0,0
39,7715.0,39,0.09,7,1,454.0,0
43,7276.0,48,0.28,6,0,457.0,0
64,6154.0,73,0.03,5,1,438.0,0
22,3363.0,89,0.2,8,3,252.0,1
34,4636.0,25,0.07,5,0,442.0,0
59,5568.0,26,0.1,3,0,500.0,0
37,4911.0,57,0.03,7,0,432.0,0
45,4923.0,5,0.71,5,0,361.0,0
37,8704.0,26,0.37,8,1,466.0,0
50,7392.0,75,0.25,5,1,420.0,0
40,3536.0,44,0.49,9,0,370.0,0
22,2675.0,53,0.31,4,0,349.0,0
23,1500.0,10,0.33,3,1,285.0,1
58,4805.0,3,0.45,2,0,396.0,0
55,7833.0,7,0.14,4,0,557.0,0
63,4049.0,10,0.42,6,0,377.0,0
53,1500.0,33,0.41,7,0,248.0,0
62,4176.0,25,0.99,2,0,297.0,0
29,4002.0,65,0.51,1,0,347.0,0
42,5983.0,45,0.13,9,0,451.0,0
64,3910.0,66,0.4,2,1,279.0,1
68,4609.0,2,0.99,2,0,334.0,0
20,3830.0,84,0.0,1,0,408.0,0
27,3299.0,45,0.64,4,0,279.0,0
39,5351.0,35,0.31,2,0,493.0,0
20,7448.0,35,0.69,4,0,485.0,0
50,3969.0,69,0.62,7,0,374.0,0
57,3574.0,89,0.58,3,0,337.0,0
27,4751.0,87,0.03,2,0,450.0,0
59,3361.0,25,0.69,1,0,379.0,0
61,7454.0,71,0.67,3,0,445.0,0
53,5416.0,56,0.08,6,1,391.0,0
