row_id,age,annual_income,spending_score,debt_ratio,credit_card_count,overdue_count_6m
2962,0.005262416522561879,0.07522121375799848,0.013702523686194772,-0.12876280744274232,-0.004083771451180562,0.23292105880365482
9986,0.002235207535677686,-0.011199590242725056,0.0006577661754030498,-0.024985590220363917,-0.0013230412459317605,-0.06963798391162651
7026,-0.0013108748128196823,-0.07009493317404858,-0.00035911626270311657,-0.0027597755651544297,-0.003138329096084015,-0.03807941979563866
3223,0.0003499974114600418,-0.05296688752780597,0.0007162430626631142,-0.03118197029207086,0.0020193141236539676,-0.03492127840640136
8720,0.000593903895873587,-0.09624048324163201,-0.0008544514957055815,0.05127970665091657,-0.0007944240679376511,-0.057662029141819185
9468,-0.003513752617427495,-0.14415584319454483,0.0026416666596501106,0.023703311980300835,-0.0014816552330094053,0.03354372893144429
194,0.0012865695517263118,0.33081082612235724,-0.00270692357711261,0.015684155980123796,0.015762120764447336,0.1411399511025586
9490,0.0014934974446307574,-0.023910715207763656,-0.0004003672566211911,-0.04102224722733611,-0.000657086083278162,-0.05006811684840215
818,-0.0009924767117289934,-0.06226799805749427,-0.0003274703490933153,-0.017430897313794016,-0.0010462217874913826,-0.03550492702553391
8760,0.023987598104967398,0.13900295640685886,-0.007521028553363273,-0.14313660102181647,0.001418146328921192,0.08584216615435121
2252,0.0002598921604814879,-0.03414420664764806,0.0020848776055050837,-0.025641690856690318,-0.001880059594296682,-0.05504600015650222
750,-0.0003001915603754271,0.2553397355894958,-0.005414714749083284,0.15081296912993966,0.00043331947868215,0.1413226779225451
3470,0.00165369226975631,-0.0626494289773565,-0.00166305509881986,-0.018744079183379045,0.00010184670423398707,-0.036695208309712006
1067,-0.0001472367742490768,-0.09802561256120829,-0.0001242223807266708,-0.033765037511363956,0.0018178581207001577,0.0233847010644431
9874,0.0069154159028513434,-0.06301395174999984,0.0012857750865840163,-0.02143210476732343,0.0021625673194472866,-0.03665759476964892
1077,0.0004060173255609617,-0.1505697888522785,0.0031321788863519495,0.02636599658365404,0.0009156210521934064,0.030654874640198972
5358,-0.0036196584865168294,-0.029809607074394687,-0.0005646632108387223,-0.05794216687319828,-0.004670072407722589,0.035373481338957125
4783,0.0010913163810727263,-0.15973447422954912,0.004015226575033277,0.046957159472101447,-0.0011751115980280866,0.039201742781605216
1480,-0.0039572450605044685,-0.01864783323143379,0.004134076768340316,-0.006815622048551213,-0.0013531836608578532,-0.07314039401839251
5822,-0.000884651566696585,-0.05002835451403437,-0.000296798929863161,-0.03268581677214431,-0.00014915354707210665,-0.03391507267370699
7256,-0.008560120483623397,0.10310504449846065,-0.010680868314688114,-0.13246377091579686,0.0011099799344313076,0.06499654958421763
8507,-0.0012241509626766428,-0.13864168179913164,-0.002614161850575024,0.020715608885052788,-0.0021167799950248764,0.030579516007486377
5054,0.005476065787536886,0.13730386729799296,0.010417551941754298,-0.1293873414947929,-0.0013663180938646396,0.08472619334366853
974,0.002884973889749606,-0.06178525334052474,0.002100733925507736,-0.020117055985361305,-0.0004791570728986191,-0.03372462176383248
2790,0.0011896099787253064,-0.08563916058592627,0.0015000475934525718,-0.044147264238858404,0.0016455286675937147,0.021093341023635127
909,0.0016551036656176415,-0.10746724582111773,0.0074602885441765006,0.048271762121355644,-0.0013392117022782677,-0.04140140687873865
6560,-8.820799225621741e-05,-0.014830564784575466,-0.0009337835924183427,-0.04953836275565291,0.0018966571494210267,-0.05195181500956705
5532,0.000490090448329603,-0.0835643994174622,-0.001981821482714993,0.011208789343552628,-0.0007267546875725446,-0.04208284656985887
4401,-0.0007312825343798336,-0.08234052927300073,-0.0013792841054724042,0.008451718099926595,0.0011628790445697619,-0.04103414959124966
4394,0.007467675192908918,0.4091566607730323,0.014359289002829368,0.1774433819583403,-0.03647759362086867,-0.06918867473897486
8863,-0.005788755988699734,-0.048356294842079886,0.002373774676764494,-0.06742405043406913,0.004526151037301677,0.02714441215122254
1876,0.0016745285429007278,-0.01824140659850462,0.0013841464467741777,0.053058808965047694,0.0052152453126903765,-0.10643602418941915
3068,-0.005740500381843461,0.06411852042462939,-4.8162040360970416e-05,-0.05313549575936413,-0.0029071030335304014,-0.08898592541965375
3290,0.0018273006244215707,0.00492979297515513,-0.0025958657548291247,-0.07476393976463325,-0.0030061887954322465,0.04060399273538189
7553,-0.040123121120208,0.3156101038973558,0.011577765599944771,0.14723519704157928,-0.01723833532514964,-0.07265800861341605
1724,0.01213801345664215,0.27427310766476704,0.013836921355157206,-0.10795111093599047,0.006180246516573054,-0.07819982316013342
5502,0.002271718328913565,-0.14420558744103612,-0.0028385947688127832,0.0622024701621041,-0.003694301362753948,0.028293405215143466
5558,0.004455824499608629,-0.15839075325134455,-0.0005904167275187007,0.06077423689400923,-0.0014857884687596683,0.0338528744804981
2532,0.002305263485185692,-0.033981894837114245,-0.0019176172574031703,0.040386678806488066,-0.0015143924456128592,-0.09424113862438215
5921,-0.0046581765556938035,0.26347227004544516,0.012929299330922578,-0.11157124992047396,0.008004580744577825,0.24572348786119916
2053,-0.0037060826211191247,0.012690232866614635,-0.009371541070538615,0.12786639674806413,0.009353703822624402,0.08235350360900759
7229,0.00012761698066239734,-0.033576573123817774,0.0018336038953362577,-0.0839087257442709,0.0008354016163723034,0.033458759100705206
9456,0.0013800055595881554,0.003557976944749086,-0.003265487897417568,-0.07024139654857306,-0.00034926899798862335,0.039030492185627354
9308,-0.00099008063849981,-0.09126935731534591,0.00045931587502417764,-0.04083010552091331,-0.0050943188863391276,0.02334980359160221
4291,-0.031991637152383644,0.22741329654091458,-0.011016157183808824,0.08963951231035054,0.0030752553811733835,0.1492044226935506
4781,0.0006128561677626618,-0.0013565398950103112,0.0006861259663566057,-0.02617037595235944,-0.0011732861844958905,-0.0774837247185399
5010,0.005104008618713698,-0.057630481222358795,0.00040291457187187937,-0.0308847446180646,-0.0008393444298026307,-0.03456334746583589
7812,0.0017973726590533336,-0.1009592472926646,0.004157418285369365,0.03484659810404627,0.0043295075634850085,-0.04883405729680196
9069,0.0007947348724554648,-0.15241174314301453,0.003296490400165671,0.029303616505981903,-0.0001787979925969936,0.03618364496481567
3507,-0.020582462641236074,0.376361308851272,0.008220435129538578,0.21549062735099792,0.015330615961241528,-0.08105349863437863
6328,-0.00041549637746576167,0.06504548059874282,-0.007634801657447038,-0.07250687356932262,-0.0013192484813343778,-0.07645404363920312
8029,-0.00014090176583709426,-0.22154733005529129,0.007466678577602369,0.06187325792566331,-0.0067586136188072165,0.13870086583487537
821,0.0004921374495955288,-0.05730960295934392,0.0018072755734302754,-0.03130768895579867,0.001566139491827151,-0.032702181245092166
5082,-0.0022526364792910592,-0.1035092787764883,-0.001171953092828225,-0.019916763941710828,-0.0019408971762206136,0.02578783120368664
9465,-0.0006270075456513182,-0.04813396709975106,-0.0012269149123949538,-0.030624321418040206,-0.00031669352505258734,-0.03707637169006765
9343,-0.0023130156914636588,-0.09325696310780235,0.0009272439589815423,-0.03857063627900355,-0.0003378100568323434,0.025380115110890087
6020,0.0013412237401119154,-0.056138734693000465,-7.62767948762766e-05,-0.03177495003449249,-0.0005045815669592291,-0.031034980251379043
5761,-0.0007440846582009068,-0.03299795949245522,0.005870510878502386,0.07191038557921459,0.0026432966212984886,-0.0988157866385069
4232,0.0004217306821885167,-0.02559883209193703,-0.0013373305496039711,-0.02549812793629014,-0.0029752418323509802,-0.05678277863227657
4608,0.001662551603408882,-0.030138263792713508,0.004223256039701392,0.09166103924481395,-0.003337912630578065,-0.10358942295932716
4839,0.0009331679453275189,-0.007488940713642551,-0.001754275995510749,0.09333584084064103,-0.0013814112923973129,-0.11254141870382674
8539,0.0033077565039303604,0.16433466901856486,0.011238641809658457,0.0924187592294755,-0.0019123077532062537,-0.1102952162924498
3445,0.001989154932891605,-0.08856220044717815,-4.091188861770244e-05,0.018060420553482132,-0.0008791040765564959,-0.04250104282602892
6733,0.00039248952218228563,-0.012910689101928932,0.0038301883740117183,-0.02728580181832096,0.0007656832947501587,-0.06924840925390514
1286,0.003195472828548562,-0.050138741284428016,-0.0012053749942234797,0.03615690708983848,-0.0005344457139578926,-0.08121776974326797
4683,0.010195210261379798,-0.17081492287013114,-0.0025352687687551266,-0.031070964215866668,0.016830701612332546,0.260427458356182
7790,0.0017815918650667594,0.373570830221759,-0.0016680173015290697,-0.09325435802556911,0.0007988334804653373,0.1153361829326578
5321,0.0005046596132843063,-0.05721009131498263,0.0006474424623643513,-0.03153162340363418,0.001904537662850352,-0.032684029340590864
6937,4.5885217039642245e-05,-0.058618367506458414,-0.0009490313754927794,-0.024737816581554484,0.00010809099798576875,-0.033779223967803564
4370,0.0019490106604570026,-0.024543360290042955,-0.0029628585523631653,-0.09281659633413893,-0.002964490059380523,0.0353725335490474
9426,0.0028550575703167776,-0.1127668931788937,0.008408487824024959,0.09418604646292382,-0.004225127917388693,0.04073979380029329
1932,-0.0013783903760177098,-0.04566320121936608,-0.0014973951759269877,-0.032202193598578954,0.0011271921997732504,-0.037061158001266754
2882,0.001407395200141134,-0.09605167976647327,-0.0008510404023529938,-0.03486077302113438,0.0006649091031394128,0.026369203321162528
2464,0.00047576812230208345,-0.027761826577156538,-0.00034837969408507523,-0.03329057766900312,-0.0006987368096663502,-0.0530508236832933
9197,0.01661088582220375,0.1040423400902354,-0.00415822087058528,0.1757107748788064,-0.0028033847506374328,0.1344881470915166
6396,0.0011654535029189455,-0.005420050092581129,-0.0037144051160214434,-0.09700074596275797,-0.0010523210665927946,0.0374064268916011
343,-0.004767901666776514,0.4487311150351254,0.008500127393931918,0.2075040090431694,0.006334538590671919,-0.05563338938064839
9657,-0.0011958142039688235,-0.15978387918189724,0.0010410269555151713,0.050857849451925896,-0.0015974552006727853,0.036078648550339376
161,0.0014282503068876267,-0.013306281458199593,-0.0005074692781468297,-0.04479136610394554,-0.00023645376302580012,-0.05476391070449831
2495,0.003252107478592545,0.13425335230516225,-0.0037919703512128556,-0.08370254399136275,-0.004633223575736881,-0.10740613759513441
8867,-0.002687997882609408,-0.015970534846204136,0.0018440185435317058,-0.09438361045807363,0.00013612350945464035,0.03578459076200002
2059,-0.01581485798784165,0.07890613262809347,0.0005571967478245945,0.18724245035591275,0.005447363506924768,0.12376419901435935
5631,0.0011081943468491647,0.06828295865423731,-0.003882967375322842,-0.05996339344327396,-0.0014159832914056995,-0.0899260448201736
2153,-0.0007618152601330352,-0.04941351810808647,-0.0012252582207133067,-0.0313175906716823,-0.0002668212229661443,-0.03497548058169103
4730,-0.00033947304252651797,-0.08819435122303869,0.013346856176868167,0.042433719657997075,0.0008199973307801788,-0.047475609141917716
7017,-0.0012631885271736907,0.001655144940104526,0.007566853111521702,0.06624962006950963,-0.0027044199308628608,-0.10892332578943009
8577,0.0009349142689061452,0.09165038264759998,-0.007780238927246657,0.13404856326693168,-0.0010649711710927446,-0.1178690316824003
6070,-0.006532303677230641,0.10930379410001177,-0.006565746383776059,0.04481605370288474,-0.0005276623188564572,-0.12489725751316978
2450,0.0016794341755161644,-0.008953417914622942,3.6711878388495218e-06,-0.026836792438288532,-0.0002583370984943044,-0.0726455037753698
8692,0.01437343406451898,0.36060442331403136,0.010112882247409182,-0.014741175658333576,0.00521714741191218,-0.07474866162995548
8734,0.0022697295278442838,0.12460746020031123,-0.010151213729611098,-0.14270126228796665,0.0037398370355933635,0.07323671502849528
4460,-0.009356010216685402,-0.1437690472007748,-0.003241546537813729,-0.03035520094145995,-0.0035791194250686556,0.10502857345056843
4740,-0.0012756474022777263,-0.08164413804744645,0.0003818247599206686,-0.047348317920201236,-0.0036381106780852615,0.021370274634393845
2567,-0.0013134172805336448,-0.05470596278581257,-0.0013091894933716672,-0.02879533392002421,-0.0002594628548978269,-0.03241685496717913
837,0.0014602990858523497,-0.0640458332405882,0.001555235071912558,-0.014487692422163656,-0.002581648499836144,-0.03658589044640935
4289,0.0025761677277062484,-0.01744925228973887,-0.003034593416192566,-0.08512545583380421,-0.0019694326081648775,0.030231080334424686
6164,-0.002363031933199134,-0.11047139646342834,0.004682324018789395,-0.0176705922752859,0.0028643604006424023,0.028448783011194325
530,-8.746831822136594e-05,-0.07087591767659131,-7.86981336281705e-05,0.017661952623922634,-0.0021022508989621035,-0.05325374268019149
5339,0.0011205380571630208,0.06405381624615186,-0.004725862755855981,-0.05067518604633795,-0.0012770730149838482,-0.09622347004024129
1856,-0.00419632448912624,-0.06871121383171731,-0.0010456549811864075,0.015829339760890335,-0.00040749691171387397,-0.053987251132610985
6640,-0.0007217936574655045,-0.03227164517600563,-0.004270695810354853,0.08661003541270254,0.0008478301945961508,-0.10456488741306527
8618,-0.000982885080651845,-0.03953717605648567,-0.0018628612692096638,-0.00985461456432311,0.0004990898500642946,-0.06095090904200649
8453,0.007579523500963275,0.27724287344665965,0.010119815894571475,-0.08748054906365978,-0.018616357309834065,-0.08897020372483477
9531,0.0010872323716619927,-0.08576043922082931,-0.00011480578339986952,-0.041535219960047595,-0.0005841219849685521,0.02141381622729967
803,0.00987298478034671,-0.06865584972611997,0.0037436368294572644,0.0019252333683845606,0.000591055839430609,-0.05067386272181788
9834,0.007495496073048124,0.15241595071201544,-0.007440007143594084,-0.09697766049904198,0.001889250686452667,-0.10354510053200638
3629,-0.0035780471288875872,0.20078513512540788,0.007472881062880429,0.03873493961783415,0.009332195599388483,-0.1269164190435159
8390,0.007842825130726844,-0.055160708583485984,0.0008085447570751027,-0.01811320673297997,-0.0007272335778800215,-0.045453818611602144
2260,-0.0010692983864884664,-0.059065111808149155,-0.000530429487265283,-0.019967201171437528,-0.0009268370624240518,-0.03587176689606614
2413,0.001549377324029887,-0.035902214880429106,0.0022447409161917616,-0.03132466006172599,0.0002538515170569453,-0.0498007614711795
7380,-0.0036235572493288747,-0.22387581163846568,-0.0096600992108968,0.043818965417304304,0.008699963869874759,0.13746294863464292
9062,0.0005501938964710138,-0.16299928286468082,0.004853392250944407,0.049334929814561244,0.0027063098274987046,0.03773813846465242
8928,-0.0018277267506485464,0.1573787279533564,0.0073617320391868015,-0.07905297969273832,0.001630778755531757,-0.09784159530630346
3573,0.0005661075794412399,-0.056024480931542935,0.00015506381823617585,-0.034367725705449964,0.001872069646853208,-0.030920819232092778
1778,0.0008853525041362918,-0.006618283916934587,-0.001187407072077326,-0.051230828679839246,0.00028306118903576987,-0.05363117474742648
6439,-0.0024526995551536522,-0.10208511877071924,-0.000561838448736955,0.04220574283171336,-0.0003208220355783283,-0.04038982193221675
2627,-0.001655040202308252,-0.13298146045616416,0.0012345182835536526,-0.058796352455095235,-0.0021862238025310466,0.09409224324905867
8674,0.0007701302152360175,-0.15587585866101072,-0.002386540034788002,0.032182620706326326,0.002496359265336918,0.033447636080245466
3010,0.0014077898511617286,-0.05368770455303767,-0.001151787734314158,-0.02039905026602187,0.0003379374172798862,-0.04414334383963894
2759,0.0024722503507672742,-0.030241570284827695,-0.0026597182370427484,-0.027569172099176087,-0.0006449632319039555,-0.04949841150497526
4218,0.00027934032293955616,-0.08951381586478517,-0.0019603804675189978,0.020357256336941597,5.6600792452665296e-05,-0.04050357469600932
3417,-0.002434288169710929,-0.09894919591204444,-0.0021674758072694118,0.03954805136867913,-0.00111623953543251,-0.042921773449965395
7299,0.0017602514599171421,-0.11506793087835936,0.0017481667855878686,-0.054433620395078666,-0.005529300033363515,0.14547418740835963
438,0.0031988306808606723,0.08851759653842714,0.0023012986188538473,-0.08782448405657761,-0.00023390436340282278,-0.07635537557112632
2748,0.002507696641141222,0.06473727118409964,-0.0017628018844036944,-0.06845555138384579,0.0020394680186699146,-0.07824571727593682
513,0.008480375844069145,0.3491693421238234,-0.01403642771340572,0.09944324841858061,-0.005633041302766839,0.20455529230305347
8906,0.005703487248516519,-0.07969627532516362,0.0028559069764670527,-0.04969390600320026,-0.001050477442209432,0.024896615089266955
6761,-0.0018777380280016404,-0.051286463166481965,0.0010252431239710295,-0.044391628131018504,0.009851758281042913,0.030791906657836793
3490,0.0014850564638880573,-0.10255419163115942,0.006887594361444261,-0.031552339171087275,-0.0010429578375285911,0.02719231889566789
3607,-0.0016444578145874997,0.005060817598790914,-0.004217259599641629,0.08806652514242992,0.004069834894371248,-0.10367672786769527
3817,0.002098857197025677,0.06274063923737412,-0.0010832945681422564,0.02956774537065091,-0.0012339746196926124,-0.12037832448564244
3265,0.010564819628749278,0.08767534499751468,-0.005492056148473903,0.07908339465584738,0.004501675267523495,0.44153322748563134
3189,-0.0009599762082608117,-0.1427167576997868,0.014569032931479955,-0.04635726020158338,-0.0031975813061808217,0.10925033631505324
4012,-0.005015292515579789,-0.1830993780846096,0.003323774131980413,-0.01348965129000854,-0.005098307925810111,0.23913844080137087
4526,0.0019606177890344493,-0.006924299969312914,-0.002169976516014971,-0.044776570917983816,-0.0002562895638231698,-0.06318565096253224
3244,0.0005451506836939487,-0.09019583179466543,0.000805678208500888,0.05291216065176026,-0.00188006392748758,-0.058452947185704776
2647,0.004597229117478329,0.09250962850771834,-0.023002027795162933,0.08379617209829321,-0.0018574270898074423,0.11052478871262522
1484,0.000679929361901044,-0.057124021143928165,-0.001000929949113893,-0.02926852950636538,0.0007240335602060891,-0.032614358200389375
5829,-0.00013165645123725653,-0.02283200324405613,-0.0012150200186423717,-0.09471142533199428,-0.0019148049468852468,0.03042882473314939
9035,-0.0032138351910776216,-0.1462344355983136,-9.782685635083139e-05,0.06046845300386745,-0.0031523575968991006,0.028887683029996305
8094,-0.008613027067603144,0.09486669749011123,-0.011683141561119796,0.09694588823962341,-0.00681376100496852,-0.10155918904333479
9787,-0.00921337319649692,0.07680640840007892,0.0055849419014197856,0.17287894793005412,-0.005920528283167365,0.11107171664467978
3639,-0.0016955716066233365,-0.017486738290970087,0.010358797378658188,-0.09532186139324741,0.0038338000324258555,0.03760269336542923
3720,-0.0049388220531589,-0.08857523600278643,-0.0008205309229306085,-0.03470945765604295,0.0005246122068465765,0.02238814598483639
5260,0.0002874126757968493,-0.03000619132972642,0.00015457442186873207,-0.006447896254435099,0.0020598841029515363,-0.07278631865395464
4939,0.0007850714167646895,-0.09716113834217598,0.003352569757826995,0.02887785110387622,0.002306742651548139,-0.045515510969249606
4842,-0.0016145445504448389,-0.12959664968291082,-0.001337886391844705,-0.05590574692758905,-0.0030692260049315937,0.09636986691635033
8168,0.005050109214107122,-0.10883669326699663,-0.004965491883040669,-0.06487978014078895,-0.0048661912629856295,0.13210359152198792
9075,0.001078170213039063,-0.061631227971147305,-0.0008886257546206548,-0.01999652917932661,-0.0004776152565051156,-0.03477916213878412
4837,-0.006241506921061996,-0.03173355298711337,-0.0011297684869365423,0.04011919527594542,-0.001828955410432245,0.05961075911774366
2715,0.008945836445304122,0.07995194976702792,-0.0033235615038693465,-0.01294747707802013,-0.00504679351367741,-0.11074801802279884
5884,0.006675674083868397,0.383657740002234,0.016665619089950203,0.17872824309582228,-0.026285119551751855,0.08499589939581523
5857,0.000902592018510053,-0.17590632871513992,0.002763143476593521,0.08445607500056256,0.0014658777000778368,0.03640123472110947
8801,-0.0014486533869759832,-0.036684367795841284,-0.005752408448255739,0.08468018911583977,-0.0008879888017918048,-0.10117055499871312
8106,-0.0007730565419747771,-0.06599982959557114,0.0015993662848133715,0.014899530043513924,-0.003596519212970123,-0.05615653049228842
961,0.00035903847570970394,-0.05733641451115389,0.000769751720498717,-0.028815265395122577,-0.0006773827719822338,-0.03239810796037889
2812,0.005534120489071546,0.15985299970551467,0.013540134372333975,0.15393596461626435,0.00221258778050127,-0.1038830983163928
4751,0.0014581382943676285,-0.03713863429067276,0.0005035314923421173,-0.08920323622990639,-0.0021567470425897886,0.03313298411808388
4168,-0.0012506146379678805,-0.01714481394808068,0.0006912481648222256,-0.005880711502268309,-0.00024714977480372183,-0.07986850103000816
4236,-0.0019674713454785977,-0.045857712681455595,0.0014267058930796618,-0.03227552148139019,-1.8744641374116667e-05,-0.03737502288543202
8396,0.0003380666944158341,-0.08484051380329097,0.000898176342833144,-0.048193782178730694,0.0003069210776928119,0.022807964970117386
1802,-0.0001779078422898538,0.09636750936642273,-0.0009756938254220545,-0.07905956896146174,-0.0014765710956544398,-0.07639836474370615
5433,0.003538990645551225,-0.14538585793978706,0.00044155448316621676,0.06664074458130656,0.007801439574219465,0.04049064650252179
9722,-0.027125374342339886,0.3154435722559823,-0.007949480022173466,-0.08095378573326568,-0.02365542614079296,0.07264819381032568
7100,-0.0043366948383248725,0.14882255922715135,0.00579485226671912,0.1194812712584376,-0.003105409129515279,-0.1095170183204992
5997,0.002211276287897824,-0.15285056959959428,-0.0017295143204948422,0.028919983916654488,0.0034786345398687586,0.03391917267182746
6796,0.014690884464904607,0.30032804118817014,0.002876504586036945,0.12204787598778076,0.002084293639367133,0.12875565599535935
396,-0.0034506092039422575,-0.2090773998272816,0.0005919434572382737,0.04756325344138677,-0.00278218438503911,0.1425639432617444
6430,-0.00039820038120120724,-0.056880099498307045,-0.001412874210134266,-0.017858709245948973,0.0002759763564740348,-0.03893703940364569
9231,0.000998359538442554,-0.03632878739152106,0.002670319009001438,-0.02237057571976523,0.0004070561766483374,-0.053290278814659704
2210,0.014565658641396908,0.32810207658420487,0.010463475451100367,0.10733236792178236,0.006787110027737405,0.23025574074610353
6012,-0.0004927314538025316,-0.08752019310069623,0.000728727583775794,-0.04568096617779092,-0.0019508163351599835,0.023289859940106614
1142,0.0031046652669990587,-0.12223221794837058,-0.002916340295184311,0.11751602451758911,-0.00279917956456016,0.05338487477447805
1224,0.000711737132036859,-0.014238879420093876,-0.0008890998272262651,0.016860756137095704,-0.0020220252239155382,-0.09684404363160344
6867,-7.789640277448771e-05,-0.08308500151384487,0.0005796122925200313,0.04168130498654792,0.00047042422257783463,-0.057432810839481166
8658,-0.0009253226895482748,-0.05995486460314512,0.0015057800034006124,-0.018405804732158675,-0.002484778759606102,-0.03725205088934761
6197,0.0001578641692089947,-0.03143933942345662,0.0008593968873355691,-0.03497949463807983,0.00025097288604656947,-0.04755117814680931
5242,0.003231459551261101,-0.002969980982678987,0.005909766576038687,-0.07100894034284656,0.00042914241680832996,0.046830199032814206
2738,0.0034992760711543757,0.019893744647615313,-0.0006364275070277368,-0.055952647932165284,-9.119388898706948e-05,-0.06787042647296432
600,-0.004014410224995834,-0.09995453638779872,0.002133516506570724,-0.02367394495948793,-0.0034385331696236733,0.024453119730611487
1452,0.003356302881913227,0.011775898679976447,0.003170815478166193,0.10584056134161536,0.004271533098002187,0.09446706376516936
1835,0.0018312494445908267,-0.06982365225869254,0.0009084370356629475,0.0264902168905275,-0.0012565520548172547,-0.06168158635382071
2539,-0.0023659334709289887,-0.025056529544155343,-0.0005762007146216129,-0.04413498767680891,-0.0005757875138075347,-0.045068381444426264
9544,0.00032670648771031415,-0.04708017908749816,-0.0010501018845573513,-0.03055401580896459,-0.001203814879596735,-0.03741981029986446
2580,-0.0013570677451696356,-0.05649837336868007,-0.0008288142926169921,-0.02814314471804564,0.0020639365181873283,-0.0322453077749633
2080,-0.00694031948978442,0.11927318798083025,-0.005356534217004325,0.09366440793047476,-0.002082130133701245,-0.1283589988979512
1453,-0.0001462504307511778,-0.13310447279290527,0.011140942710417672,-0.0621021365654562,0.005142455663592277,0.10792297368391746
9018,0.0007439852169475981,-0.08946739145114632,-0.0003534087406300375,-0.046365776743320375,0.0023961609166472755,0.021670218282736808
9516,-0.001023435506983406,-0.021332140932163932,0.005242029497506047,0.04867075123539995,-0.0022051859466146496,-0.09460680615730349
1220,-0.0016921735840638172,0.22513585772697017,0.016608356930576273,-0.018941693027138252,-0.003950892425631027,0.2737071881149564
7911,0.013645842099956102,0.26238111515320306,-0.008686056362437454,-0.13372517106074816,0.00658774768382368,-0.09833839660655655
2168,0.000614718081271391,-0.060590368477596995,0.003495581478967189,-0.02104900566652483,0.0007251196613805905,-0.03846709553570844
2177,0.007734068232429825,0.0770137158972512,0.0012955420313799087,-0.051791002674278094,0.0009965820538505384,-0.09749290004464478
4609,-0.0027564292318867823,-0.0719478687412135,-0.002696491435359903,0.0012681716174566594,-0.0030296372234004496,0.038440832850234356
6122,1.1264355069362913e-05,-0.09232368095351332,0.0010183539136779502,-0.04409217067329236,0.0015966716073982808,0.024436098685442286
4107,-0.004786360360866074,-0.08344800833715325,0.0018487270803173694,-0.043230108325951457,-0.0034046137760815384,0.022813466603148293
1508,0.0028666403768863734,-0.09844425000333895,0.0024632318083793172,0.04788327502733242,-0.0018970022591305517,-0.04767387146118888
8130,0.0009514857256280462,-0.08910534750279442,-0.003956117794771184,0.156689965695863,-0.008385601344823903,0.23901117461954552
6922,-0.014674116441276626,0.2795255942152989,0.004708470878468669,0.03463154752948613,0.0031443830173777075,-0.10834013444321566
2279,-0.005907255874736684,0.09243392566392138,0.015369329423023955,-0.09361577564733944,0.012618533937965156,0.2711916161809237
4163,0.0010940340241861262,-0.007531911048937768,-0.0015322510292226663,0.021428329332256184,-0.0012257724685238829,-0.10094598086368248
131,-0.0002033419229544708,-0.16661806957501762,-0.003949216114784865,0.05867394840049429,0.001356901876479942,0.03453257369273075
2531,-0.0034780236183813034,-0.031443055997686035,-0.00833784806812307,-0.056847302606347114,0.005609822462713123,0.19569261319002082
6386,0.00137437998443542,-0.05254804284608985,-0.0002832373507000856,-0.032215395140244185,-0.0005050913699672108,-0.03347131190408386
6223,-0.012665782360136928,0.18102421841395763,0.0023854429890981205,0.13198223590580335,0.0036721858811922777,0.2634672607814445
7162,-0.005198929253728022,0.16215890963863966,-0.011513121910939662,0.13276862680253412,-0.0019681533447494575,-0.10868895327641942
5435,0.000404984189575579,-0.08708028721066041,0.0006025070845297879,0.01639383036638622,-0.0006347674150181971,-0.04240656195972579
2887,0.008311813869849348,0.07816219355080176,0.008324205215223928,0.18849279782481845,-0.006405676189304246,0.1297146561627601
4806,0.00032809617295813983,-0.1387544277695708,0.006842522599375996,0.04653006878185972,-0.0016308683114417098,0.03050066031100282
452,0.0019228032769744551,-0.1048343222274085,-0.0029519755183224933,0.043785023268339544,0.0028757613902052714,-0.04433274415740267
2564,-0.0024804197018877872,-0.07879325776111056,0.0015243416730570513,0.046126340010199086,-0.002796436582511949,-0.05751251329201887
5730,0.012202689097242422,-0.10129136699231392,-0.0011602461706147608,-0.03521643551350368,0.0005391504897495399,0.028614259646779425
2212,0.00112427712266095,-0.09275496866736613,-0.0012486239713238659,-0.04027605969129299,-0.0005802956027193226,0.025333685822938525
9103,0.0007035138797276205,-0.048774064708917736,0.0024287464929908537,-0.03168009944925085,-0.0015877743743249399,-0.036620868305308925
8158,0.0015386949845736613,-0.10826924475040439,-0.002672363614307952,-0.020943504250838456,-0.0012766368437104492,0.028469667644731328
186,-0.00010700047729255467,0.004643998757261346,0.00032203407201744497,-0.04011527305146585,0.0006182952773951817,-0.07345078255798564
2933,-0.010178557098006111,0.1717101510375649,-0.0003611679506044024,0.03913344652174922,-0.004450177194864851,-0.1337877470318296
319,-0.002180812204878081,-0.1412241412890181,-0.00909933854198317,0.0518486498638033,-0.003009529401554547,0.02320596425305225
4327,0.0010763316087713504,-0.025321527916713178,-0.0014414612825970061,-0.09695853980021651,-0.0008506843677424046,0.03433096254776534
8331,-0.0005140753749310015,0.0006732552409796519,-0.002308480927755168,0.10178450444226649,0.0005114602623010419,-0.11022625826690266
5600,-0.00048343051551858954,-0.00862375315859521,-0.001699881977034023,-0.10024085830461167,-0.0013388550391861126,0.0353688570102465
2904,0.001620165941243991,-0.09522720610434404,0.00026896171030449476,-0.040085457719899215,0.001298905428609566,0.026372060682760566
3495,0.002455844644970137,-0.0819719491431548,-0.00015574468991330244,0.0150691017628444,-0.0030567566775402096,-0.04648424298615821
3126,-0.004813776936081508,0.03786832340436879,-0.005873116313657776,0.11478979167027868,0.0010881072750503677,-0.11817457760996498
422,0.00015918804652627797,-0.025677361991882426,-0.00044931146228971723,-0.03188081492900017,-0.0008805792150677907,-0.054600212241413704
5001,-0.00012813917450029373,-0.08198844784259221,-0.0016800856581169984,-0.047764233992241154,-0.0004407261860413587,0.021785115607460343
6184,-0.0005947703410387295,0.14363358291462355,0.012256376793720845,0.15983526188671135,0.002073511500408113,-0.11163980964339291
7646,-0.0006960807594743248,-0.014174749809020785,-0.002292978267700729,-0.03502374998942345,-0.000943761694446739,-0.060847939888439416
3275,-0.0020822740932348307,-0.08651973302644927,-0.0013093986313605704,-0.03322867943041463,0.0002816257485305655,0.019637665841061844
6864,-0.010902228113184883,0.1615996746159606,-0.002052996355696547,-0.019782834371888776,-0.0033922192645327058,-0.11197378587006274
6806,-0.002253421011414789,-0.027218219296874305,-0.0011487754790730329,-0.03828176872044729,-0.0014047557026255102,-0.04452229806444147
6818,-0.00021123694885355663,-0.07990777429400506,0.012740614898722729,0.08109418815609667,-0.00793232136248863,0.2425023490559048
4541,0.003282757765462373,0.002085286805015958,-0.011777738288055834,0.13763198531687668,-0.0042856645519548245,0.08532568412788645
7931,-0.007963596832857387,0.33378682928819603,0.013668289592836272,-0.00015528476368920842,-0.021973266818239995,-0.0728646863561883
9815,-0.0015602317047142677,0.14460256621848316,-0.008545739066945567,-0.07226094379322688,-0.0028325781916395793,-0.09619172746062664
9396,0.0005374034602703886,-0.014968380238715846,0.000682875269868142,-0.04686705113413532,-0.0006526021630404146,-0.05283575934082566
3903,0.0041130858598857,0.12191451844699493,-0.002741290096824155,-0.07807424263403924,-0.0021469297220122014,-0.08146677064310845
9593,0.00021035509267894082,-0.04246838461819265,0.0017993477856630647,-0.08398248326061682,0.00075601245635755,0.03392737333619763
2493,0.0011179935633540306,0.06425347597058641,-0.0003486927846239678,0.09510998529641358,-0.004989212190377896,0.10973550568241591
6945,0.0013407578134118864,0.09128915109467851,0.0015990222223477377,-0.045101541419602084,-0.00340408097677051,0.2729453741902217
5587,0.00046831454175782193,-0.02604743615867007,-0.0011619315660451317,-0.02742458419523429,-0.004354580621040008,-0.05627244358943128
6001,-0.0032945557114893447,0.2811860194691652,-0.0018439756672900482,-0.11347446870803012,-0.023793940743967915,0.10020080469007933
9113,0.0016563297288526787,-0.02138018708326233,-0.004179785128169335,0.09076990394726972,-0.003558593949667617,-0.10790657309565474
617,0.01660583285665952,0.37029137388281835,-0.00983274560427378,8.637188469720166e-05,-0.004108854542487804,0.11142348948806732
1203,0.0006607515909920278,-0.18445067469153262,-0.000704014713865382,0.07858628073669566,0.006872511405442162,0.0404705306558542
7174,-0.0017637912253510683,-0.05810890168996902,0.0012694665441396846,-0.018760679889413948,-0.0010552256308746391,-0.03880347473705632
3059,-0.0020991938644974524,-0.1036611116875747,-0.0014488798520331482,-0.024478388391086993,0.004000239631503151,0.02595481436677059
7869,0.0056610205455772285,-0.054288146065967,0.0007579581920089732,0.04447493348412249,-0.003127048247043629,0.05555477782351118
1365,-0.0006205526173685418,-0.004130658505849483,-0.00035564698181073367,-0.03469825269475319,-5.610746141407676e-05,-0.07048479155149141
6994,-0.0024690581233692923,-0.00712593314986332,0.0015734734892971216,-0.027524650862081536,0.0013703435605052184,-0.07742587510226209
3475,-0.002181653293741077,-0.12800471815348424,-0.003688636162460421,-0.056080261408706054,0.0005364564764619677,0.09960010686488152
2440,0.0011830644252832725,-0.09704472521502464,-0.0005674518617881139,-0.030723089738068754,-0.002995942329841482,0.02287998189824092
1080,-0.004012800579575672,0.08266748259289754,-0.0002885591635091048,-0.06138329168508737,-0.003803752464917038,-0.09845001311528338
5425,-0.0015205474399080196,-0.1010611940915931,-0.001367595802611003,-0.028597119151410055,0.0028962584325715824,0.02353194689037607
1482,0.00943867611771722,0.008231151668985418,-0.0017275513906724784,-0.04984464349742818,-0.000524688380742987,-0.06646196710753564
674,-0.0010802076920777694,-0.0871044155813296,-0.0004215363685621085,-0.04501264090728041,-0.0010925787615903822,0.022361990696998266
8765,-0.0008502619466482656,-0.059110274626741524,0.0024123398571205264,-0.0280359490554224,-0.00020660160262857377,-0.032123024892888055
314,-0.00033153137111376134,-0.05974020847215884,-0.0013588612776869304,-0.01672149682971506,-0.0007765747097185884,-0.03852613161397623
5929,-1.1161190967097027e-05,-0.07734888301789598,-0.0008546409738135303,0.003400322269087995,-0.0005408891747195994,-0.037641880023831564
7961,0.0008386884122927091,-0.16397899098716187,0.0013039057558521363,0.06925671732069832,0.0032753099620412597,0.03687936836583271
1037,0.0011919164479596066,-0.05386925832068706,-0.0010029923116381065,-0.03040631231635064,-0.0005977412720152968,-0.032894782256659004
6797,-0.0004396609744806403,-0.024676085795371394,-0.00446292618814799,-0.07832743920236276,-0.0004510407695630556,0.027303077673124825
9425,-0.0014545079187309074,-0.12933783977143729,0.0051270716869988775,0.023497531843482234,-0.0012968005758811785,0.02438718933462587
7910,0.012054068098430676,0.260259705985573,-0.006034352225059493,-0.1416905889612383,0.005648176542043821,-0.07901243977188818
5305,0.0030966314370129977,-0.10386196767661877,-0.0015901315667126005,-0.01815542812811048,-0.0006370544666875513,0.02430633054926233
8311,-0.003489825184426626,0.12906511984312702,-0.01332070205374901,0.11260476602881463,-0.002919119283777646,-0.12264450011120649
8162,-0.013296847372944438,0.3985363993947633,0.01648768533803376,0.09964013504019122,-0.00632350464161708,0.06872102989923878
9300,-0.0002860141848082203,-0.049237299175956005,0.0018949279081312482,-0.03361732265252117,-0.0007908060833163814,-0.036517803859089544
2325,0.001040219072281969,-0.09340897892304809,-0.00012994286537879995,-0.04005151900345935,4.5532330009286916e-05,0.026071486946764744
6343,-0.0020437358871380627,-0.11230912496265757,-0.002113691715322185,0.06293079736036077,-0.00159920341782932,-0.04388855260691268
8942,0.013331761511356982,0.2897008621099585,0.004412526711663376,0.07593524529700203,0.0064905328057357475,-0.09489629801570137
1630,0.006938866839853985,0.00020910839354069068,-0.002162051914689862,-0.0856364515990258,-0.0028661366802739344,0.20760008345029884
9160,0.0012080546891474547,0.36794081480559504,-0.014140161665867072,0.14096189113162458,-0.055829834265892754,-0.07407845536972146
777,-0.0001696242818016023,-0.06568821006677728,0.0007454228932508595,-0.013467753576979241,-0.0001929721995369429,-0.03719632043464093
1115,0.0006359495621589023,-0.050946275743878756,-0.0016760562375503208,-0.03198142975364159,0.00021171159803491616,-0.03468970701320035
4766,-0.01812924530214952,0.2719465293192012,0.0017833654185213713,0.09670186775703278,0.0035713881148617056,-0.10529767595204145
2697,-0.0007997950792577047,-0.10782143068968565,-0.0013244392346408035,0.059642910825820204,0.0010111316970239995,-0.04950611796843353
3901,-0.004580006930522261,0.16318261934217798,0.006360887993041345,-0.05928406746369043,0.0007251532151211329,0.09795104976906158
2228,-0.00567845927223316,0.03150921456253569,0.0012730894668449124,-0.12342164561354507,0.01550917862016356,0.2114528228134177
1939,0.006784333039779804,-0.02202493610842682,0.004869597106112057,0.16473873508262366,-0.006570515005529342,0.09753930915840565
1632,-0.01328507880345703,-0.17443906519358762,0.008554194519578538,0.009816713326233555,-0.005701918145200018,0.12595875263615114
6288,0.011492720547066302,0.4031880070126022,0.02192650743333963,0.14613688502371341,-0.04134334121839276,-0.06389534203906112
32,0.009033198597428875,-0.0926225229486131,0.0059723486473041735,-0.02896958619823913,0.0041249201242540235,0.025334429089408732
3552,0.0017108098301792168,-0.05200925652195717,0.0014466249346575105,-0.06330215889298499,-0.0022067726685107633,0.02844191596526207
9825,-0.00017368211763703028,-0.013651458917418372,-0.00176372584655167,-0.10014921653329027,0.0020195207046742308,0.03638509234576949
3446,-0.0012372064890596114,0.03907201550222594,-0.004260546280008726,-0.05977402640990451,0.0002694539912155174,-0.07404986481661077
2929,0.0009538448411379608,-0.05725035005767453,0.0020390389517131033,-0.028479222968683573,0.0008188974710739599,-0.03465222122312697
3878,0.0006016444889874916,-0.09263480015048384,-0.004731964254377251,-0.02644290021805214,-0.003851216871039951,0.021901598402659175
4590,-0.0013165114688023483,-0.013717633307396313,-0.0020941491010382143,-0.04306497735412878,0.0011740352497852816,-0.05579784713023149
2062,-0.0001960683313627351,-0.025269411807902268,0.0018989616595347057,0.04420874230055204,-0.0002775335584921005,-0.09749709225085884
6892,-0.0009084676416374926,-0.15566942260648517,-0.0012355989256025125,0.06849958524043004,-0.002920454128644904,0.02813260118074222
4339,-0.00021307408169141158,-0.055933333215470955,0.0015243170800916595,-0.024370540580198316,0.000971927810444631,-0.037895113732943284
4141,0.00040715935667493767,-0.013345635706590945,0.001393560812987576,-0.04712823913373248,0.0003849584107812126,-0.05570890238858516
9715,-0.003533342470949174,0.09280219294170802,-0.001101531854227512,-0.140583859272703,0.002520674709098557,0.21830486803217233
6908,0.0018071070198685804,-0.09834729581283252,0.006780907074247567,0.04598357186017895,0.0033142649701497803,-0.05176096379816632
6319,-0.0037301007852198354,-0.011001920056497961,0.0018799161700658938,0.16411248989981184,-0.008148355986320535,0.08822528965391373
896,-0.005123222041336374,0.02588267943341103,-0.003638145863616668,0.12593678964850763,-0.0005776317135762526,0.08975841391636191
2445,0.0038078584111280317,0.11629926757002378,-0.002661440585318229,0.03775525179115014,0.005940847547647279,-0.1224911941582014
5371,-5.517685032058864e-05,0.021264746553380818,-0.00891514116259498,-0.15070376508860667,0.011664607936164133,0.18713359515122807
3949,0.0018566320984793208,0.06504077304583164,0.0010185776324892566,-0.077121033483035,0.00013210255377186177,-0.07660452663744487
9283,-0.002733772707807672,-0.005627469911724653,0.00045185507111477046,-0.048166211172227545,-0.0012445688933898327,-0.056994968740822854
359,-0.0006276416254521774,-0.15619418209185001,0.0007543992909512594,0.04623227958924512,-0.004142646548665657,0.03568638144470364
3999,4.805098448734091e-05,-0.0895267097781252,0.001284964428570604,0.019802856862688876,0.0020810455908211816,-0.0453548641213436
8992,-0.013346808491025902,0.3022599830822026,-0.018186765655842055,0.00790392211628358,-0.002054801552597703,-0.10344630710115567
8021,0.006595722159485383,0.06802124761184392,0.00836730149742295,0.08105054178614438,0.0046697746785154025,0.11312907251535338
8203,0.0058101425045087906,0.13608869398020845,0.011671953978180064,0.09416820260835196,-0.00010687061268855153,0.3309203778107207
6192,0.010735290072801364,0.3728195300964053,0.0010749571250657551,0.05301306015296828,0.025719427719644233,-0.09586046349515467
366,-0.0010561632983457573,-0.05227510397741034,-0.0007428066242499292,-0.03363167573540811,0.0021774678755419993,-0.033160523853142526
1101,0.005193510761845255,-0.04489473649754039,0.005963535003264222,0.058444180947236794,-0.004425658044231749,0.0597958569169822
3267,-0.008506145100063584,0.4083932077179709,0.012367465424875497,0.09936681750369801,0.01870484652998467,0.0819639563860843
3165,0.001263767357626867,-0.059957424052458186,0.008328501513592882,-0.034562256205361984,0.0023304591001592095,-0.03082468478751501
6262,0.0009505183172822108,-0.033308798823110886,0.0018464927803993037,-0.03645776296646459,-0.0012773487544305378,-0.046745496982307844
8426,0.003656290491089256,0.07053436519506218,0.011025358322251879,-0.07187712403363491,0.0017200498133318476,-0.07795466723931102
4293,0.0009814394936381652,-0.05517109044793577,-0.0016609514145057346,-0.03190524535931472,0.00020298883768854692,-0.030788378555906982
2963,0.0004808307562055487,-0.06405421023038635,-0.000490689763120868,-0.010884592146678322,-0.0003474331621669094,-0.03812389487509348
4878,-0.011366397976244556,-0.09377989844549851,0.0010132144502490953,0.015626541054090743,0.0019301116264613294,0.03560981017884345
3765,0.0007263745584599661,-0.09041473981003881,-0.0014975744995878633,0.020494562708443406,0.0009958633250059874,-0.04337757579090289
808,-0.0008839222538037819,0.06324990061634932,-0.0017961746021131592,-0.05958648131729303,-0.0007455367297032688,-0.09381601271331044
1171,0.011079520002459499,0.4093784023354714,0.009072546732529744,0.13302493023389558,-0.004286177496771423,-0.07491085261180391
1748,0.005142052443272682,-0.10225046405221415,-0.0019308998413534904,-0.024681161313658193,0.0025306447933857393,0.02765643574062917
1912,0.0008844680111011992,-0.0861334491840196,-0.0001374893714464216,-0.04298288638491057,1.1415401451629155e-05,0.023122580361600212
9585,-0.006474741430298296,0.26036261418930984,-0.004124607448857838,-0.09231222363429112,-0.009573264928901794,-0.1054672470737994
610,0.007077643397339752,-0.13736142241009386,0.0016776591186851548,0.022490812109206185,0.0011173641511688212,0.03170141350289549
6600,0.000840734550880676,-0.12463404925387955,-0.002823475060429407,-0.00038541252060178473,0.0006094133205399221,0.026701445095350686
1083,-0.006595031108569702,0.17353087623842306,0.0018032967583419,-0.11892075202460423,-0.003652451997546725,-0.0965654295531969
3387,-0.0077491829543580165,-0.10447382518074963,-0.0010639630393282848,0.13058105124542643,-0.001322068778178406,0.06253926281293644
8785,0.001853030803190631,-0.15422986532758026,-0.00044084566338835584,0.07021898483794795,0.001773945646943418,0.03055214676091587
9637,-0.00035739959463422754,-0.1674495341411179,-0.0026455857721701956,0.05395981745714969,0.0019184059692861069,0.035123374065349655
2598,-0.0021788036942470045,-0.10813930628723825,0.002191815103976373,-0.020283393784777493,-0.0014999928981365514,0.026777583934893233
4742,0.0006441312174510527,0.06184513657783452,0.00044335373244086686,0.023062477331707697,-9.486874334806244e-05,-0.1193237796665934
9395,0.019970818688234578,0.28169503564399495,0.014748553559174628,0.18345327701804684,0.01217309933011284,-0.09996099962778418
8401,0.005085300596708587,0.0016485894009763752,0.004539467654438076,0.10805080135502,-0.014621732542922676,0.2786125957115358
4607,0.0007901803700400425,0.004947712343133381,-0.00026471613193530477,0.003242239737201723,-0.0009935762577033321,-0.09744480962377211
3,-0.00039176825328319484,0.17559806208790038,0.0018884910369434593,-0.13438029083802477,0.007017989956256117,0.21607098238158295
3615,0.0006991792953889234,-0.060856977511783227,-0.0014468353726074935,0.01755191086012538,0.0013847402184572935,-0.0638637434858485
8601,-0.002795906971137128,0.18117172286294617,0.003017640855404711,-0.11249714732242685,-0.002432362508432072,-0.09886726030324242
1774,-0.00014292051118817932,-0.08829956451841975,-9.450518068391324e-05,-0.0450208101587438,-0.001162912017610679,0.02255339263084005
1658,-0.0012560206115045085,-0.012563323384316788,0.001646403856708444,0.017828154453915106,-0.001658049878856035,-0.1003532852196421
2973,0.000815268115815051,-0.02185693066700965,-0.001352529473586007,-0.034598240989254216,0.0013428347664570445,-0.057681022570351015
2395,-0.0010104147376612037,0.07608406875592974,-0.0033090884342582825,-0.009576325716014368,0.0003483529228087576,-0.09834205627556275
8591,0.00031721935296658146,-0.05811690224797891,0.0008904300546733804,-0.028545380195905926,-0.0003938941053230448,-0.03166782243922114
2029,-0.002782932206434537,0.0153089141849164,-0.01853702600119176,0.1570596177924485,-0.004365332551855633,0.09926213915626074
9200,0.0029707813395909413,-0.09907048470329767,-0.000337254664530218,-0.033614456158835786,-0.00014324633681536868,0.025231211505457624
4912,-0.002865393220590226,0.13859917326425814,-1.7028406008015528e-05,-0.05607934825051034,-0.00385277518966604,-0.12253876591790155
1626,-0.0011596164150458844,-0.058308529602195625,-0.0020043259863668675,-0.019559480100294718,-0.0028335305290770048,-0.03393249118598546
2970,0.0009755711263577298,-0.044415500867221215,-0.000748233281587046,-0.07965563898858022,0.0037037986547982966,0.03008147452504519
3955,0.00260906504976689,0.04514342317471346,-0.004320981503826117,-0.10177288922259131,-0.003498217022970602,0.051103969201009736
5485,0.004943194522784549,0.014514495094647153,-0.007903339330759708,0.11977019757208339,0.0029131198239247267,0.08649063271265353
5093,0.0011824119616827412,-0.054300242528588276,0.0006083336450689263,-0.029780926431716495,-0.002044466305412227,-0.03337897379043918
2324,0.0006941965679069339,-0.054196109431022786,-0.0013008213813252352,-0.031604835408209846,5.5271427126510694e-05,-0.03209336368974304
9366,0.00120239044758032,-0.05702011959091388,-0.001598949409073976,-0.02903703912006381,0.0009022944712880424,-0.032859132639210094
3500,0.0013958005145764628,-0.1479314269432376,-0.00346770548587273,0.0993142717954819,0.001941987182908132,0.04122534492208197
7524,0.0004070820780509181,-0.046228892794413605,-0.0013393502173509714,-0.03488809602929033,0.001316587502041556,-0.03637670063809382
304,0.0017582172669006592,-0.09379028975004634,-0.0005691226380491589,-0.043729995391531676,0.0006465832206037627,0.02516719405005809
3802,-0.0012254137940115658,-0.059094507988986925,0.002591608522515929,-0.023986636901054747,0.002158231566539799,-0.03701895223648591
1511,0.0011687082128212928,-0.06632542029487419,0.0015147967034169062,-0.016931640481557465,-0.0005271018760915629,-0.03579470345760201
3091,-0.002652356205709725,0.015307926742963156,0.014451894807960676,-0.050898602110742326,-0.00179705021414323,-0.06290370253768103
1936,-0.00022443890570984364,-0.056180238492517603,-0.0006360470968144702,-0.0312896041848191,0.0015135386059656614,-0.0321031474846413
6382,0.00045563744249988347,-0.08707289634068545,0.00029219254404312694,0.016921115060978695,-0.0005140481991676159,-0.04155409276648474
2741,-0.0005258024270617181,-0.06431858639917985,-4.789425029142281e-05,-0.05238741330210355,0.004416233046646668,0.022930364258816723
6826,0.000173768064353002,-0.12946349157903997,-0.0018553729512942947,0.02405322964168288,-0.000697988794200021,0.026611938604323496
7917,-0.0004261977707246449,-0.09448050155981738,-0.00043465863988503,0.06836951427507884,0.0018402400304021564,-0.06765752335972745
586,-0.00048720435505239073,-0.055792236408639145,-0.0005380015864803966,-0.03014066255763665,0.0023516247888673517,-0.03246082413388412
5820,-0.0006042987270465968,0.06635378846585008,0.0006018355318612429,-0.06699886557506159,-0.0007765536376361507,-0.07669648679661074
5275,0.0015075891044466496,0.0674328986407056,-0.000906123403696169,-0.0611614472146014,-0.001292179735817491,-0.08493478188902762
8342,-0.001225321139816949,-0.04958475770094894,-0.0012245615563741623,-0.033686102040322595,0.0003338473545365962,-0.03321971204098863
2857,-0.0026689606461619063,-0.13903804739529177,-0.003864423371239128,-0.05306188479953343,0.00498995766657791,0.10053981741080938
6946,5.173838054698387e-05,-0.1009424859120952,-0.0028752185133741445,0.043963647455316966,0.0001967994253843968,-0.04421972389749586
8492,-0.0035540142087825393,0.27296358211305555,0.0024912860799721943,0.1190916722487053,-0.006937343856100461,0.15850358471298287
75,-0.003039912547386898,-0.033141069760837014,0.002012893487776035,0.09002517324371478,-0.0050092865604636294,-0.09875567578725014
432,0.000674774721490279,-0.009587909261604978,0.0036482152172935324,0.02625787335863123,-0.0026403826112414417,-0.09944962993257866
1200,0.0006330782441494647,-0.013900084175807488,-0.0008375309201283114,-0.01836295055417688,-0.001128803581921113,-0.07411097872935486
817,0.0016917920212332514,-0.0572621923766104,-0.0004306517920517871,-0.02889958013595755,0.0002522546932621016,-0.03139806125541143
7627,0.00018670866692551682,-0.027528974914025752,-0.001309147354950316,-0.02512326250972754,0.00017291230972287837,-0.057157636266884394
4940,-0.0015681095980691665,-0.047682551710484855,0.0012939342056206245,-0.03263529974594887,-0.0004352671769715945,-0.03717360551633891
9039,-0.0016817149626143673,0.06440408429412856,-0.0003812135569176542,-0.05903560373569873,0.0035417139531904456,-0.09199352257931775
1797,0.0006224012509953291,-0.08895100568250186,-0.000742706300709353,-0.04322495125723596,0.00024196532233553914,0.023250965664019282
6596,-0.0006115238336734584,0.0006606028099407416,0.0004104332375413716,0.0506608686973149,-0.0036326248582196495,-0.11014064290417012
8587,-0.00450587345093448,0.07709488850866,0.003707784610311035,-0.02228246803387837,-0.0004031968818494789,-0.11338340317989723
2173,0.0004694721613569925,0.02658193495782003,-0.004208248715708259,0.15746596638892812,0.011415169995968909,0.2990275239664299
7467,-0.001477442484981463,-0.05177868465209797,-0.0073612278770708965,0.07462793278094289,-0.002602604035862571,-0.09379335055074041
1815,4.1088179953378047e-07,-0.037974514619504615,-0.0016947287340168364,-0.03516879386916676,-0.0008561200076985455,-0.04203009132581552
3549,0.0009530437301974312,0.11851410930030065,-0.0009933333201099207,0.05156565204669001,0.007112324351888282,-0.13122447324587874
690,0.0008613906133500924,-0.0873216441470904,-0.0006961297435178808,0.029999626220232535,0.0012935229800463664,-0.054176107353949114
3748,0.003305381136984336,0.11372660757628142,0.004040043246170204,0.03801742368012407,0.00033305103145928554,-0.11973308901893483
9663,0.00911503717738306,0.249410047202813,0.00596282741995349,0.11054946236137601,0.0023441348686525578,0.1477970390235275
7130,-0.0027076353131582527,-0.03543677506942757,-0.0009479883960988905,-0.07764656402665096,-0.0008274476408592662,0.027254552443130294
2663,7.506430999079871e-05,0.06267004356798295,-0.00023069825236487741,-0.005310347964843894,0.004257270311048858,-0.09251839990705386
8719,0.0007849831493380006,-0.07288050411905882,-0.0008285149024908568,0.009995616929260804,-0.0003768754547911743,-0.05097553679664655
4566,0.001056352389776084,-0.045524083630493276,-0.0016905699876209285,-0.033885909783240055,0.0023868796659225096,-0.03978814805744092
4253,0.0035795317209418765,-0.03266235808480902,-0.0006722780249305811,-0.08866489741052928,-0.002401031296930574,0.036437967794417915
7558,0.00020595456112186889,-0.050323681979420366,-0.0015390180174741377,-0.03227947407247249,0.0008483257214888948,-0.03532565174396059
2785,-0.00031764454634437394,-0.05169381850678145,-0.0011641844846608876,-0.030471379674617244,0.00020046809822129924,-0.03500178793802155
8958,-0.002515232316653234,-0.0056421740661739715,-0.0014796319286519439,-0.03679702436295184,-0.00044278781893190345,-0.06447800076956456
9594,0.017548026669650604,0.39945423083214343,0.007126697834479257,-0.013237490920284947,-0.013944384614217629,0.12580634817284447
3197,-0.002886563982982122,0.06453625742581076,-0.0009112956995106087,-0.05782480071861558,0.002695338551098115,-0.09165882614751063
8224,-0.002488114853680038,-0.0027292005717096187,-0.0001180333120159668,-0.03197619165916746,-0.0008046114662410228,-0.06634976290658756
9631,-0.024701920039472608,0.34427104905524253,0.011883023285083755,0.09790766625837095,-0.014169459911662755,0.16671727444693174
3457,0.0009891662370634146,-0.05581486152508691,-7.188307433476522e-05,-0.03178566744198696,0.0002956659997815091,-0.03144082022884792
5489,0.003485113179742152,-0.0460914109367749,-0.0024503123248651036,0.054611479274406925,0.007089573560389956,0.05645543870248768
4276,0.0037888097897843553,-0.18613457698849722,-0.0016271954595484144,0.07839399817956638,0.007827682396076792,0.03795169744552309
3346,-0.0005319043815831975,-0.055702504088365995,-0.001145124614708437,-0.02886972600984595,0.0013076789512027813,-0.03262386668854939
6509,0.0017160879344881698,-0.05757302659826321,0.0007973764445646952,-0.030126116402461576,0.00017313416114321357,-0.03345382445754826
5186,0.006225321043138081,-0.07585768315161628,-0.0030577763517332865,0.006084146844618058,-0.000845631822683947,-0.04296661377470325
1902,0.0009628482775491116,-0.15027835976375056,0.0021963919385618483,0.08941637990247517,-0.0040289054019723835,0.038034150644459884
7630,0.0008736998389783158,-0.08704386803549372,-0.0036657073530422892,-0.040478055045571656,9.050627814942168e-05,0.023507720517195133
6558,-0.005106675293033661,0.09737430842661202,0.004729503872555498,-0.06778611498118457,-0.0015268884144140108,-0.0967065107195665
5207,-0.0009481660672455887,-0.10336955961234566,0.0005200886828458832,0.05926649173783412,-0.0017376043839270458,-0.05139584740131055
4128,-0.028391146400394366,0.26655014147192424,-0.0006597769150646519,0.1512282365297243,-0.005197191232992667,-0.10538997945508595
1893,-2.988865514236181e-05,-0.02178812914953677,-0.001921060178030404,-0.04123298881129441,-0.00034698355491052257,-0.05092279436417227
9931,-9.990854407044182e-05,-0.03987407213538838,-0.00025626621636219834,-0.0749539105435717,-0.002282870256156004,0.030072631464855747
8399,-0.0006092802913988059,-0.09272764729137058,-7.714066999704746e-05,-0.03617557003674037,0.0014974021786700825,0.021676308671355414
6448,0.0012442618775806527,-0.08792755655393328,-0.0012740080046332507,0.01629859892418563,0.002678061440471846,-0.04350416498349178
1307,-0.0003578577095535677,-0.04967804547073484,-0.0054877867180099255,0.05250937251978324,-0.004012990368684169,-0.0797581566210871
6959,-0.002066385523133831,-0.05565617232822323,0.0007740807577954029,-0.03066756873791014,0.001037507055441916,-0.03200685951990854
2673,0.0017997052937328423,-0.053310822539936104,-0.0006324176311379372,0.07650873895840404,-0.00044910251241337166,-0.09839732457997223
3914,-0.0005300028261088932,-0.07303414071704363,-0.001419787468667407,0.05740122700188572,-0.0008625786766533239,-0.07864952636891592
8657,-0.001623723828655296,-0.1101036776654077,-0.0020682258939501434,0.06032854386221898,0.005124290844922342,-0.050227560298003626
3745,-7.564773377423727e-05,-0.059015163565106686,-6.446138415456129e-05,-0.023944088309095144,-0.0006875782074252646,-0.0335992560235924
1770,-0.0015888263776545678,-0.04691743493174521,-0.0008607717306177009,-0.03355298916929931,-0.0023720659144854704,-0.033597173607049786
8764,0.0004970254736300924,-0.05535813280633898,-0.0012441830452354437,-0.03004517282371126,-0.0005444071930837865,-0.03154161373917288
7413,-0.017885569952129865,0.19181714643908532,0.011136550842348563,-0.10559172257781367,0.006068199949093863,-0.08925145804234591
4083,-0.0017770226858758527,-0.05743397938830997,-0.001205861224058757,-0.02274018710546169,9.021538397558424e-05,-0.03428787952572312
3298,-0.0070010398602505085,0.024825267889204146,0.0021993687863166036,0.10882754414568864,-0.005904642533068351,0.09241802563938308
280,0.001029643512274839,-0.10529102355881832,-0.0014545994641395658,0.043658757334970294,-3.136640970708819e-05,-0.04125047330223744
9389,0.001178603588357546,-0.02449856835331416,-0.0020882707545639336,-0.04451222450400884,0.0013837644675285179,-0.04794995356605376
1012,-0.0016414974734859265,0.0186781332976605,-0.006126948251851627,-0.0837458616331469,-0.00276137418170337,0.04251559909285845
877,0.0003906941423178775,-0.12934474684399794,0.005049892592150743,0.025123644909681546,0.0019133308676385354,0.02631147066595512
9850,-0.0018994519268005496,-0.02843502010272042,2.312373735826629e-05,-0.04047412766743106,-0.0014592448585360799,-0.043874156922812366
3780,-0.010958917324441535,-0.12317246584819928,0.0016281377041319827,0.053986018272142805,-0.0026026573142466907,0.031394958909202283
2629,0.0008172335377721934,-0.1060051081613493,0.0010016301210425229,0.0416872181780005,-0.0007315881752684977,-0.04219609404356706
6361,-0.0032804900791411798,0.3815175546434269,0.00970249984766064,0.10432966151627812,0.0022977293923469202,0.16941785137580134
8741,0.0016229091245815272,0.32862082110066615,0.006872614979011817,-0.08365404267183181,-0.01837434762528816,0.21049776331037726
2662,-0.0018520567373983465,-0.09749696936129335,-0.0011702205569184769,0.040516339091141405,0.0014259507076720957,-0.04371300889020381
854,0.0007263392242153638,-0.050073154387172164,0.0019416082530457704,-0.03298374967608995,-0.00021943384303790392,-0.035997664815240436
4971,0.004831813406366659,0.05533158880276625,0.00030473620503394984,0.07473296810549719,-0.00026212973138344464,0.10946042036102482
8775,-0.0014648479931937183,-0.013941370006541661,0.002957758931566841,-0.025164259699657087,0.002441213199607015,-0.06999375432029341
5017,-0.003365806652913201,-0.13787563372020187,-0.0024697195348179417,0.1043274620588731,-0.005091730413640664,0.04318061456603015
1114,0.0019234682600777994,-0.10257435069984748,0.003483177229184426,0.0463490011932533,0.00412835661229618,-0.04537797988938235
1990,0.0032565646644220686,0.26325111596119555,-0.004479070027211724,0.12812892875414042,-0.0003346066655426787,0.14277281979714873
3956,-0.0011689295650730018,-0.06188038294717594,0.0011777765365861563,-0.018874011055033453,0.0016617096437063577,-0.03802255513255695
1929,-0.0003875194032954123,-0.09294904650953378,0.002467023377185572,0.056375596429703155,-0.0034585532581188796,-0.06080384113876104
4656,0.005130984413526125,0.07416022172017925,0.00914892653822975,0.1934279749524459,0.00603983083629454,0.1357019688487904
408,-0.0015989092533251427,-0.0039829256150297684,0.0036366406294019,0.09842630924606652,-0.001097249070842446,-0.10731094919885935
9984,0.00726436376770844,0.2892593472494027,-0.01661458543057169,-0.08528724081262964,0.005955538198278241,-0.08837910133832091
516,-0.008661974583503993,0.16387635815587057,0.009940342104616001,0.07430553953851894,-0.009534094715825682,-0.12030129884012618
2478,-0.0018346761103212584,-0.09308601195139764,0.0011495011752893252,0.0635828106720915,-0.0032139569095614006,-0.06006632242743425
5331,-0.008947347964147935,-0.09096499574587413,0.000971070084378062,-0.08418191150138656,0.0006832860052202188,0.12289859102945191
1441,-0.002209654916614714,0.013829133285437098,0.005549258278046744,0.050689784307155816,-0.002276573301070359,-0.11562418096936793
4852,-0.0033055107531378323,-0.0323571793488905,0.0006355288288267563,-0.040532345840428134,0.00020327646214711385,-0.040996338004176215
810,0.009650451873268354,0.057787150385104034,0.004070373489341953,-0.11449206608788022,0.00576206913317913,0.057534714124527146
4416,-0.00021722347522600008,-0.06754351680241798,-0.0015316291753075342,0.0002154330461199491,0.0006779137015376771,-0.04609363127735339
7998,0.0013979222401909353,-0.007637418584004512,-0.000990906420186132,-0.04797516260329816,-0.00038071831220990604,-0.057926571610154555
7921,-0.00043743284491637305,0.06294127411804874,-0.0003205592333306936,-0.0707007116135225,0.0013357824045732243,-0.08682241360748205
2094,0.006829920453207908,-0.05696730543661087,0.0018163953765629609,-0.02498793381521304,-0.0033486650556747164,-0.037459268886869235
4838,-0.015409121643312517,0.2900397814610734,-0.04961743852779235,0.0940846010208055,0.0064928181850242815,-0.09901376541712302
2136,0.008242697810002187,0.02340542315210198,-0.012250151166609305,0.1210934208663959,-0.006182984508047931,0.2887541896441638
2557,0.004383111515276217,0.031657478980140964,0.004548110081424442,0.19981469221478446,-0.009433783127033066,0.11712233068173215
2799,0.001758402664046035,-0.10272795718307819,0.0014242511482158418,0.04098588772598993,0.005589335006550765,-0.04436058883645462
1199,-0.0017441141011364282,-0.08743857262864069,-0.0006203426422039304,-0.041569706657566985,-0.0005553162323231902,0.021884679718035354
4753,-0.0003364290250717245,-0.013834637316596262,-5.8662383702096634e-06,-0.04500701307157165,-0.0014072467558112138,-0.05425948565979472
6358,0.0009757279419036393,-0.01825252480608992,-0.0022113338907122342,-0.03517417519563284,-0.0008356082650056039,-0.05792912436836742
4351,0.008772237991852987,0.2567597940463702,1.4466739000570573e-05,-0.12433110235177917,-0.00012163482457552193,-0.09128201287164758
7722,0.00043971834153673945,-0.05707573889042895,-7.28281054828968e-05,-0.030350209154762782,-0.00020011978653063694,-0.031641970649254766
84,-0.0045307389221432666,0.0016056859729318086,0.008648442168137946,0.059705344384128216,0.001200558160702917,0.07203413486302321
5208,-0.0008974135771822147,0.05973910108546802,-0.003939117928826858,-0.07863724499659834,-0.001037423891370775,-0.07272294437677539
881,0.004014775152398219,0.44239053347350116,0.0003815265910852289,0.033054517133088525,0.013577546519900136,0.10642658498698143
8269,-0.008112439367554068,0.16317919007413312,-0.005943790181786455,-0.08388320969424748,0.0012014891845925568,-0.09934789621500197
7465,0.0012189544134545611,-0.03052003638282716,-0.00194311983530531,-0.038095799294745505,0.00138480883272307,-0.04794281264694352
7584,-0.0006410198641121949,-0.04054631492645912,-0.0020942949408275097,-0.07868020058986512,0.0029387847201158253,0.025552049570246888
7908,-0.001679473396103828,-0.048677633087705834,0.0006280225680021268,-0.034536466161528695,0.0021089037415594086,-0.03546955473554409
1291,-0.00440665733404512,-0.057888789608987024,-0.0036379353324284833,0.016497746090107377,-0.000418833278405731,-0.05992812345475744
1910,0.004606305206893699,0.3573911378474099,0.01671797519539341,-0.08231277152058608,0.00610458182258629,0.13126286829054543
4880,-0.008244328857269652,-0.031936219279753174,0.007836558451063071,0.0016172904667715647,0.004500895400704538,0.39615400040356546
680,0.002675025384764613,-0.08715045150820275,-0.0013836603869685547,0.06879784636195277,-0.0010199007194451179,-0.06951156559977774
8184,0.001237976834797761,0.06957110713072599,0.0031757506505083947,-0.07494927913463051,-0.0007195379304929337,-0.08151111037992649
3873,-0.0008798532754140161,-0.028031527903605392,0.0021481836327465922,-0.04216064520015973,0.003911069156515881,-0.047883204218756706
6834,-0.0009534248435127935,-0.08557091860103155,-0.0022585843808773792,-0.038013370808950495,0.0003420751605053185,0.020634813223857667
7846,-0.005554319563420514,0.10989212613595194,-0.004412907555132516,0.06335309680370599,-0.0019318471576720922,-0.13056016635917922
9627,-0.00046265956364618054,-0.05562935494465325,0.0011278756223163054,-0.030876454032979794,0.000314477162803882,-0.031584596733423176
7200,-0.01378061032438197,0.25982102414294295,6.537977116157596e-05,-0.12448194528017188,0.008375088655387712,-0.09798108676036225
2829,0.0012404547777996962,-0.023942955175264232,-0.001982573792791398,-0.04222621043996904,-0.0008801607819908251,-0.047991488633394586
5412,0.003205428611400875,-0.1799863200431233,-0.004488917373403559,0.08090630660515952,0.006479892300647394,0.03852709108004056
9880,-0.0009721269925814444,-0.161867489741076,0.00044812033698783384,0.051657445452804866,-0.0030599856297455637,0.03466134530398858
9476,0.011639064007581811,-0.09412649871967624,-0.004196243920791739,-0.03208600036699141,-0.0013610563386887468,0.02625952821983794
2984,0.009361294471286807,0.3978637362029172,-0.024897101708902136,0.0825609875932959,0.012644538422201023,0.1050579304720542
5045,0.0005190368527228432,-0.07594466003492147,0.002299461777238622,-0.00020556393627376956,-0.0014553794268838325,-0.040280404161219585
7546,0.0005853137606136755,-0.006627243593568402,0.0009090842771397199,-0.04593760368630267,-0.00027104811142295666,-0.061076745312844065
7039,0.0007844587497634846,-0.02362966169923632,-0.0013995100618146693,-0.04304814459177558,-0.0020298411995963057,-0.046299233974525296
5833,0.0013718095434853397,-0.012308119741148553,-0.0018017587376465887,-0.04480444838608308,-0.0030844971861816776,-0.051015129441481524
8578,0.0009414161350570884,-0.07775906323820463,-0.0014610232212653683,0.015965801884996984,0.000603267272757213,-0.05124216193439622
9320,0.00036677135410123304,-0.03040108240749391,-0.0012617141469516426,-0.03687959639751156,-0.0015016662064483081,-0.04598301298344117
2897,0.0009063682738432655,-0.05624181835509911,-0.0006409497774171861,-0.03223884451861808,0.0017720131116411054,-0.03164383757475869
6295,0.00044605908111633875,0.005554569409451333,-0.003933231627018611,0.09091525125214708,0.0009711841777125095,-0.10845928531130249
6991,0.01410803797016267,0.4189585537537669,0.0007743140888180831,0.069014786333666,0.00011384551859560852,0.10420133687039516
781,-0.0140908599407803,0.3792662701654647,-0.050795221133311114,0.15502571297060766,0.0018161419512813064,-0.06685361901755021
7504,0.0009439759349789934,-0.02741759526379912,0.0009503399935223729,-0.03121205242065389,-0.002037019109329766,-0.05578941340698086
4066,0.0007549065878442973,-0.10167894031971665,-0.0035353518451199635,0.04063163376695785,0.0033635329479314124,-0.047709962047163705
6081,-0.0007312694880900128,-0.08367112561245713,0.0006360380469690431,0.02772698713193954,0.0013986363957406427,-0.052364220203664616
8653,0.0008318376064056412,-0.12054974361326576,0.001553387454274515,-0.004482337280879521,-0.00010470944793955095,0.022020716421181835
2001,-0.010146358885591428,0.13313914922359596,-0.001340018708312325,-0.09085400867882625,-0.0027437198674004236,-0.09791763216911588
355,-0.0004931394016385546,-0.05571233670056689,0.001359260611046021,-0.03293077391953274,-2.014540482140895e-05,-0.030153479265079382
1205,0.001855682342390878,-0.07652468881400791,0.0035545029328426687,0.019005073079980457,-0.0007857533057606555,-0.05428912284856293
3162,0.011139708716962677,0.1387243010100479,-0.0008562196783303071,-0.09699182236132863,0.0005987654774989654,-0.09743645956051288
6469,0.0003818200620937511,-0.1302608935535031,0.00260935819322727,0.1197435333564777,-0.002786741275846193,0.054608015797792134
6163,0.0005638631948606425,-0.029732022304432393,-0.001989261361880211,-0.03886096425219013,-0.000383409632324188,-0.04528298770153072
5018,0.00036613534066800776,-0.007079650530192794,-0.0020094858082222665,-0.029985296758710204,0.0011919814837079582,-0.07441429233618194
4067,0.001806529525861782,0.4070388952167472,-0.0026111998819411627,-0.02592726756707924,0.002719501963492353,0.12367549466159504
1897,-0.0013464910274287255,-0.054625370219959925,-0.0006839165645860411,-0.029837117808719237,0.001261548775594404,-0.03273166289683568
911,0.0004476548311544145,0.01581126714875987,0.002492734472002139,0.05723440445846073,-0.0017673208177158152,0.08242372036118287
1164,-0.000119263482974304,-0.028682399726955906,0.0007795952233191738,-0.04018891125979841,-0.003308088692331574,-0.04481471444467461
7368,0.0027319647040457105,-0.021447854505090007,0.002716432266543003,0.05179573510235058,0.0006615394248196758,-0.10346563251328578
6811,0.0018504173382508857,0.0019436648764688208,-0.000499457566549498,-0.03699088887356124,-0.0005082615720548482,-0.07623498626739376
3694,0.0005903342182381314,-0.10668750278027875,0.002651286338337102,0.04561156016845957,0.004503961943761419,-0.0477715148891877
9020,-0.001832576996024188,0.029021142643517305,-0.003854372158841218,0.02508558277713338,-0.0022768517605945577,-0.10097745526569527
811,-0.0004322041706623152,-0.09138791163638851,-0.0006279708948329277,-0.043576202362013344,9.583682433081171e-05,0.023440221777052492
4559,-0.005818771454026711,0.14644882571569012,0.007674909299998222,0.10805839696320656,-0.009339441911379974,-0.11537779974037764
9760,0.008357685939500476,-0.024342819989111374,-0.009102300505505518,-0.14173776463534288,0.011757800839346282,0.164827627802752
1877,0.002374575981839036,-0.0832842835829298,-0.0015763167787560851,0.014890711441065053,0.00013340107024229918,-0.04677924455902247
4475,-0.0038345058826731483,0.041356750285292364,-0.0040170843646491474,0.12587551120760893,0.01424644325048224,0.09707820529082999
6605,-0.015822636734390067,0.1160211391116441,-0.00361941520078758,-0.1329169216765287,0.007781476309326188,0.07248105942114028
1125,-0.004698366791089555,-0.2236612333772737,-0.0026995624568590805,0.08661848652818296,-0.0031112859011526,0.14320203486818311
5221,-0.00018931119433284022,0.06721266429130761,0.005697813187433884,-0.0658436556824837,0.0004016059216326013,-0.08447612116605455
8939,0.006728222902834806,0.11740321404300447,-0.0004157973940921744,0.11940483060585667,-0.004445660273415742,0.12982487941735116
1928,0.0015753061040737145,0.03377544614314277,0.005826560327232004,0.11596190561908239,-0.00461480233748302,-0.10349818477158639
9522,0.0006703112445566922,-0.05563306944451276,-0.000851398599427456,-0.030035827817805862,-0.00013453013248364016,-0.0318104236388656
550,-0.00017945544826525868,0.0005501149812625814,0.0017849948644404461,-0.04616434496857248,0.0014305491895399867,-0.0648465108503459
6973,0.0001765655167121846,0.04919396661660049,0.004234749581705144,0.0737486432232943,0.0009955142187167696,0.09673231529730293
8449,0.009983829754157994,0.29483794466124225,0.01465997987134125,-0.08216133188038771,-0.00620550898216954,0.26387914641456184
5767,-0.0015495544549691328,-0.1434394665796096,-0.001512539500431448,0.027425055817167796,-0.0007751890498231353,0.03381587893821065
9914,-0.0020359617420882075,-0.006240233788631829,-0.0021141045193556543,-0.04788024322120895,0.0009687943886929299,-0.056397157896459195
546,-0.003717208793573777,-0.07373111634170264,-0.001365619973099349,0.023250993304816083,-0.004371584590724389,-0.05130923346133744
1182,-0.0008318062920376796,-0.0868550441866514,0.006972306827641007,-0.04189676980590221,0.0028133494500794934,0.025302815548380507
533,-0.0035788336444754236,0.05727522362897837,-0.00205525412248801,-0.08104530644061837,0.0035932495606491345,-0.0707837044268632
5313,0.004835306416101442,0.43989124570322474,0.0048671595493411145,0.1888223316564746,0.012978231635576227,-0.0703959752728282
8064,0.0024379407348418592,0.006013604728083327,-0.006716449212311608,0.1496378185347465,-0.01030560026653282,0.2740099513916155
5873,0.0012185675686442448,-0.14966527829229118,0.0028691818166894675,0.03738235422211957,-0.0026345023162696636,0.029799625857230644
4651,0.001521148992386931,-0.035455400625383764,-0.0005520384065871839,-0.025030447992570842,0.001692963285243559,-0.05675212202582379
2341,-0.000401732671023114,-0.07366992536289542,-0.0013901176775120456,-0.0031387609755604553,-0.00019971584376711886,-0.03604882317166736
5444,0.0005686639422274774,-0.08618119162693937,0.0021295595095872305,0.016330941395010054,0.004245483278639263,-0.0470410991097104
6576,0.00420459065761437,-0.10240540318108776,0.0010875584086130427,0.024291713379164095,-0.00038096907950605337,0.03772466606090194
8490,0.00012797456557960622,-0.008199723136783932,-0.0008570620474942024,-0.045605060462149155,-0.0005915777285189462,-0.05899395696573068
6868,0.010191806683286229,0.013214719990939854,-0.004949699745814672,0.13475288721196726,0.012173972394618914,0.09007582713793878
4439,-0.005361792864955557,2.7300998046440776e-05,-0.013685066375898839,0.130779389094643,-0.012777692795742956,0.2734160108910575
3848,0.0034321985227827524,0.1671549125394567,0.0009244856683050779,-0.13397405705041637,0.0055357221434252785,0.08049427006559104
1694,0.0026008983720486327,-0.07549322115668175,0.004886696024303012,-0.009005629471464403,9.763780658963738e-06,-0.036513163715314365
2563,-8.553990404939532e-05,0.00043720283615345266,0.00014067101223146916,-0.036310800205948394,0.0011797288205665003,-0.07600458483446908
7445,0.009491893857412474,0.028906019713143324,-0.0051939070911080215,0.056289065372090635,0.001252541262980372,-0.10756348107255563
6533,0.0007174995252392394,-0.05113706751361989,-0.0009763437987228334,-0.033321209848575534,0.0007476698634005473,-0.03458263185627569
1512,0.002549061038970065,0.42635929473498013,0.015669210952788157,0.1256285937803141,0.015392408611288657,0.06289192322271006
3882,0.006324084313757806,-0.05027640412654989,0.005499409849334193,0.08546174171722958,-0.0019688530223542712,-0.08836476935247402
3462,-0.0016905972996435477,-0.057346637775202276,-0.0010981456937693447,-0.018194757460509733,0.00040797482846051836,-0.039464763186474135
4533,-0.01886045392419783,0.3465513254107998,-0.000653826596882209,0.09721925464520789,-0.011242467788108435,0.09376143561683112
995,0.0002650506066666438,-0.07439281473017434,-0.0015368615125995562,-0.0034174130141499245,-2.9019622459060344e-05,-0.038110503064473035
1180,-0.0042957035952317525,-0.16573411177680186,-0.0006315756481104302,0.09036513695391357,0.0010902698187669497,0.044435356720873814
8663,-0.0017400854666498025,0.0596366696238396,4.047061746174832e-05,-0.0821843349372702,0.0015127935344926137,-0.07152690261660141
2572,0.0016690925101435696,-0.038152052965673845,-0.0003696678416979259,-0.03552402122005753,-8.239120884910638e-05,-0.04216436600407261
2115,0.0007503842376294621,-0.05283773253885949,0.0017315782659793016,-0.025990304929870114,0.0012939044938150178,-0.041360787410243745
3130,0.0004690376436533039,-0.10495922775453034,0.001352405970653914,0.044536908696095064,0.005419975644274824,-0.04613663323417806
6161,-0.0034923941777125623,0.06733490849559959,0.00608066185982068,-0.052886600487015975,0.001324374601538975,-0.09462217774303792
5826,-0.00047999252194823354,0.009110507949530618,-0.00027264248611534115,-0.04445744745488897,-0.0015660613122718933,-0.0708223972384999
6977,-0.001450680374202047,-0.10442788360759045,-0.00494089055843321,0.05825203158248442,-0.004613779225499813,-0.046822646515057645
5021,0.0024108448197540104,-0.06393311182504598,0.00040468099368349446,-0.019739129029991344,-0.00030277350887956684,-0.034564501656817
5153,0.00018621698133329743,0.37174524909542817,0.010057096169147585,0.12797027646757866,0.006426646962479463,0.17439815383080554
1439,0.003983767678405842,-0.02209352601058047,-0.002289734620370704,0.09639554567872018,0.006128848083505953,-0.11198437590567197
6943,0.0016345164155336764,-0.06850932276601013,8.452945237893469e-06,0.014750147184526647,-0.005032110038868308,-0.05603293516916037
6022,0.001074962556554907,-0.08545491376388756,0.002664354516739896,0.015150305839189436,-0.00047367248178901516,-0.04498000333899005
5697,0.010045390569325059,0.3931612222868582,0.012699762503040016,-0.08546654491964013,0.0031302254270694865,0.11109565466217104
5192,0.009159804236966293,0.2959689972175865,-0.011243776681229384,-0.0658009287913511,0.009988637083638882,-0.09971155364312334
9271,-0.00036537208202841513,-0.02371866398469798,-0.0009741707706313836,-0.04189377409825603,0.0019639340654704148,-0.04864008177936986
7030,0.009704131582657595,0.23692630624692088,0.0018961724674996555,0.1650907924592013,0.0029740329674968796,0.1247492987038198
9565,0.010233231508745392,0.3081949533065763,-0.003196345700561519,-0.12389846812979907,0.001226832655270035,0.10936847506321835
3279,0.011918693999187978,0.16172484648853586,0.0029337368484759294,0.06520985042259483,0.002045212345900776,-0.09496467320236966
2255,0.0004907390634043088,-0.065351150761979,-0.0005553436128917952,-0.008783409816610679,-0.0001696842125466203,-0.039024159890643256
5,0.0011833451678795771,-0.05511371194938832,0.0026197362737834977,-0.05486386483709201,-0.004860536764653391,0.028640429586179215
5924,1.1485288244485998e-05,-0.1053770806495535,0.00020181857070041768,-0.06629088940638006,0.0036126759005272206,0.14963900663764101
8119,0.001502814220397699,0.06001534022146025,-0.000627931927118705,-0.08078943641130597,-0.0004099667351982403,-0.07684835192006392
2239,-0.035581551570393666,0.408757329792772,0.010777748907836122,0.15531653312755928,0.004539121858965592,-0.06514113521330064
5638,-0.001927966013038439,-0.09883646645367349,-0.003845309345891276,0.04149768020982367,-0.0007511584751055962,-0.045502301249566536
5510,-0.00036202784157516536,0.13323442469864097,-0.004132839386219757,-0.08490229521738482,0.00028216664889371094,-0.09908443450438557
8239,-0.0005614835816177381,-0.08220246017936636,0.004560313130645908,-0.04970865256898504,-0.0015814900769449847,0.022360025907449597
6857,-0.0006380954548397692,0.06425845300062213,-0.0027638575104911283,-0.08444716376649256,0.0013120036369032705,-0.07351495279367357
9085,-0.0010334238766259171,-0.04557878427160006,-0.001114692141180089,-0.0651451802453401,-0.0011477570393336614,0.030072323092892612
573,-6.787128625339394e-05,-0.02288835560784253,-0.0003657999438548118,-0.044276918635734276,-0.001613486731803943,-0.04703974072807928
5484,-0.017312763803156165,0.1101488792118614,-0.0034866209404488405,0.15050074514643402,0.0005928369815911403,0.2876844973328966
222,-0.001447754665005778,-0.03726290602204654,0.0031337785512838582,-0.02999314405856828,0.003324916544256058,-0.04741462115100607
9681,0.00061806709445414,-0.0648374969177996,0.0007872820770136032,0.0038162056522373106,-0.0032465611240876926,-0.0495559735030681
4684,0.00977691518729472,0.4256039181669232,0.015138917102901998,0.12056395704374488,0.006583048257975164,-0.07061957975604438
5975,-0.0023660731353278386,-0.05517968580800481,-0.0017898383422227046,-0.06017172609554815,0.004373489538679834,0.025317034894735174
1858,-0.000538656220243397,-0.030054941778462768,-0.000698993142099745,-0.039158323949585266,-8.96002724566248e-05,-0.04536701555798926
1661,0.0008027675457540843,-0.031057408147342095,-0.0012152338639660133,-0.03923409708342751,0.0027476253673760368,-0.04513767667844045
9124,-0.009021181736142837,0.15699740146104688,0.004639243415654809,-0.06694806089961097,-0.0027567519456048292,-0.09874118552064587
999,-0.0013418696728264303,-0.05274657905277901,-0.0017858939881615458,-0.031001854128427504,-0.0007474967547962528,-0.031213165891899323
8225,-0.0028706682356144154,-0.08209524569305712,-0.0009823555296380574,-0.044590876566361695,-0.0014077427619848988,0.021502304584137134
3428,0.004912986928789172,0.1328046111715205,-0.00989338563433409,0.14223791977491293,-0.0045452857915253015,-0.11733215743066196
4768,-0.0039102207281658,-0.05443222868392139,-0.0012119006381129643,0.03277163523526645,-0.0001828904471907185,-0.06795989547115826
3041,-0.002654554385087594,-0.17107022271610803,8.577567115023581e-06,-0.019840653942613324,0.002782985192436225,0.11899982269009375
4700,-0.008834622628244124,0.11423294665433696,0.0047691443987387915,0.1009544260208152,0.004004432742260911,0.1234977981049478
4139,0.0019168218682151144,0.13331471774993042,-0.00559187098665971,-0.11501088599371803,0.003003458205010975,0.34718557318161936
7909,0.007861311018177181,-0.01910263096557653,-0.0008898809788686798,-0.1284111156181496,0.013165682976174873,0.1828147379417073
302,0.0025194861563625215,-0.030269433344532488,0.0025467566936211465,-0.11252974633822081,-0.010264735576970122,0.1614286240113965
5679,0.0021863131668573344,-0.09622265157230842,-0.00042593450680198866,0.02956856523500537,-2.836047167026216e-05,-0.04163785128733281
1548,0.0010043653340568567,-0.14067347921736903,0.0030459306791644153,0.06059070083604974,-0.0042994070036310094,0.03587136901531466
9457,0.003943275830227412,-0.03214710441556705,-0.0005307692326726817,0.07218440810940482,0.00035996013933531454,-0.09077203454338674
2364,0.020397841461200245,0.39304538696552926,0.012665902862078202,0.18182451929249976,0.005446390716004964,-0.06595948345129901
7571,0.0030275817860642286,-0.10057879604333994,-0.0005524598134649339,0.056873446733583764,-0.0010250080531403526,-0.05430180032948793
6239,0.002746190791835941,-0.22634297743702037,-0.0036573085324590657,0.07903061192960506,0.012751738357771603,0.15152362920516513
938,0.001674758550604408,-0.06691566255851865,0.0014611777444280458,-0.04968253402925555,0.0025036640406608675,0.025576731656297147
9298,0.0001950219019447674,-0.08247193497296963,0.0025235567550584434,0.015076450113935012,-6.955987254955156e-05,-0.047592693886363356
3843,-0.0013221388454018994,-0.15037920254061768,0.002573184239037254,0.03933093331590387,-0.001976983887987819,0.029638734865165498
8556,0.02348593711546773,-0.05203400242204665,-0.007824495909205831,-0.08126561231595955,-0.00134746007691851,0.32832554888665455
9391,-0.0021057516244264197,-0.22939240731679156,-0.007712211804572438,0.06602302974631472,-0.006433905939327813,0.13132382882317437
3503,-0.007705898232618614,-0.041335785122442084,-0.003755091007669475,0.037126590442811136,-0.0038337878331412755,0.055182140716149526
8724,-0.015383095981126953,-0.07904531209525206,-0.01117253589787422,-0.1002079408549032,-0.004006153228375944,0.2727386772664809
581,0.0010845356067697618,-0.02325489458849777,0.0010529602719129792,-0.03147282657918619,-0.0011377962434951326,-0.05900337945490635
5394,0.0014287209985801921,-0.08543270289879121,0.0012383620420175565,-0.04711867515723633,6.0412981397785016e-05,0.02245596041628042
5568,0.005926349664949139,0.0961772022773764,-0.01030660157178944,0.034639613210647256,0.0031374665441337873,-0.12050865519607909
2203,0.0020487123132687224,-0.006212561218444641,-0.002261799227840143,0.02015597049744963,0.001373230954606232,-0.09910462278767027
6061,0.000646207397833024,-0.05185879626823963,0.0030546507459186314,-0.03216545341817409,0.0006138346649303461,-0.0356892362576244
9412,-0.0003493170122507206,-0.03371914841813611,0.002950881670946429,-0.02939770696803451,0.004586504527100721,-0.05529598313976444
2430,0.0009876342193140622,-0.05849474438875975,0.0006299653129732236,-0.017512588864501386,-0.0006960232272767002,-0.038047525227975935
7429,0.0020837228692251295,-0.08231895293118129,-0.0009625350820042323,0.02316733049096117,0.0022546070821230155,-0.05733158420504961
9616,0.0008980401855084391,-0.009875877751407807,0.0022161059710431178,-0.02627182691988506,-0.00046035845495684456,-0.07473737939454529
4050,-0.0004254914550788974,-0.05373910577357645,-0.00025554851118012,-0.030652778401916048,-0.00013474597642410606,-0.03327235959831995
1945,-0.018701047751563567,-0.05313039224223805,0.004666055775176,0.041687021675715606,0.006262701275212777,0.05127132595119766
627,0.00043672512708977344,-0.02713680286895492,-0.0007921553108448062,-0.041329749273152645,0.0038376295967047468,-0.046389731784434375
2237,0.005491368341569208,-0.14839738007015477,0.0008411913164802382,0.024625962783392668,0.0033821952247775834,0.03546755142320973
4670,-0.002122291626744001,-0.039337553447746074,-0.001080956053229952,-0.02748218683685004,-0.0003439035246587974,-0.04318508130000637
5230,0.006287878908955388,0.2544421592728031,-0.011297272764398512,-0.1284471386189476,-0.0014509934674814496,-0.10094201060771676
2415,-0.006582632755657976,-0.0010650092390058256,-0.0007568041941521723,-0.05001120844829256,-0.003738911442669269,0.04218917135903353
9279,0.0017657513827171471,0.27308771320996966,0.009388128776615715,-0.11886617680148569,-0.0020071286430237796,-0.0917342211764352
1811,0.000693211317291858,-0.055994007326876906,-0.0006726460719944433,-0.03207041168456641,0.0011832821227522414,-0.031547748840742074
3806,0.00042874708961348356,-0.05357705746660839,0.00039130767153861955,-0.030935849254491,-0.00038748675503760794,-0.03437063371124758
3910,0.0024570770135854503,-0.19023325844378922,0.006460379507474907,0.019032323722823215,-0.0035776647328937456,0.1355129255591076
5535,0.0012013061604593557,-0.032692859095396896,-0.0018866166442256418,-0.03785609701388502,0.0013233993658097454,-0.04599001567540343
5978,0.009891822385767907,-0.03390217265038377,0.001914894143626174,-0.12506691795929317,-0.0028786282462000116,0.17124551500588073
6933,-0.00030587763155050983,-0.005198661370484131,-0.0025147543471659844,0.020277036620005198,-0.000966552163215176,-0.1028475280734326
6547,0.0035557588405321595,-0.015447026581899522,-0.0017773743187145814,-0.006141019036629418,-7.600324863526716e-05,-0.08582293779640501
6175,0.0008848207775882046,-0.06531727199985526,0.0021452811763444817,-0.014426291233294395,-0.00041935067828190707,-0.038041198254548186
2892,-0.0012600813193875315,-0.05559613603522257,-0.00023545783544671773,-0.029070217322427826,0.00038656618054913405,-0.032795909524956354
3979,0.000767885728348415,-0.13741346676492439,0.0008872312651233339,0.024760491504259602,-0.0013320299538902426,0.028200560484959895
469,-1.1394079247695755e-05,-0.05584320364430926,0.00019106694867251792,-0.03043511052419844,-0.0004972237161706543,-0.03179864076767195
61,-0.0007797181958603533,-0.16625759608268964,0.0007591619751957639,0.04875581742849237,-0.00202751489225079,0.03691404301865187
2371,0.004251888504201346,-0.10159980495485231,0.000895588048010609,-0.08594884417121856,0.0007258764548255501,0.12318231802350738
7697,0.0013668460868836428,-0.16256697735067985,0.006478525901765948,0.04798258111597353,0.0027012177871937972,0.04453651269659644
4654,0.0018767028127479061,-0.08877925144510623,-0.0038209768645540722,0.02598372764366491,0.002738704145175348,-0.046395268988864265
8128,4.663777007372245e-05,-0.05394132714288034,-0.001335024749426285,-0.03085307940641372,-0.0006896615735512643,-0.031876442467546846
6675,0.00105789076170382,-0.05393378757497696,0.0024164439749621187,-0.029523548850943514,-0.0005187171365217988,-0.03609671530887877
5883,0.0012196874545532769,-0.09624182438346171,0.0010540247789326232,-0.038326365734954196,-0.00019200575940501332,0.02545821748273826
8608,0.0049348848124119585,-0.0023221314057496664,-0.00029426838082396815,0.09562492382697828,0.0026029079390479967,0.27902447479766057
2633,0.0073950779364842095,0.42487986619553164,0.00772787885558045,0.10557776406106552,0.006732042518807627,-0.0583562616042488
4103,0.008905026377049553,0.4267135353288837,-0.0025280963135718656,0.16296822449622383,0.002830703247833471,0.0707351869918398
3339,0.000708814179307155,-0.0032377923082828205,-0.001063676876187308,-0.04831891340402781,-0.000490722246466791,-0.06175134724242337
3697,0.000872449679537639,-0.050101623111191304,0.0017052691625850892,0.0344775558535656,-0.0006147673923063207,-0.0819076335208858
3883,-0.004103955821689282,-0.04659239170079256,-0.0013719130441815493,0.018584934919942758,-0.000975836562960136,-0.07055257347118819
7166,-0.0020214857052995357,0.03651892150695932,0.012353818309003612,0.12415331816608965,-0.0016400020347206307,0.10150841516165474
863,0.0012844819805460255,0.09278165048744146,0.0032191111902067217,0.1094289836670406,0.002627593787265606,0.12465505503443584
2709,-0.00190386489642331,-0.11108077441845342,-0.0005334353689459184,0.058008639188550024,-0.0034190919884661748,-0.04465151363111906
9338,0.002066719035950335,0.1835499194021569,-0.00611439899021442,0.014648608620687443,-0.015077650313198044,0.271684173992642
3768,0.0014848421246568431,-0.021760190281771327,0.005319183068995751,-0.03940816914908699,-0.0005106064668052167,-0.05149450683226802
9552,-0.0029729189405052953,0.026545429986345733,0.005684579821268985,-0.013651125996308045,-0.0013910699917181097,0.06606821833728274
214,0.00025442055705291513,-0.04976889664511283,-0.00204425750649397,-0.07477669736130169,0.002564129207650865,0.029493551331595185
2161,0.0004400878011560167,-0.04904855429874918,-0.002210958436969276,-0.031035215500013192,-0.00046193034335180726,-0.03509651168912634
1597,0.002149717768182865,-0.10744009729367414,4.248842600172358e-05,0.047909976267465806,0.0020684600341908978,-0.04584041502198297
2742,-9.610748166873576e-05,-0.06627438223154336,-0.001922647848057276,-0.0031608211735182808,-0.00034161195242045155,-0.04503133461629412
5614,-0.0011155289916305374,-0.05338494203705742,0.00024093212570751863,-0.005175791015263575,-0.0032087246022053455,-0.05221921502204136
932,0.0031735327929537757,-0.14987852446912964,-0.012697264811661649,0.07667265984268287,0.004614540769879918,0.18970958750715503
1843,0.002938055874455972,-0.04420424212653913,-0.0006988172829109084,-0.07005278342609524,0.004419744548977575,0.029565752895718368
7053,-0.004148944783356628,0.3104615339064527,0.014231727395765819,-0.13581484544388592,-0.0008356473089600983,0.23284063711173866
43,0.004033425666971105,-0.14124928862566588,0.0032024812191716783,0.057619350748093504,0.005592551882240724,0.03401936248674458
448,0.0008293953937710629,-0.023760040718154088,-0.001018953330012344,-0.04293114609011845,0.0012491994207128921,-0.05036831237248484
5880,-0.0008032514399083244,-0.029958215748900764,0.0002819752067786673,-0.039728922140641026,0.0033710946631501713,-0.04400719215179602
9829,0.0008043558036026031,0.0052096235382460675,0.0028584673376596606,-0.10036921492131669,0.005866676816565445,0.045712107676828435
1448,0.0005596543021490862,-0.05606590704360988,-0.0014196668819469837,-0.029984668137299643,0.000983216218981471,-0.032245857684425935
8136,0.0063303155227216685,0.010733036582130198,-0.0010207457517274197,-0.00022467033330677202,0.0022251875515165794,0.0554505048654863
9791,-0.007665365978164664,0.36793250545254713,0.011387501017661618,-0.10389261998053449,0.004544955030568239,0.11221512449285082
2288,0.0005651272187800872,-0.0010689283949541404,-0.002879466008146751,-0.09325947546070454,-0.005760252078796735,0.036639206671869685
8371,-0.0008043316941570215,-0.024590665737084866,0.000815689184529918,-0.034490707771270016,0.0014197323164293443,-0.05612708671710485
7596,0.001915031417499072,-0.07903931242209647,0.0008460346323936879,-0.0001770505528363958,0.0011076226174659659,-0.03961178990449873
580,-0.01783625125267755,-0.05165941948638935,-0.00941374641411452,0.09131433057518604,-0.0028628000844367033,0.06153161927822334
8343,0.005583155697084686,0.22542115515051836,-0.019346401083746165,0.14387466950515437,0.0018037857543299865,-0.10216529240044182
7904,0.004771746996098877,0.28455527313510026,0.030898072092348468,-0.1248043783645205,0.003219075115070711,-0.0619322991232352
8825,-0.0006970088425582336,-0.07509258698662445,-0.00015862558480953036,0.02199252612661582,-0.0035189458667482408,-0.052692693461868854
9720,-0.00012387525659887522,-0.053672296529779166,-0.0023313963872882036,-0.019990755472029418,0.0013648292912123794,-0.04275224790056052
2949,-0.002959899938835056,-0.04650096395525641,-0.001819966973963134,-0.06959804148785967,0.001133548223042174,0.029056958505875415
7097,-0.013239372438111187,-0.12785329025130232,-0.006522090806061882,0.13195203850800177,-0.009885640911690982,0.20586586803015247
5171,-0.002788526026360598,-0.03786464851965295,-0.0023706761686821355,-0.08329709910138615,0.0036827107463810204,0.03156990356859796
9878,-0.008960149223230431,-0.045902477540959885,0.00041335112978621976,-0.07183833817690088,0.004653691883176399,0.02483979313858652
2263,-0.00034772075368899434,-0.06969368888915947,-0.0011738912176846687,-0.007933592504941371,-0.0007128018542493952,-0.036808171633647975
5660,0.0017671742160575577,-0.04869604789001989,-0.0006792076997880263,-0.03298282361551396,-0.002195006868236577,-0.03551352315347226
602,0.00012337320774412672,-0.04639938766172383,-0.0017706857155950972,-0.03432944378812991,0.00025999974583722414,-0.03682151439872159
7220,-0.004873596011751818,0.12139946217307353,-0.0008889880914039623,0.0962751432951538,-0.0024243567147837364,-0.11369155126466546
4923,-0.004716398565638234,-0.08727855074824797,0.002099070388227743,-0.03958106271086248,-0.000852821026034989,0.023653544815904592
3942,-0.0015022641573085734,-0.15329136573494834,-0.0027950643703131117,0.05725369863798583,0.00245400665603798,0.038801374407782016
5288,-0.0003245043296760759,-0.049948498494902197,-0.0009779707184125678,-0.03252632247893478,-0.00031896065844671585,-0.03477583125983
3211,0.011422333561028961,0.2707274224931612,0.002402659920697721,-0.12519226568578137,0.008187515010570976,-0.09775282183658246
644,-0.0004028190487988468,-0.055380932327745554,-0.0006650284537820776,-0.02765821949436694,-0.0018520504543693321,-0.032433850813681726
3360,0.018220020395288344,0.3350771847233117,-0.01057660143238658,0.00812768060580914,0.006436512759712445,-0.09015775239646812
7953,0.0012684550767394708,-0.08392817386050207,-0.00010628247553646801,-0.04567867975265728,-0.00034121160480891764,0.020204015235287486
5784,-0.00040192255493439117,-0.08968445261755988,-0.0005812578976425924,-0.044338224554161726,-0.002646349150035997,0.023490954453828164
4162,0.0008815972427253705,-0.051317689783236316,-0.001965629304290085,-0.03242673747961032,0.0001798342505564858,-0.03300047192992553
8875,-0.020519676968570204,-0.050126491892786014,-0.009062622799122278,0.06961899875253955,0.003149688152292962,0.06300583966263519
1831,0.003830773960605484,-0.0810023118012462,-0.0015575733860387698,-0.051702755614597,-0.0012391758774835764,0.021838838957992834
3961,0.009996071168267928,0.3228180418157001,0.001285113182611802,0.14282064589256577,0.010535616587890125,0.11568300743398126
8296,-0.001611348972230979,-0.09954547296298936,0.0018726300292296045,-0.09063054147952855,0.004188823625689871,0.12682664049311645
6018,0.0007636548832156739,-0.0036891280162549473,0.005005823545823745,0.049644984924743306,-0.0006041359148312627,-0.10518107482905655
3220,0.011992880784040757,0.07676272191472315,0.0028388190098054184,0.05973894813720589,-0.008383413277690351,0.3152362280967622
9747,0.0005974564963781963,-0.0435144184658983,-0.0009250242990182162,-0.06574282116929331,-0.0024050359751766775,0.03240098062645655
1049,-0.004089049250656972,0.3594718408722237,0.0070288188065251115,0.18126572451118916,0.00041858090745838935,0.109337480960037
2832,0.00037155541738558625,0.2602793006116728,-0.026468709346571556,0.1198782435425669,-0.013205163496209395,0.12844770799785485
3122,0.0007092469158684849,-0.050190485641567695,-0.0011430477668227005,-0.029251224585035963,0.0002090557058745807,-0.037170721165405124
4847,0.0006579644142556608,-0.06359312828408939,-0.0012196461161394485,-0.015046432850050096,9.653088231785379e-05,-0.03733659443146405
4708,0.003479817725990427,0.33389187545610044,0.0022875603320947294,-0.12570291928769067,0.006146818269198809,0.10747067822299476
9256,-0.002120357797007174,-0.08833369735991838,-0.0020784534194599803,0.04469475849169409,-0.0006970921034382966,-0.05677415484458113
5810,-0.00207777144045602,-0.09102126668123064,0.0002916638625316319,-0.04098945322987924,-0.003541853298056792,0.023711621030555834
8900,0.0012072391563924692,-0.06300093982508483,0.002584992744668541,-0.023178153942900882,0.0006364352366832125,-0.033412020175680714
3741,0.018099115237472027,0.40940480142441893,0.009609697932992937,-0.032812010355874235,0.011746756248422882,0.12066652044133908
3726,0.0013419052853776885,-0.08685302296814025,-0.0012647394018518235,0.038226942175596905,-0.0012632977078057001,-0.05557379631974364
6459,-0.02091611445495239,0.30079773555938516,-0.05220112697664777,0.12419198191269175,0.012786473436469131,-0.09558298528106672
9428,0.0025323077630528103,0.16228719075945403,-0.008858030640810456,-0.07232760587936149,-0.012286533878426539,0.2551855263753718
7071,0.0012511372802884758,-0.05001763718678769,0.0024038400770516805,-0.022651564899154777,-0.0007134807525506018,-0.04064583904798973
8934,0.013201593711077745,-0.12239265484884318,0.0026699235201138984,0.012739570879707276,-0.002075372514981537,0.029543264057314146
3593,-0.007370356130348492,0.11286708908857818,-0.00249874054005164,-0.023118464719278364,-0.004548116096945741,0.08423722565186618
1419,-0.0032766478504378613,0.22227367176399795,-0.015595980809598812,-0.1309989971985545,0.0038547501673496785,-0.09478641772098172
2349,0.0014036777421024757,-0.08929359338188991,-0.00506853805066535,-0.10268213906711639,0.005425236002358349,0.12666148237272185
8861,0.0008043268211064717,-0.06303802272859249,-0.000610553298390707,-0.009541068908176659,-0.0012933612296045743,-0.043063980044865884
752,0.0011429622847856887,-0.14314656335009912,0.0077158022376230566,0.02737375121036323,-0.0008397561096648111,0.0317362069428307
3348,-0.0013670347192173242,-0.09234986450247519,0.003681450079378998,0.05077679070030148,-0.001413854350732839,-0.054765303666451354
8147,-0.0008212124167107888,-0.07995111860191433,0.002229865927688107,0.043054891643869886,-0.001409122197825802,-0.05948939700914438
7271,-0.009690424194052916,0.23485791421610905,-0.01970037309523253,-0.10491546552181022,-0.011700317734344984,-0.08370799498951095
3858,0.01858896230687667,0.1344054575503581,0.0003904954039590346,0.06315740979563077,0.007227975429802531,-0.12015414775212974
9775,0.000356905146305635,-0.03655499421225138,-0.003445642880991663,0.08613881703319003,-0.0007592550265956506,-0.11126864227723401
2908,0.0017022571728056931,0.356558344900888,-0.03439967548792832,0.0577354601219123,0.003940333888039667,-0.0801544687606027
7780,0.0008401731742538308,-0.024515114978226834,-0.0020567600057208456,-0.03284451677090729,-0.0007033575007041645,-0.05454510870273564
7922,0.00043961752068041074,-0.06006868476111758,0.00013422658877799325,-0.02370471201071001,-0.00041770891728327986,-0.03413023127100021
7977,-0.00010405403334250769,-0.10576470282104546,-0.0019217784446771238,0.0413978110869062,-0.00045612614624379285,-0.04324934863995529
6043,0.005531243135816179,-0.2160802676546758,0.0059884052327993905,0.05266979388148356,-0.00793788653430553,0.14959032249804863
5915,-0.0014488750170130202,-0.034258363861927044,0.0031220764429550065,-0.004774928735384192,0.0007531796025872897,-0.07041561815254808
1074,0.0004291871789590372,-0.14378491900803192,-0.0016610022591940139,0.046822229481070336,-0.0016610461475230769,0.034405639391727846
387,0.0006930332927410739,-0.07151433624864512,0.0023751613923887853,0.017167861288262504,-0.0005807065576583883,-0.05545333075226599
2880,-0.0028246506297560925,-0.03900007443248459,-0.0011264900688866609,0.017360390178216584,-0.002041160166223288,-0.07735736079557909
1490,0.00015262121703583584,0.004902096319886207,-3.0401891838795155e-05,-0.04541334275408252,-0.0005805431744323789,-0.06739743003892949
520,8.819840282906252e-05,-0.08658543300654031,0.000888236584266,-0.039314141281672245,0.00011353592437397304,0.020057926210166915
8752,0.01482799238156298,0.33780467272830433,0.0020085887782326475,0.07960263787265107,0.02052533500503685,-0.0955728273298225
3085,-0.0076019155813475126,0.19466001711575046,0.010430839291773197,-0.021770374829509054,0.0055314773860731595,0.27849774369251395
7185,-0.0034335282750368196,0.052844978285161694,0.0028441914746248093,-0.015353305086839825,-0.0016654626365709831,-0.09829571360495742
1119,-0.002379544773552584,-0.020842215348804122,0.004058062488969348,0.09627935479091113,0.001975572864248374,-0.10701959136637938
5417,0.0009991783662609034,-0.021635551388484296,0.0033742005497956534,-0.012041234697383954,0.0020016793789884896,-0.06796611333109809
8605,0.00033802608995151597,-0.03229800251567698,-0.001894341957309493,0.028686683729558043,0.004351206322233012,-0.09355449001602288
7051,-0.01619464267269446,-0.019782264856486376,0.0032068598756785655,0.15392875500842168,0.00531318881468956,0.2897612570190631
8345,-0.00378216529486101,-0.1150376082964641,0.0032144022067942795,-0.011067956633946162,0.0031524194701414727,0.028821431880651123
5913,-0.0002773473651646544,-0.08243419604683565,-0.0011810218444330111,0.02592203317289904,0.0016608737665399524,-0.052695111801178446
3746,0.0013382887178250856,-0.08472437720194113,0.0011353379469284286,-0.05010764227436077,0.0015692327719116427,0.02172152500846615
797,0.006158929740043007,0.2511087282158391,0.008880943150410612,0.15324100265743795,0.0007116070368967821,0.13868292493827605
3887,0.001370844675261186,-0.044018154820908616,-0.0040639775208061914,-0.07365457629832456,-0.0021059222715263588,0.02904037036486609
9805,-0.009662421324516772,0.345390094986621,0.0020540188708142015,0.06348871915307598,-0.0031719108058027926,0.16301812079383265
7779,0.007761159562149385,-0.11094615272473315,0.007190896466844001,-0.0498238585259656,-0.004952910724443731,0.16449684884462829
3510,-5.503197718417647e-05,-0.048529511755673195,0.0007888872487599391,-0.035464155126107684,0.0011958179806313715,-0.03608633829274972
2935,-0.017366375973858632,-0.14830930162470526,0.008914220062658398,0.037627162140518665,-0.006535638178556035,0.29771277138716185
1057,-0.004211738631796964,-0.022123783270770844,-0.0016329439146280668,-0.010784844593708305,-0.0014786901187003691,-0.06796332492764423
1267,-0.0005840330090438403,-0.08822797698341858,-0.0029150243739756005,0.047851787879981615,-0.0008977628931610546,-0.05683831374113122
5917,-0.0007789471105468551,-0.08565029707159227,-0.0009215745010342882,0.014563403840629562,0.00035858186839366857,-0.04297715512707319
6126,-0.002546907952253449,-0.04858309380078254,-0.0007796885648356797,-0.031893249023182114,-0.00011468293166564216,-0.03495785598557668
5123,0.014643759438859661,0.3015411641110184,-0.017105950818533708,0.11702382116620616,-0.02652067344355679,0.1379618810882426
1073,-0.0048159601621786605,0.12287689019618443,0.0005071769846322127,-0.08326837543628313,-0.0005255170428964402,-0.08769403734948965
4511,0.001498805566683111,-0.08915542451577158,-0.0006470226871710859,-0.03832947144945635,-0.0006261538948874465,0.02292082494383248
3098,0.0022376350435807423,-0.035019215735555026,0.0004164448169184825,0.02727658829604026,0.004838102310562096,-0.09177335976609799
6115,0.0005343521123742148,-0.07735565315868936,-0.0021507688961315825,0.04276442761409583,-0.003444106843378799,-0.06046927213650997
8773,-0.00044914836365374304,-0.015154534826053083,-0.0019663381104034496,-0.09856044974415698,0.0008310960828377581,0.034970812954025154
1328,-0.0030113403903767556,0.01666061448449889,-0.001281285849356033,-0.030009236675666025,0.0037574361981379213,-0.08471472882795147
2315,0.0017978689598655122,-0.11266674529075034,0.0008081726777458523,0.05062522474282074,-0.0007197840209317486,-0.04331090682825825
9757,-0.0017876334589583915,-0.07788276061178315,-0.0020490716303728615,-0.04512391145792449,-0.0030042606333059462,0.019604434574447584
9985,-0.006923461877569715,-0.01554692609450878,-0.006311306581084486,0.09386595441921612,0.00592370284205532,-0.11186214928613412
306,0.003705690581235587,0.009843170445133729,-0.004375029563921607,0.10283157476423954,0.002708540376676601,-0.11649596191536189
5455,-0.003801925761987129,-0.021550176116338176,-0.0009913912595582042,-0.07732529279381964,-0.0025184465655059443,0.024672325755324857
7707,0.0004269600678361394,-0.09165513627131384,-0.0008650624571305445,0.023535673660801497,0.00354591085561866,-0.04418404730992719
8494,0.0012840270133218708,-0.09750126528306213,0.0033832322772768516,0.04712495146024997,0.0038732774410100436,-0.055559814854951366
8167,0.01671923866936884,0.37011535227507697,0.011859496499146424,-0.08814867528383837,-0.009570570202685797,0.11766219253840102
5473,0.0011690885207173143,-0.023513292704138027,0.0019496974871428695,-0.04328380535514176,0.001004332030180855,-0.05191438821004133
252,-0.002363888196080919,0.0658797525877055,-0.008482716079178209,-0.1414105304590547,-0.002156738782397112,0.20306205451617254
8091,0.006018882769592365,0.05905788053861643,-0.0016917821096114677,-0.06578177412922137,-0.0019611141905566893,0.06433462728406975
9342,-0.005791080433907563,-0.025002013602946432,0.006729811095173335,0.04497902174335285,-0.004499610299026714,0.05720350387832214
3203,-0.005019746227130701,0.024703537548442032,0.006597263530056924,0.09178277072756157,0.00036004838968217565,0.09704458649642313
9199,0.007983166722454275,-0.061459176719175744,-0.00039212367676048053,-0.016882963471639836,0.00013975417647266446,-0.04018555176153288
1458,0.0009432757035279835,-0.05486038546779793,-0.0012751456755261932,-0.02710309394672012,-0.0004414743632967767,-0.0344950553473802
3300,-0.024480838151236018,0.2008972402348497,0.0008402673684978012,0.10599510256108827,0.007851920295616524,0.27628767782724023
5420,0.0003962250548960171,-0.056645292586551724,-0.0008370503549646679,-0.030044133212576672,0.0023807862712176254,-0.03286986158592476
9899,-0.00016916210186274382,-0.10357558475098094,-0.000579708348156544,-0.0279821104785518,0.0002401643109010928,0.02519296196767927
7808,-0.0013555172967789303,-0.10122232098856217,0.0023215680687204356,-0.08183319870543516,-0.0034484880945351523,0.1390042803563682
8306,-0.0003827732373424184,-0.09149428418527002,-0.0034371935165161457,0.06032653232021384,-0.0013534773325316052,-0.06213919512720961
6927,0.0038552182543788536,-0.09568227337132117,0.006101637048771001,-0.04377463532724491,0.0031941351332475765,0.027766982984012634
5666,0.0035471896345292834,-0.012589951884931819,-0.0003802904572957835,0.025499080488897943,-0.0008108895996107873,-0.10570323141223412
9066,0.0022360764320936153,0.17281455335496831,0.004275509328142425,-0.1279949684560744,0.003902537691300336,-0.09868565965280002
1875,0.010010538785909883,0.34971822475869674,0.02105345770845471,-0.014821593300284376,-0.01059287509215557,0.28330968475951895
6801,0.0002211286421468197,-0.08165442116582719,6.247577960846459e-06,0.014552313503514696,0.0020301959558996566,-0.04969935458958079
3608,0.0004842917352571974,-0.039939014613478735,0.004256236420266273,0.09276104206132299,-0.003993226198922336,-0.10411609889561552
1406,0.0005304504304418036,-0.0885679550441283,-0.0007414456977520818,-0.03867622919723974,0.0001715562962062645,0.0201526046056761
7943,8.50478113198771e-05,-0.0932757962886296,-0.0013372187998875985,-0.03779042354550472,-0.0026341422805309742,0.02404729228427005
1580,-0.006980881121051442,0.06560397531420573,0.0010545531096569105,-0.07073565464016729,-0.0018443674696450546,-0.0824335042801579
5344,0.00835180290731734,0.3369471681019807,-0.029334106138099798,-0.03741074703714594,0.0017039027405842918,0.1914911706948921
2361,0.0012522247803069483,-0.06074676766769671,0.009272290057588976,-0.030172392898086244,0.001593028844592331,-0.031306200684256616
7557,-0.0006342058470000423,0.0032956050758441643,-0.002482936270846128,-0.0536433199815588,0.0025352115729440103,-0.060918322744320214
8098,0.010353519089538339,0.11860679677203555,-0.01487486212978173,0.033649617286846484,0.025616103373523245,0.33236654783923497
1302,0.0004600181710009802,-0.02618151064681785,0.001102592702187127,-0.04046866691624143,-0.001637234446872651,-0.04776184847357089
6038,0.00013105719332298928,-0.10475147556468711,0.0014622362495391836,0.04588853047602602,0.0020298359053469994,-0.047500357006520694
5158,-0.0001700570153446073,-0.08389752160954862,-0.0016464317287798545,-0.045001113378615405,0.0026096046966238677,0.022721476562069166
8787,-0.003388778649842035,-0.036039290764286316,-0.0013050264840709512,-0.03620811169859322,0.0008669816829946863,-0.039968859685270676
5743,-0.0001510558764367365,-0.036583385433704076,-0.004418998942487476,0.08529403085669121,-0.0036769648041578046,-0.11001679885040636
4403,-0.0016694384583041397,-0.08764415921012476,0.0038570644574114506,0.06681874893811457,0.00037578270523428147,-0.06569834034044689
1076,-0.00035726880185154875,-0.02453626143206829,-0.0015672138139003879,-0.041086409018139876,-0.00220189246716436,-0.046564888684658794
9438,-0.001928442065063661,-0.2211458627136392,-0.006413394011902299,0.054046998273716465,-0.008065745986114004,0.1261736253984826
5931,-0.022219404344791086,0.3839062315317102,-0.004579665421434726,0.09982268698590313,0.0010474259149714465,0.06995137927869559
7886,0.00259283028481027,0.2253873677540429,-0.006783232684514351,-0.13920464962256954,0.0005771995718255197,-0.0943061330563571
87,0.0009149481505797347,-0.008586729868484883,-0.0009657579822893395,0.016794246153180897,-0.002362191899785249,-0.10329648713306971
4814,-0.002829239300183784,-0.10629773271437004,-0.0027853087013701844,0.05854105866886244,-0.0016915231264868426,-0.04790668811379847
5132,-0.001322174453289147,-0.06089599643312857,-0.0016057657009677126,-0.017391111472075876,0.0004570163951861482,-0.036638509251859894
6524,0.0002853108776783691,-0.0972525958786381,8.155946607217295e-06,0.0654199301588517,0.0027105842706685278,-0.0671896762040379
7664,0.0019273439566202936,-0.07388710393954717,0.0013455694020323209,0.05307703975142788,-0.0009027981047329083,-0.0644302130917752
9281,0.0017688737880495414,-0.09243781654299346,-0.0014506204558182255,0.025416746185012516,0.001407146926023641,-0.04264762107645796
8913,-0.002525259299033513,-0.005561269042549688,-0.0007999736318392424,-0.026430454515231166,-0.0002786578554963991,-0.07226868133674459
5247,0.0015482120367392993,0.07075476358451507,-0.0007650520335682989,-0.06634228371194677,0.0019497017889653359,-0.08912594170706564
8532,0.00012774737705161893,-0.029791090970978956,-0.002136450136082468,-0.04018114755987343,-0.000908169422288033,-0.04288634286421468
5003,0.0014479873990803865,-0.06166701029330113,-0.003150811202472322,0.03742586919766321,0.002993800965248035,-0.07701496494898617
2016,0.012468581070090091,0.07521700298537756,-0.0013027241572873191,0.1680770373786093,-0.005030614621991906,0.11848949380479117
4756,-0.015689066852290594,0.33862518286195425,0.00526012192916726,0.13083547914718485,0.005528192624021777,-0.08550093203394314
6610,0.0008268746538358067,-0.03317129095751287,0.002603327464765885,-0.0047448424069983204,0.0024266133403860702,-0.07144941071462967
2643,0.0019995544024787705,-0.05161688660331692,-0.0001123138195305863,-0.0317411240713543,-0.0023750864340334917,-0.03419697869294089
2047,0.0019080235620592945,-0.029205350916612104,-0.0007282376242301894,-0.08853974948586733,0.002659390915558291,0.03346119870106638
1655,-0.0003046868591508784,0.13608410528316248,-0.0062102932580778685,-0.03902372080550377,-0.011072418557938156,0.27605828590040277
9851,-0.008024660514018364,0.1258920542783183,-0.0026898558366379704,0.07090748704433947,0.005044916241869701,-0.11026838949287414
6851,-0.0009596561395241908,-0.00195749747403592,-0.0003409042266216696,-0.03486721378731011,0.0012465958208224422,-0.07059135777311633
4337,0.0009251970072011059,-0.10153102204641029,-0.0004681086457197375,-0.03241473200144891,0.0014265470144227826,0.02641915123380402
7655,-0.017802171184620685,0.3556095120288679,-0.00699799904393581,-0.09864124771930814,0.0018568985634495004,0.11293980716266226
9430,0.0003435171549200478,-0.08753273127282099,0.00475241330372337,-0.04394579242934916,-0.0017051970331723309,0.02286671579901674
6919,-0.0005370815395208547,-0.09464572789975652,0.0006698545397096098,0.039057640792110826,-0.004981645318004734,-0.04452914971088977
1078,-0.0002665235488566966,0.1595893543944298,0.0039824331696937856,-0.08756461573036066,-0.009297763991100258,-0.09627274657231383
5290,0.010061434227968097,-0.03774233471432371,0.003120383335579469,-0.12254638259962151,0.0032034298046076113,0.1561435358827624
6589,0.0008740561378428445,-0.062295298686424125,0.002182530833008796,-0.019984217776481367,0.0025223329907062457,-0.03584081279572137
8566,-0.0009703330332894416,-0.055097928519171044,-0.0010854221200497266,-0.02823974567450196,-0.0005869377624485028,-0.032439727487845064
7022,0.023506342317929113,0.43593730362364463,0.014725557253766673,0.06977810963258933,0.006851147290975083,0.10925604044529437
6505,0.007640775175181831,0.14579200685203136,0.001561186185196021,-0.08263795658964451,0.002556510153988752,-0.10488768960622638
3692,-0.001989650754666147,-0.05872679984343777,0.00014121974401555453,-0.012403854062696522,0.0008947568568805974,-0.04257010628160404
5973,-0.001355009563640851,-0.014339694695936817,0.00012082086939039591,0.04672189612566504,0.0008967280397338857,-0.10657069734339523
3155,-3.1018093324128136e-05,-0.055093221663137806,-0.0018150672716500595,-0.029426300711331656,-0.0006475256480919998,-0.03171961553824359
2268,0.004800211018419766,0.31580215358418956,0.006507800466238187,-0.06327138342112815,0.0032085126380944993,-0.08124323171085301
1638,-0.03739874592215032,0.22348074458184825,0.0028042464152826553,0.14876284678655255,-0.007430965516014587,0.11760905139177895
7966,0.00018704340903601132,-0.10114820463848338,0.0005618083899415518,0.044309973525382275,-0.004322792561485681,-0.04251544313493336
2067,-0.00024667081752573065,0.01388356072891985,0.002350191712269437,0.03575266895555759,0.002976739158866575,-0.10814259992727267
1437,-0.005020108965102469,0.08186532908552863,-0.0010356160574225728,0.16963855302392128,-0.006481133990547099,0.12184271646816952
5267,1.721502087779454e-05,-0.08453246860068173,0.0038370750935565385,0.015432387519639854,-0.0014137481510252735,-0.04438110722416797
8086,-0.0027160363567760013,-0.028052701364591672,-0.00479379550547912,0.053572147378098754,-0.004448456058387637,-0.09774386857482614
8615,7.037134604746279e-05,-0.010717644422284395,-0.008690806442305648,0.0460637635947881,0.004293382770863789,-0.10449616611877621
8736,0.0029267831841058396,-0.027023369555450778,0.0029143988702260296,-0.040319131571057994,0.0002583039663608922,-0.050049396718045924
3252,0.0033007708590508844,-0.09748585197348994,0.0040242124522778915,-0.030169887841572894,-0.00012730396395003427,0.02596558436077615
8335,-0.0019900245246551114,-0.1574840303904716,0.0009400877476817886,0.05928636567652943,-0.0028107111896305817,0.02894500428470648
2491,0.005635656330232627,0.030680418542671912,-0.0014785834025232898,-0.05692592847861832,0.001690529073315835,-0.07288735309885781
5806,-0.0004112526900936543,0.00040585712002792524,0.0015002824633342585,-0.04749441309223679,0.0020310892919124185,-0.06627222052547684
8962,-0.004943036832972123,0.1464615921770684,0.00776319427674343,0.14652351810405392,0.0009691079654787954,-0.11861569248959442
7741,0.0007095523334866633,-0.05049069272954141,-0.0006355524967830847,-0.034011216815986914,0.0016827210231505718,-0.035871285616576744
492,0.003982343929868878,0.29410174349451873,-0.0020798701797484316,-0.06951512865654215,-0.001673095772703365,-0.10317883167408236
8000,-0.0009617093930808636,-0.05571976752612986,-0.000965926170605224,-0.02905609442722873,0.0021138635027947695,-0.032682113599630955
2322,-6.727682833574286e-05,-0.0557891890046858,-0.0012074355386497068,-0.029502342434951995,-0.00038178894917832685,-0.03174203443621057
151,0.0015384386613413582,-0.14833350261565897,3.93692103542271e-05,0.08745181105313171,-0.0024690643336473714,0.035865434216325216
7364,4.3154521513370094e-05,-0.0772534157384599,-0.0006113954848874298,0.0001313974402490626,-8.576359344367875e-05,-0.035024976758180594
5437,-0.0033875733182666032,0.030641037561473527,-0.003067538879988632,0.10213939227398738,0.0025269883900539427,-0.11763034518823622
7095,-0.019983226628726827,0.3412459523582232,0.010729499059650512,0.06952499328893934,-0.0320182181100539,-0.08152075055366935
4435,-0.001629894627030905,-0.003234789356690569,-0.002390728021935754,-0.0448435331008573,-0.0009872949622688222,-0.05992496504338584
7938,0.009852051402535497,0.21142616068811906,0.01252300065549797,-0.08105141461041246,-0.0035923803677823728,0.08658155824012374
8508,0.002593550093209594,0.020599514236882544,-0.005789250723988088,-0.06916795820908411,0.0031787209539000582,0.04917015473076163
9381,-0.00020483695575604558,-0.09849371387399321,0.0047607058194914205,-0.0391720978381328,0.0009150478070855559,0.02805140321221307
9596,-0.000994631091917665,-0.0543217119370749,5.42952044967787e-05,-0.031881259024023424,0.0017757448948318945,-0.0328549105445959
7004,0.006683782069729928,0.0371619341065118,0.00851092760353239,0.20154751961677939,-0.006562073551767023,0.12449800744886781
1679,-0.00013640130886837033,-0.10536158031719432,-0.0025507348246395687,0.04254184208352824,-0.001529748151237316,-0.04309921839378118
8993,0.0009884894652886307,-0.04648941219808652,-0.0014061188496229781,-0.030798480952797334,-0.001328541941298276,-0.038592573535327274
313,0.005043628610258369,-0.04358707272948115,-0.003098535895339567,-0.10746172534574745,0.003959009586976534,0.16198235468741476
1828,0.0019325093440024713,0.10289511023769457,-0.005201886888076171,-0.14141349361466585,0.003695556915265766,0.2303886962274181
1785,0.01358392230494638,0.3149790637293814,0.00176867969733124,-0.07173606783421826,0.01718997280461802,-0.08989043493283913
4762,-0.002321701221256842,0.11324286234305277,0.002097455010569639,0.08246607159492322,-7.915435946527397e-05,-0.12682433283201136
1773,0.001627719608954123,0.13478884949986208,0.014319032307290716,0.14309578674270013,0.007334816869588225,-0.11845917894361285
2693,-0.0020164142343338603,-0.05942542923884583,0.0013243172628006272,-0.025568839188604742,1.8988649222956972e-05,-0.03180857956473132
9800,-0.00046758486595680144,-0.052962127430266355,-0.001786467477979587,-0.02905519932855478,8.389110842723282e-05,-0.03370673395512226
3376,0.00786792170855853,0.24899505866076707,0.0008515483106279525,0.19360594390471297,0.006205129815860676,0.14701125343391835
6656,-0.0016611859808410433,-0.014015805643639651,0.0013809500931683837,-0.03960975165798511,0.00022715226841416304,-0.05895743225841205
6228,0.0005999496196123717,-0.0023961196969912043,-0.0009046959610020858,-0.04928578012475348,-0.0002654245331608253,-0.060812115922004424
1326,0.002889597995063185,-0.03860277736599045,-0.0012504302618812225,-0.02036152861478953,0.00041234355451521783,-0.05317308180715551
179,0.0019970371376813456,-0.13724070071302838,-0.0034470865613038765,-0.05295075084831808,0.000650949679389407,0.09949819235873783
4910,0.000192611724853364,-0.08189094498595154,0.0017107373934888948,0.027150365128273644,-0.0011669003740255885,-0.05445679079565822
9659,0.024507239341582852,0.35109951973448633,0.006526600352954502,0.0014831747558262938,-0.009147924643168059,-0.08473141824843716
4718,0.0005473056607102155,-0.015227025140440695,0.004720839475782446,-0.04450905271556266,0.002124851982209697,-0.053763257996985385
9541,0.0033771324041563626,0.08197022225775681,-0.0019728324008223717,0.0022767520735511872,0.004715745340511494,-0.11198292691275437
6297,-0.0006756337543752978,-0.0023405152366313808,-0.0005482349699111939,-0.04922066792976653,0.001790945505820499,-0.06012251450202357
2165,0.000361946157133791,-0.059768063436353554,0.0009336056458332521,-0.025068574983851934,0.0008605725089571205,-0.0341021854561433
8550,-0.0050177679004452195,-0.12092184834421069,-0.0027255104664976894,-0.004306669173654986,-0.001522161816555021,0.0264230764924834
73,0.0003501423318230885,-0.058373386649463295,0.0024811013453433562,-0.03150536476561173,0.0027663469678518198,-0.031207213989651202
5299,-0.00016981643529037304,-0.14151015116355886,-0.000822750094929265,0.06280455146678553,-0.0011740997223137041,0.030203044540387417
564,0.006904008928562992,-0.13972564708131188,-0.002752557433559674,0.025892802913397142,-0.0011703828116038908,0.03480121690814976
1407,0.002897589964577627,-0.0967270690127859,0.0011172933024059147,-0.033264695044596865,-0.0017366614373274887,0.02450605372947321
8695,-0.0009184279605299748,-0.034320567944834415,0.0004616686141095481,-0.030783447529959006,-0.0004061643187639883,-0.04759649347230661
4444,0.003938663890007365,-0.055364089649122684,-0.007124006565040442,0.038662902095943405,-0.0017286027147659052,0.05485110700212019
8644,0.0017289021409971491,-0.013367921030028807,-0.0007646030154484514,-0.1340422677848959,0.009236921863516568,0.17748353993059046
8963,0.006426608145308323,-0.1671538302674851,0.003304003500699906,0.06034312923107609,0.004859221265840435,0.03980274937268266
2549,-0.002819145488982002,0.053644177668166315,0.007593728500971694,0.18402007200489623,0.001012707210095445,0.10896695788240818
7632,0.0015964833980143807,-0.035526973635109545,-0.006700785217495406,0.09102084455882427,-0.002106675688005167,-0.10336005748375139
7011,-0.0012509160793303874,0.3320037735185602,-0.03354881019159195,-0.04694804277944891,0.007454215397005987,0.18967800431867457
4525,-0.0014234303442647507,-0.05596841668078231,0.0006400210463557435,-0.028138498235532154,0.0001736723311860275,-0.03324602541602304
5699,-0.005989159543808431,0.059384258800141386,-0.005292885459661055,-0.04767039061212475,-0.0031277631373428086,-0.09163983799109186
9229,-0.00041260628833392833,-0.052590006771115534,-0.0013632215315843813,-0.03249091441158373,-0.00072321347899246,-0.03147779292889599
2102,0.006196580507084368,0.37503139349260534,0.019637255643239464,0.13311417099973583,-0.029837390869045636,0.08927032916107074
5372,0.00045407860917996045,-0.05140359406928578,-0.001243692434194424,-0.032641049349543774,-0.0006992135810280852,-0.032878317311354155
7202,0.007574041275870536,0.24746853669142035,0.01100812687591539,0.1863543622561877,0.0032064055076872783,0.13169962377113767
6073,7.751232261820957e-05,-0.05034519696457182,0.0009228257637677554,-0.033065070223738835,0.0001481857800199715,-0.0359586809775002
5512,0.00017945662232097758,-0.006859478101506866,-0.0026782941602796003,-0.03754488190912977,0.0013757947410266119,-0.06724621182728463
3003,-0.0015105474650372486,-0.1753565055092014,-0.0006164444916560322,0.09087424701220068,0.009464396569149146,0.04939303756034509
2931,0.00047003582846994076,-0.03039888726924697,-0.00553306396090527,-0.08842743691485591,0.0020326824010467367,0.02873233381216375
3315,0.0031008024237411994,0.04824921278539367,-0.00019083586182823406,-0.10822903407544288,-0.0035627342973100972,0.05205323525885459
1957,-0.00035719730548348,-0.02767462883348509,-0.0019791785247468027,-0.08328099491494671,-0.001553656243487404,0.03126143111213752
5456,-0.007077871993961873,-0.05052333404338787,0.0008724915343624017,0.03797158940956973,-0.0032423570656003116,-0.07676784705051229
9951,-0.0013622484646696731,-0.019930760789874803,-0.0017543726203353412,-0.04488919473250543,-0.0002450834522447814,-0.04719019405099498
5821,0.015593612216084149,0.381098460023916,0.0075488989520943305,0.11776532955142348,0.0005103445603935146,0.12112894149128904
6281,0.00029273436640312,-0.057960719127717664,0.00078953058108782,-0.029058866463648716,-0.00036545822467114837,-0.031336592521641685
3040,-0.03412062839915704,-0.017016355267127636,-0.006146436537746845,0.15248371224254653,0.004529726925884567,0.28357505297427393
7487,-0.0016004035381600534,0.12172566579430019,-0.0022062338612539555,0.018630070783423085,-0.008600457908221315,-0.12067795612789979
2077,-0.00388623413992111,-0.07307795557782358,0.0023393729389617093,0.06929828075097698,-0.0019334113084843695,-0.08396886803125819
4633,0.0021096274374446007,-0.05606254177730718,0.0002542318134711874,-0.0025672160718947547,-0.003055013653332067,-0.05188689309798812
2695,-0.0007045408460003898,-0.11499611347603607,-0.005280231554397065,-0.07597578232184135,0.0017528394508743,0.13801860608790598
4102,-0.0004827182648240969,-0.12446023991222213,-0.0012365891634933178,-0.0015055705417706868,-0.0007122799533594489,0.029222239107361866
3120,2.050487835052634e-05,0.07410073969746649,-0.00026784497552470013,-0.0762173551818934,-0.00025278261756735544,-0.07686416637773984
7767,-0.000979833222217644,-0.05580154433010365,0.0015856385946306493,-0.024902289380429345,0.0006005693030902045,-0.036962059068058196
241,0.00031068905277818276,-0.04598880128943874,-0.000672085257385456,-0.03400413671396919,-0.0001064219494715532,-0.03555246566986566
4767,-0.005240636644625199,0.1003294082249832,0.011245464708645805,0.13111826082559805,-0.011124266518585882,0.3071766611107323
1782,-0.0006507272475067354,-0.05521847405880986,0.0005729641041557917,-0.027734637525514992,-0.0003918651338954134,-0.034728105880180195
1157,0.0014805475087297639,-0.14596548762977837,-0.00607084040931316,0.024040281154696024,0.0004527765782423564,0.0331965026781532
6749,0.0020694075168846008,-0.05781216361966779,-0.0009765426074437748,-0.0300017133311866,0.0016445867652457456,-0.03361085655527986
4652,0.001098133890463365,-0.03629338522321424,-0.0011666218467752195,0.03144626226045799,0.004154388369088013,-0.0905069469068233
8323,0.0026930163252076853,-0.007219434274301936,-0.005618842103006128,0.06756547767057115,0.001859153415782951,-0.11068715565621083
4051,-0.0018343459241299419,-0.02645549698638327,0.0019790355233447595,-0.04608026013246733,0.0037882262638058994,-0.044760591142458395
6278,-0.000714219178970887,-0.014581167967451536,-0.00042732944784013623,0.06186621933690672,-0.0019719395553233297,-0.1084378475764288
3778,-0.0011346531812764305,-0.05685553123855123,0.007033314875491365,-0.0327274026697458,0.002646845570574458,-0.03241927762469286
2421,0.0010305097831689145,-0.08345871564021295,-0.000298314167687755,-0.04730772415156145,-0.003331198643568676,0.021644945972910667
3650,-0.0006436926006602971,-0.06177463158480189,0.0006776005433323422,-0.024172586196027513,0.0018652703157879323,-0.03259251408924678
9997,-0.00731661521994617,0.037730948715073855,-0.0010357078710900081,0.02945790922129157,-0.0011606217511359559,-0.11474794551198965
8713,-0.010216521946325094,0.2430727957035268,-0.011384468475187648,-0.13534608334121978,0.002719382411006157,-0.09397444350024485
7516,0.009542869356765953,0.26056063214400127,0.0076910958527834535,0.1547473269318236,0.005775809461902527,0.15072750362874393
5381,0.0021938077300808754,-0.03206474794771563,0.001892839913115604,0.03578467673113955,-0.0010590143916668943,-0.09640258412512483
7956,-0.0008757210415666162,-0.13022861590242193,-0.0015818138497656964,-0.05986823031717266,-0.004162069323392868,0.09964313702097093
9949,0.008942687602893767,-0.013482212553143094,-0.000984617169449826,-0.05041289801746123,-0.0030057722220788565,0.04257196524521554
3821,0.0017160433671338266,-0.06077504234861828,-0.0025999245775024378,-0.06611330992926087,0.003133223495938505,0.0263264205227272
5664,-0.00021497516564905617,-0.06682436282307598,-0.0008850998076192959,0.17773905664469272,0.017289212211914994,0.26545002713803095
1901,-0.01323838181347359,0.10231034795450553,-0.016873343898535054,0.07849502400083766,0.000872635776251609,0.10155049446589065
102,0.02254942311300857,0.3898594457209443,0.006445019972462303,-0.061287951566694844,0.00044937971541617446,0.11091953424359195
4970,-7.750723771320317e-05,-0.08883211807181807,-0.0005446886983543254,-0.04593496811482243,0.0038849839004553716,0.023179310421123436
4696,0.0005122847654930492,-0.05832870074900296,-0.00041842410077462555,-0.020679100594037277,-5.402533977086406e-05,-0.03809865927513752
2432,-0.0011993891901822358,-0.0831777020190065,0.0008034350631780298,-0.04798311006354913,0.00276970177693142,0.023361892199312166
1005,-0.0018822625606777273,-0.1556347411375735,-0.004752875872001056,-0.020952189437624596,-0.007270028498688833,0.11026350097827423
6844,0.00363445941021003,-0.010841360671918866,-0.006731362030758061,-0.09265615303759464,-0.010911836257800588,0.1844438216106691
7734,0.0010852371194454923,-0.15637408296892033,0.003738742822147742,0.06011618243522926,-0.0027375977813489114,0.03410867178174801
6479,-0.0044399262801611775,0.2957556273495499,0.008765769917817445,-0.05403348901326162,0.0035080693405852444,0.13950348099345025
4309,-0.00470150568729912,0.008230535086029693,-0.0032542481388593,-0.05680846911652955,-0.002761387688267616,0.046105225721969706
2588,0.0002660121792471592,-0.030895952393836065,0.0024647028471798966,-0.03694657220369058,0.0017629973234021528,-0.04264584453557738
7245,0.00218623209119522,-0.05407145263860799,0.0013674946986680775,-0.021500770702332098,1.5027118569082375e-05,-0.042656247830721125
2397,0.00020162768183859737,-0.0547881542265362,-0.0005441125060622452,-0.03167711742740956,-0.00047307669350818584,-0.031282242489724936
1344,0.0027122976148381685,-0.05676263289106922,-0.0008223770455941826,-0.031246325002365714,4.538166148204739e-05,-0.032236639591906764
1150,0.0008640822527128529,-0.08934011893183658,-0.0019516491711162591,0.018969571296552645,-0.0010637528661262105,-0.043027289267205705
6586,0.0014231150048032116,-0.10620380501686995,-0.002440963217751835,0.04340777256942232,-0.00044177538650963966,-0.04134012303701225
5086,-6.177384773917739e-05,-0.08929963153318993,0.003255126943783046,-0.04130848793433143,-0.0008811460898936216,0.023446638343774206
6143,-0.005559137404577822,-0.06186449501235027,-0.0033275980970389465,0.05150220174658158,0.01364414831300913,0.3875591399112541
5799,-0.005000850752699203,-0.11905222538808377,0.003411232835165045,-0.06945508520434472,0.00017260491014542732,0.1018476152562498
5436,0.0003876148720924633,-0.016141012789797685,-0.002467028673984169,-0.04550944116676992,-0.0007463712099266565,-0.0518745924429565
2258,0.0020995631947649273,-0.0890853411699977,-0.000853675084017346,0.0646339080616015,-0.0015184545955711976,-0.06299720217293253
1469,0.002138286565540523,-0.03487299014996989,0.010016621788701337,0.06860614435070901,-0.004164327868272234,-0.0934703280826345
8609,0.0005307679106978859,-0.16356708264051378,0.004005977752895173,0.04759414023080085,0.0012708906201152545,0.04366217095280213
4979,0.0005345337065420136,-0.013209150694706991,0.0009378676209641224,0.022864820600820145,0.002443391411936864,-0.10442162404837063
1217,0.0016210817570674711,-0.034408744708117035,-0.001843589163203953,-0.022477015608142376,-0.00016756779956190158,-0.05473173218005955
712,0.0032817972070124757,0.015694817905977335,-0.0011649307259837885,0.18246905812089856,0.006910292215397674,0.28912964500600236
8474,4.11066040306955e-05,-0.16611717686909938,-0.0012144565472630747,0.053479968987908896,-0.0033328664068801527,0.03638512813196952
7092,-0.004379654038829422,-0.049902072461619304,-0.0003617725404944694,-0.026299068050196897,-0.0024925934866382392,0.036601264056211016
3850,-0.0021665153861610592,-0.1128103211496719,0.001504413582088034,0.055243916664840555,-0.0014023353171179872,-0.04591964080566409
6370,-0.0012189463053714883,-0.02506256177302364,-0.004286282550891351,-0.06256941474801991,-0.002443367095317093,0.036016258736254095
5359,0.0012172483456005401,-0.04728955531540222,-0.0036447861311867803,0.023980240494812136,-0.001771057271084188,-0.07318806630605894
6542,0.011344065150335779,0.3573413372814308,-0.03898844146068687,0.12359082276136817,0.0030198667308732816,0.05311753291089416
4087,-7.493899146529508e-05,-0.149466316993392,-0.001561776115554473,0.05866266451661664,-0.003303398672072117,0.026997506685284414
7157,-0.001990535404713693,-0.047536302436431505,-0.0004201899265867605,-0.03313819218488113,-0.0006784469505963337,-0.034727398417306786
6076,0.01694804758201413,0.3883380651662073,-0.024132588673006872,0.07634488682944483,-0.0376388535918812,0.11669872098071311
4733,-0.01025999932890787,0.15747919711167596,0.0016975307957868226,-0.10842031786136312,0.0022129792425809518,-0.09896026133769241
871,-0.0021521696305760395,-0.07259683374333217,0.0001568441775759095,0.050352713907434336,-0.0005485343392551274,-0.07132524348396259
8563,0.001229553485253909,-0.05258553237996396,0.002436362528828061,-0.031350716663976104,-0.0024458683292942047,-0.03276660298162466
4603,-0.0011139779266415785,-0.05417166715745331,-0.00015181109763633054,-0.03156471643711282,-0.0008210183483873887,-0.03118159985319829
6349,-0.0011266242363456751,-0.023726315253691684,-0.001897479224621743,-0.03218094504708206,-0.00035790280527643007,-0.05486480417308782
5951,0.0020038818281507345,-0.06276871652704329,0.0010177950872404576,-0.01634996072903644,-0.0021250704593164423,-0.0371510944167103
5963,-0.008993391408019085,0.2656400162163447,0.0016116682124566008,-0.10683720138864862,0.0016062888119834492,0.10873580746966963
6364,0.0005003850017912281,0.21721721582559647,-0.011418130241481873,0.17507242359059685,0.00813694027984913,0.11508112432839841
6216,0.0007612590387373061,-0.005083928487046556,-0.0014077477284834936,-0.04719146674432229,-0.0005366421007402992,-0.060190274049315776
356,-0.004350079336835829,-0.008131643752804337,-0.002870410676746053,-0.006561765400247938,-0.0013642189877531446,-0.08513323879392631
8466,-0.0014405985442837866,-0.06162786427649554,-0.00192562875020245,-0.004355418097077993,0.0017884678723080946,-0.04585172059775147
6931,-0.0014467916528154241,-0.06371065571597001,0.0020198462188813137,-0.005063484882399722,0.000926020663687945,-0.044821763564366235
5682,0.01903469263334463,0.41682574162030095,0.014545195999139653,0.09773599475138282,-0.004109509402332379,0.08424771172749775
2830,0.00037489912000794465,-0.08602923027717897,-0.0008620954397316168,-0.04242155349093479,-0.0019020852897050852,0.020780550202364263
4344,0.0049987498592308525,0.19821164308466396,-0.0064099944970626935,0.1231279291462835,0.0026490682488538486,0.2771162708375055
8406,-0.0001719779087259736,0.036571811944956914,-0.011563228726795577,-0.15241297427177644,-0.004133179470973191,0.1844072967907013
3099,0.0014209764158747624,-0.11034888742609825,0.0016292051100271075,0.057391668275749805,-0.0006168283732295208,-0.04530063212843205
